{"layer": "conv2", "index": 3, "weights": [[[-0.043911125510931015, 0.0026881746016442776, 0.034976523369550705], [-0.1637948751449585, 0.1004464402794838, 0.012237118557095528], [-0.04990621283650398, -0.04448630288243294, -0.12818458676338196]], [[-0.02860754355788231, 0.029021628201007843, -0.09755146503448486], [-0.09514555335044861, -0.07049337029457092, 0.0708797499537468], [-0.14056524634361267, 0.06512799113988876, 0.12871479988098145]], [[-0.05911078304052353, 0.04333736002445221, -0.08565566688776016], [-0.09584222733974457, -0.036076102405786514, -0.11085768043994904], [-0.053672607988119125, -0.07056016474962234, -0.06880199909210205]], [[-0.11738158017396927, 0.07989398390054703, 0.13083507120609283], [-0.04137551411986351, -0.02861371636390686, -0.023232100531458855], [-0.020814741030335426, -0.21469737589359283, -0.17846566438674927]], [[-0.1135583445429802, -0.07128390669822693, 0.15172983705997467], [-0.007004215847700834, 0.07023868709802628, 0.12056349217891693], [0.08287360519170761, 0.020979776978492737, -0.08407982438802719]], [[-0.1098606139421463, -0.04182004928588867, 0.06144307926297188], [-0.06562130898237228, -0.0004885249072685838, 0.017082426697015762], [-0.0241170022636652, -0.19140374660491943, -0.09394480288028717]], [[-0.04023869335651398, 0.10958231985569, -0.01624111831188202], [-0.10413270443677902, -0.09048175066709518, -0.06456061452627182], [-0.11794845759868622, -0.04900999739766121, 0.1538074016571045]], [[0.07468156516551971, 0.061048440635204315, -0.04529530182480812], [-0.0485646016895771, -0.003515234449878335, 0.08204585313796997], [0.014219763688743114, 0.08213476091623306, 0.06223330646753311]], [[-0.07447193562984467, -0.009521923027932644, 0.04031633213162422], [0.002297403523698449, -0.07742983847856522, -0.1566893309354782], [-0.05718124285340309, -0.2470306158065796, 0.050551287829875946]], [[-0.07792256027460098, -0.007616463582962751, -0.07086775451898575], [-0.038378842175006866, -0.08625373244285583, -0.03926016762852669], [-0.05469769239425659, -0.09633828699588776, -0.02745070494711399]], [[-0.14522337913513184, -0.010897575877606869, 0.02743319422006607], [0.006229370832443237, 0.13591268658638, -0.03421017527580261], [0.046895742416381836, -0.12786294519901276, -0.21525557339191437]], [[0.023277178406715393, 0.11164895445108414, -0.05111626163125038], [-0.06562737375497818, 0.11780907213687897, -0.12224829196929932], [-0.13470955193042755, -0.10113225877285004, 0.06431107223033905]], [[-0.043932121247053146, -0.015833407640457153, 0.12399517744779587], [-0.0012546778889372945, -0.011918092146515846, -0.07782256603240967], [0.0020432097371667624, -0.1614547073841095, -0.008025445975363255]], [[0.03093511424958706, 0.0758044421672821, 0.06698643416166306], [0.05914754793047905, 0.09651829302310944, -0.2089710235595703], [-0.12888246774673462, -0.19583791494369507, 0.100191630423069]], [[-0.05494111403822899, 0.07998491078615189, -0.055371858179569244], [-0.05648880824446678, -0.027279334142804146, -0.13373646140098572], [-0.1318005919456482, -0.029371559619903564, 0.051603421568870544]], [[-0.07083993405103683, -0.05911943316459656, -0.09747301042079926], [0.041068196296691895, -0.09603358060121536, -0.1508786380290985], [-0.1352258324623108, -0.06000039353966713, 0.008405854925513268]], [[-0.000571182114072144, 0.12186320126056671, -0.10681388527154922], [-0.050892505794763565, 0.006899162661284208, -0.0719773918390274], [-0.08451665192842484, 0.07742075622081757, 0.07047306001186371]], [[-0.23339755833148956, 0.12749625742435455, 0.019828980788588524], [0.05855708196759224, 0.24263891577720642, -0.15986354649066925], [-0.01013265736401081, -0.1469302475452423, -0.019712770357728004]], [[-0.22421221435070038, 0.06773608922958374, 0.0847349762916565], [-0.07351560145616531, 0.1278056651353836, -0.00351755996234715], [0.03887774795293808, -0.12019211798906326, -0.19274772703647614]], [[-0.1599167287349701, -0.030246717855334282, 0.13558775186538696], [-0.006727221421897411, -0.04973055049777031, 0.17508922517299652], [-0.05346684902906418, -0.10076888650655746, -0.11221340298652649]], [[-0.05315539985895157, -0.03431667760014534, 0.11987636238336563], [-0.0030351080931723118, -0.009259403683245182, 0.025271739810705185], [-0.041934944689273834, -0.12226168811321259, -0.09669273346662521]], [[-0.10239209979772568, -0.018312470987439156, -0.1111072301864624], [-0.11995821446180344, -0.06764764338731766, 0.04807715490460396], [-0.052787456661462784, 0.12223237007856369, 0.08120321482419968]], [[-0.10120116919279099, -0.03268354386091232, 0.06993716955184937], [0.03243797644972801, 0.02369539812207222, -0.008109568618237972], [0.04868389666080475, -0.06282644718885422, -0.07768489420413971]], [[0.03970269858837128, 0.10428696125745773, -0.0526512935757637], [-0.056513529270887375, -0.03842591494321823, -0.054452016949653625], [-0.1469455361366272, 0.0068402658216655254, 0.11716810613870621]], [[0.0003791930212173611, 0.09537848830223083, 0.03895336017012596], [-0.16379313170909882, -0.08745849132537842, 0.10588469356298447], [-0.01677713356912136, 0.08963830769062042, 0.1087772399187088]], [[0.042614053934812546, -0.09116372466087341, -0.015809357166290283], [-0.004404979292303324, 0.034836821258068085, 0.025266805663704872], [0.011790908873081207, -0.0122795095667243, 0.01821981556713581]], [[0.10980252176523209, 0.1847168207168579, -0.15009541809558868], [0.06094032898545265, 0.18979325890541077, -0.3067606985569], [-0.2801663279533386, -0.17741525173187256, -0.025779439136385918]], [[-0.17822004854679108, 0.012852754443883896, -0.014532371424138546], [-0.11891128867864609, 0.027518989518284798, -0.038202930241823196], [-0.0277562215924263, 0.05435188114643097, -0.06360670179128647]], [[0.06334110349416733, -0.07223400473594666, -0.11887364834547043], [0.0317404568195343, -0.10647868365049362, -0.25496283173561096], [-0.16054870188236237, -0.12461170554161072, -0.06706452369689941]], [[0.02391767129302025, -0.05391431227326393, -0.08513207733631134], [-0.034282807260751724, -0.04559831693768501, -0.05449749529361725], [0.014460135251283646, -0.0008993591764010489, 0.04930035397410393]], [[-0.06161295995116234, 0.11017310619354248, -0.002298991894349456], [-0.03938887640833855, 0.1121443435549736, -0.1614610254764557], [-0.03558417037129402, -0.18548226356506348, -0.06796565651893616]], [[-0.0762491226196289, 0.08152344822883606, -0.022383324801921844], [0.059830889105796814, 0.06923054903745651, -0.16564248502254486], [0.04981208220124245, -0.10690651088953018, -0.10288417339324951]]], "bias": -0.02551446668803692}