{"layer": "conv2", "index": 4, "weights": [[[0.03198820725083351, -0.11653810739517212, -0.09425661712884903], [-0.02736014313995838, -0.04714522883296013, -0.057984597980976105], [0.039689939469099045, -0.06269039958715439, 0.047103382647037506]], [[0.020537635311484337, -0.05365423858165741, -0.059314414858818054], [-0.0843227431178093, -0.08915379643440247, -0.2858297824859619], [-0.14631354808807373, -0.1695518046617508, -0.1636045277118683]], [[-0.022421397268772125, 0.043310314416885376, -0.0011762123322114348], [-0.020430373027920723, 0.00767131894826889, -0.08999791741371155], [0.049092087894678116, 0.05664711073040962, -0.041833922266960144]], [[-0.04242204502224922, 0.005180250387638807, 0.015318079851567745], [0.044563114643096924, 0.036173321306705475, -0.00656531099230051], [0.0752999410033226, 0.006349186412990093, 0.09299922734498978]], [[-0.2086787223815918, -0.19016677141189575, -0.06240962818264961], [-0.084801584482193, -0.15778253972530365, 0.06552590429782867], [0.02060631476342678, -0.050691910088062286, 0.10443805158138275]], [[-0.035364579409360886, -0.070160411298275, 0.07822111248970032], [0.010615323670208454, -0.04567549750208855, 0.06718483567237854], [-0.011782505549490452, 0.040246620774269104, 0.09606818109750748]], [[0.08687613904476166, -0.003885294310748577, 0.013370905071496964], [-0.05001610517501831, 0.0028730405028909445, -0.05516874045133591], [-0.09285037964582443, -0.11270389705896378, -0.18198001384735107]], [[-0.09345784783363342, -0.11951791495084763, -0.07007094472646713], [-0.03616680949926376, -0.11094661802053452, -0.07467849552631378], [-0.06861872971057892, -0.07144229114055634, -0.06240227073431015]], [[-0.013044296763837337, -0.01276844460517168, 0.09868564456701279], [0.05802203342318535, 0.052395205944776535, -0.003659501438960433], [0.004944402724504471, -0.011568175628781319, -0.02494182623922825]], [[0.06384216994047165, 0.05742441117763519, 0.03912225365638733], [0.04751498997211456, -0.0372995100915432, -0.007114937994629145], [-0.04665473476052284, 0.005990169942378998, -0.08126068115234375]], [[0.07462675869464874, -0.09547802805900574, -0.2280910462141037], [-0.09831242263317108, -0.13770796358585358, -0.13493192195892334], [0.10350252687931061, -0.0059332046657800674, -0.009243983775377274]], [[0.02313549816608429, 0.0005393016617745161, 0.05289188399910927], [0.0563858337700367, 0.07829352468252182, 0.01783064939081669], [0.04437721148133278, 0.002518575871363282, -0.06797893345355988]], [[0.015926549211144447, -0.028017008677124977, 0.009997292421758175], [0.058639559894800186, -0.012571781873703003, 0.0162846427410841], [0.05745037645101547, 0.05184558406472206, 0.07874341309070587]], [[0.040688592940568924, -0.014857383444905281, 0.08155737072229385], [0.005561757367104292, 0.06863262504339218, -0.02881762571632862], [-0.04663436859846115, 0.0580163300037384, -0.021591486409306526]], [[0.07457625865936279, 0.058017000555992126, -0.006061866879463196], [0.0711190477013588, 0.07396622747182846, 0.05221579596400261], [0.024899020791053772, 0.11892561614513397, -0.028782499954104424]], [[0.09583404660224915, -0.004239765461534262, 0.061989475041627884], [-0.001955092651769519, -0.048937149345874786, -0.04481863975524902], [-0.12671568989753723, -0.01075095683336258, -0.06092650443315506]], [[0.0040823062881827354, -0.14345216751098633, -0.04906446486711502], [-0.01773964799940586, -0.08934464305639267, -0.07255126535892487], [-0.01915539614856243, -0.09729164838790894, -0.1044836938381195]], [[-0.026927534490823746, -0.20232704281806946, -0.15490053594112396], [-0.12563703954219818, -0.060894377529621124, 0.0046601854264736176], [0.0827685296535492, -0.004379977472126484, -0.011985454708337784]], [[-0.11514005064964294, -0.2038770169019699, -0.16069436073303223], [-0.16656386852264404, -0.05102257430553436, 0.013533302582800388], [0.13211369514465332, 0.06766524165868759, 0.03222810849547386]], [[-0.04402019828557968, -0.1901414543390274, -0.12525545060634613], [-0.2383011430501938, -0.2294580638408661, -0.07403919845819473], [-0.21107074618339539, -0.12147577106952667, 0.12128634005784988]], [[-0.053234294056892395, 0.03480806201696396, -0.016059065237641335], [0.04795653373003006, 0.05307411774992943, 0.024525240063667297], [-0.0026811121497303247, -0.0002555666142143309, 0.0721915140748024]], [[0.0074548241682350636, 0.012037704698741436, -0.008156747557222843], [-0.03629842400550842, -0.20261818170547485, -0.17172598838806152], [-0.14411549270153046, -0.09290426224470139, -0.16228248178958893]], [[0.07752913981676102, -0.014534462243318558, 0.06370250880718231], [-0.0016454788856208324, -0.04246598854660988, -0.030760768800973892], [0.022529149428009987, -0.023014215752482414, 0.08349672704935074]], [[0.020247168838977814, -0.04103915020823479, 0.052350323647260666], [-0.03130371496081352, 0.007272974122315645, 0.009026146493852139], [0.032348424196243286, 0.06267689913511276, -0.10406047850847244]], [[-0.03211164101958275, -0.015886155888438225, -0.16058377921581268], [-0.09039019048213959, -0.21937036514282227, -0.31346237659454346], [0.018863968551158905, -0.019751323387026787, -0.09186006337404251]], [[-0.060691725462675095, -0.10247602313756943, -0.11366263777017593], [-0.09009047597646713, -0.08630441874265671, -0.05913173407316208], [-0.11242695152759552, -0.08624277263879776, -0.056319769471883774]], [[0.007008225191384554, -0.07215974479913712, -0.050471119582653046], [-0.004801042377948761, -0.09174995869398117, -0.14895053207874298], [0.05890824645757675, -0.055598944425582886, -0.08797620236873627]], [[-0.033735379576683044, 0.010472503490746021, -0.006452156230807304], [-0.0924358144402504, -0.11098957061767578, -0.13966795802116394], [0.07026674598455429, 0.03806503489613533, -0.038836605846881866]], [[-0.02459564246237278, -0.07556694746017456, -0.09366550296545029], [-0.08122427016496658, -0.1919502466917038, -0.11658138781785965], [-0.12360364198684692, -0.15941350162029266, -0.021805930882692337]], [[-0.03214598447084427, -0.09289038181304932, -0.06118207424879074], [-0.017556408420205116, -0.021460730582475662, -0.04579237103462219], [-0.04202302545309067, -0.009406141936779022, -0.08524568378925323]], [[0.026142509654164314, 0.02063082717359066, -0.057795606553554535], [0.04332956671714783, -0.0008494717767462134, -0.020771948620676994], [0.10553338378667831, 0.017030218616127968, -0.04452423006296158]], [[-0.10119789838790894, -0.175134539604187, -0.12724140286445618], [-0.0293399840593338, -0.13576801121234894, 0.0009002555743791163], [0.1505279839038849, 0.003322310047224164, 0.04623855650424957]]], "bias": 0.026857009157538414}