{"layer": "conv2", "index": 35, "weights": [[[-0.05285698547959328, -0.027524925768375397, -0.033932749181985855], [-0.01148815918713808, 0.04583819955587387, 0.00477579003199935], [0.006745719816535711, 0.0124029740691185, 0.009494456462562084]], [[-0.004077606368809938, -0.04897809401154518, 0.028027532622218132], [0.04488781839609146, 0.03667578473687172, 0.005258193705230951], [-0.021018343046307564, 0.013882054947316647, -0.03439322113990784]], [[0.03767865523695946, 0.0328158475458622, -0.05083199590444565], [0.009166042320430279, 0.011297459714114666, -0.0569455586373806], [-0.01152136828750372, 0.03234950080513954, 0.012126356363296509]], [[-0.0010750690707936883, -0.06304682046175003, -0.012446505948901176], [0.044833891093730927, -0.016765117645263672, 0.030050786212086678], [-0.0009348156163468957, -0.038917116820812225, -0.04066314548254013]], [[0.010796193033456802, 0.0060894484631717205, 0.028203170746564865], [-0.045977093279361725, -0.0006373191135935485, -0.06211351975798607], [0.0020348706748336554, 0.014589500613510609, 0.04095503315329552]], [[0.053725678473711014, -0.003624302800744772, -0.025241510942578316], [0.0014363410882651806, 0.03232154995203018, 0.04969220608472824], [-0.020689459517598152, -0.029796885326504707, 0.019654041156172752]], [[0.049869515001773834, -0.03756772726774216, -0.016386907547712326], [-0.04814426600933075, 0.028224602341651917, 0.0330338217318058], [-0.021083489060401917, -0.016008790582418442, 0.001554821035824716]], [[-0.034302789717912674, -0.05661968141794205, -0.03456130623817444], [-0.02792416326701641, -0.020437950268387794, 0.018855787813663483], [-0.05065804347395897, -0.0034281692933291197, -0.04536356404423714]], [[-0.01799139752984047, -0.023045815527439117, -0.06273475289344788], [0.047047339379787445, -0.00692359171807766, 0.005650916136801243], [-0.008656354621052742, 0.03456396609544754, -0.008996685035526752]], [[0.006481187883764505, -0.05589623376727104, 0.03264562040567398], [-0.06499765813350677, -0.04978926107287407, 0.013906839303672314], [0.029733601957559586, 0.016692308709025383, 0.008020050823688507]], [[0.03978096321225166, -0.024859769269824028, -0.04123450070619583], [0.0013521078508347273, -0.03942770138382912, -0.0006473028333857656], [0.035044703632593155, -0.046974822878837585, -0.00438739312812686]], [[-0.03747576102614403, -0.013432706706225872, -0.04778692126274109], [-0.03985539451241493, 0.017320802435278893, -0.05612865835428238], [-0.0014451893512159586, 0.006425022147595882, -0.02889748103916645]], [[-0.050649113953113556, 0.023231808096170425, -0.01770687848329544], [0.04709574580192566, -0.05840547755360603, -0.0601038821041584], [0.039275094866752625, 0.014184745959937572, -0.01296307984739542]], [[0.04620865732431412, -0.050867710262537, -0.024872004985809326], [0.03951709344983101, 0.0019017535960301757, 0.05301852524280548], [-0.06334865093231201, 0.0290337223559618, 0.025855951011180878]], [[-0.0050752414390444756, -0.046894948929548264, -0.04524955525994301], [0.015053298324346542, -0.02181614190340042, -0.024254880845546722], [-0.05218539014458656, -0.046183548867702484, 0.006614478304982185]], [[-0.026502199470996857, 0.0037128678523004055, 0.018076607957482338], [0.02212960459291935, -0.02212667651474476, -0.014658686704933643], [0.043977320194244385, -0.059261225163936615, -0.013133944012224674]], [[-0.010870846919715405, 0.005027703009545803, 0.025160513818264008], [-0.044059764593839645, -0.062412332743406296, -0.04906483739614487], [-0.029614556580781937, -0.03673139214515686, -0.0655955895781517]], [[-0.04979876056313515, -0.011334352195262909, 0.04637906327843666], [-0.023687226697802544, -0.01952206715941429, -0.0027292841114103794], [-0.020935382694005966, -0.05527234077453613, -0.022832529619336128]], [[-0.03663759306073189, -0.017705043777823448, 0.026101039722561836], [-0.026868408545851707, 0.006150399334728718, -0.05736497417092323], [-0.020400920882821083, 0.0004416637239046395, -0.0232736486941576]], [[-0.060635242611169815, -0.03688224405050278, 0.04970862343907356], [-0.018960431218147278, -0.023088796064257622, -0.024126891046762466], [-0.022418443113565445, -0.0013986846897751093, -0.04654926806688309]], [[-0.05561043322086334, -0.03922313079237938, -0.02540825679898262], [-0.039085470139980316, 0.03079833835363388, -0.04359694570302963], [0.033353518694639206, 0.026564935222268105, -0.013958824798464775]], [[-0.027777815237641335, 0.00463336706161499, 0.05190485343337059], [-0.056314617395401, 0.02700035087764263, -0.0007052086293697357], [-0.03218675032258034, 0.001593342050909996, -0.06323200464248657]], [[-0.0014907597796991467, -0.052160974591970444, -0.05057888478040695], [-0.04501130431890488, -0.058606527745723724, 0.03388255089521408], [0.03858570009469986, 0.0028945491649210453, 0.008353499695658684]], [[-0.05200788378715515, 0.02134142443537712, -0.03738443925976753], [0.016025565564632416, 0.049769189208745956, -0.05083069950342178], [0.04355122894048691, -0.04884243384003639, -0.04494330286979675]], [[-0.04824121296405792, -0.01844501867890358, -0.04452895373106003], [-0.0013158180518075824, 0.049911316484212875, -0.04746270179748535], [-0.02684984728693962, -0.01209444273263216, -0.03863989934325218]], [[-0.021161705255508423, -0.035835180431604385, -0.02366112545132637], [-0.0593084953725338, -0.06368940323591232, 0.03370169550180435], [0.010610906407237053, -0.04373094439506531, 0.0038675868418067694]], [[0.04727388545870781, -0.010488906875252724, -0.03437678515911102], [-0.037112608551979065, -0.05823296308517456, -0.033487074077129364], [-0.02628203295171261, 0.024559590965509415, -0.014317474327981472]], [[-0.05955890193581581, 0.011907996609807014, -0.04829542338848114], [-0.04166308417916298, 0.005135198123753071, 0.01162962056696415], [-0.038744743913412094, 0.0260640736669302, 0.02880864590406418]], [[0.032340217381715775, 0.02744113653898239, -0.05000504478812218], [-0.054850686341524124, -0.010096916928887367, -0.03768092766404152], [-0.04286009818315506, -0.02894914522767067, -0.06648876518011093]], [[-0.008637722581624985, 0.022858312353491783, 0.04104519262909889], [0.014158408157527447, 0.040969327092170715, 0.03967878967523575], [-0.018164539709687233, -0.050707072019577026, 0.031693536788225174]], [[0.0030588777735829353, -0.005182136781513691, 0.03716735541820526], [-0.017913294956088066, -0.05401039496064186, -0.03789008781313896], [-0.02835152857005596, -0.02518320269882679, 0.03220285847783089]], [[-0.033139362931251526, -0.024339282885193825, -0.009259731508791447], [-0.022482236847281456, -0.0634632483124733, 0.02953997813165188], [0.018806178122758865, 0.002532916609197855, 0.01021361444145441]]], "bias": -0.036854151636362076}