{"layer": "conv2", "index": 15, "weights": [[[0.029550377279520035, 0.005838709883391857, -0.02859972044825554], [-0.017504289746284485, 0.006750479806214571, 0.020765725523233414], [-0.056418102234601974, 0.041536055505275726, 0.03562431037425995]], [[-0.031023133546113968, 0.061919741332530975, 0.06232956424355507], [0.038220398128032684, 0.11601706594228745, -0.03325943648815155], [0.1385454684495926, 0.04793199524283409, 0.0375274159014225]], [[-0.0678468868136406, 0.05759119242429733, -0.015006755478680134], [-0.01622829958796501, -0.08205115795135498, -0.01648789271712303], [-0.09560918062925339, -0.06790792942047119, -0.08299144357442856]], [[-0.12154430896043777, 0.01259407214820385, -0.033623065799474716], [-0.06139630079269409, -0.061399564146995544, -0.005469803232699633], [0.0531034879386425, -0.0019954165909439325, -0.029335249215364456]], [[-0.017728503793478012, -0.0727410539984703, -0.01909160427749157], [-0.15204133093357086, -0.02158253826200962, 0.2533474862575531], [-0.00721551850438118, 0.14192713797092438, 0.15298880636692047]], [[-0.050244491547346115, -0.1294773668050766, -0.026392320170998573], [-0.08791555464267731, -0.0008481731056235731, 0.05829783156514168], [-0.033183783292770386, 0.026746252551674843, -0.031680453568696976]], [[-0.12305297702550888, 0.010736274532973766, 0.06331106275320053], [-0.004500069189816713, 0.12755024433135986, 0.04425350949168205], [0.05570896342396736, 0.04387451335787773, -0.04905453324317932]], [[-0.04488925635814667, -0.0653981864452362, -0.05822514742612839], [-0.015283852815628052, 0.0301175806671381, -0.09581830352544785], [-0.002149668987840414, -0.1159396544098854, -0.11033912748098373]], [[-0.10549553483724594, -0.04988205060362816, 0.057171568274497986], [-0.05897428095340729, 0.030716422945261, 0.08028022199869156], [0.14229077100753784, 0.028972461819648743, -0.09489496797323227]], [[-0.07421836256980896, 0.025926928967237473, 0.07015205919742584], [0.01840708591043949, -0.014171737246215343, 0.02896178513765335], [0.008873812854290009, -0.012268885038793087, -0.035181205719709396]], [[0.12495619803667068, 0.16106587648391724, -0.10102976113557816], [-0.05877714604139328, -0.19468608498573303, -0.0846143588423729], [-0.0648612231016159, -0.0010532201267778873, -0.15570637583732605]], [[-0.09610305726528168, 0.024505283683538437, -0.020269030705094337], [-0.019968129694461823, -0.0009763345587998629, -0.008402000181376934], [-0.04191603511571884, 0.05651209130883217, -0.11447599530220032]], [[0.005231157876551151, -0.12389539927244186, 0.03372592851519585], [-0.1425246298313141, 0.1172483041882515, 0.06559835374355316], [0.11886569112539291, 0.0036493728403002024, -0.055348001420497894]], [[-0.1338862031698227, -0.02014761231839657, 0.13537269830703735], [0.030419854447245598, 0.06513408571481705, 0.041609495878219604], [0.04793515056371689, 0.008400894701480865, -0.10712354630231857]], [[-0.1337064504623413, -0.01554836705327034, -0.028137559071183205], [0.0016965188551694155, -0.07823417335748672, -0.09574045985937119], [-0.02058042772114277, -0.06334120780229568, -0.15871287882328033]], [[0.030483469367027283, -0.017114659771323204, 0.025433626025915146], [0.09322380274534225, -0.004309435375034809, -0.17911437153816223], [0.0249091275036335, -0.04774579405784607, 0.026782967150211334]], [[-0.0445011705160141, -0.02979591116309166, 0.0002650858659762889], [-0.03902453929185867, -0.024851053953170776, -0.16639263927936554], [-0.054422859102487564, -0.23007871210575104, -0.10271976888179779]], [[0.08030667155981064, 0.009921427816152573, 0.03765666112303734], [-0.14640715718269348, 0.11991603672504425, 0.12095121294260025], [-0.02516704425215721, 0.0542764775454998, -0.18340425193309784]], [[0.028018994256854057, 0.026133228093385696, -0.10222633183002472], [-0.10810147225856781, 0.015844235196709633, 0.09931962192058563], [0.030184321105480194, 0.018753372132778168, -0.026039885357022285]], [[0.06852536648511887, -0.08055925369262695, -0.08320654928684235], [0.14492946863174438, -0.13372927904129028, 0.0337059386074543], [-0.01798897422850132, 0.07238949835300446, 0.10608254373073578]], [[0.04136811941862106, -0.05509566888213158, 0.020370755344629288], [-0.02260655164718628, -0.08419334888458252, 0.0980481281876564], [0.02028719335794449, -0.030067864805459976, -0.011812455020844936]], [[0.016463778913021088, 0.015289856120944023, 0.03215812146663666], [0.10271057486534119, 0.10797233134508133, -0.14288590848445892], [0.12337437272071838, -0.14247731864452362, 0.059593260288238525]], [[0.002531002974137664, -0.03435748443007469, 0.000775231106672436], [0.006493896711617708, -0.04243580996990204, 0.02823711186647415], [0.025948550552129745, 0.06817711889743805, -0.009232993237674236]], [[-0.1493789404630661, -0.005427845288068056, 0.13980929553508759], [0.021078605204820633, 0.08929958939552307, -0.06513629108667374], [0.061007559299468994, -0.08563947677612305, -0.055519040673971176]], [[-0.07319622486829758, 0.05260811746120453, 0.041646137833595276], [0.010426660068333149, 0.1535576730966568, -0.02156013436615467], [0.0419066846370697, 0.034741662442684174, 0.05402470752596855]], [[0.003869487438350916, -0.02950780652463436, -0.16770203411579132], [-0.05350148677825928, -0.174186110496521, -0.13553045690059662], [-0.130226731300354, -0.11989539861679077, -0.008975056931376457]], [[-0.005842236801981926, 0.0034201417583972216, 0.08676879853010178], [-0.04665786027908325, -0.007169837132096291, -0.14050914347171783], [-0.0347706638276577, -0.15116499364376068, -0.11815788596868515]], [[-0.0131422970443964, 0.12101435661315918, 0.07037550956010818], [0.07784907519817352, -0.10014015436172485, -0.07806536555290222], [0.006278485059738159, -0.021053316071629524, 0.038333430886268616]], [[0.1420706808567047, -0.09686916321516037, -0.10095728188753128], [0.043906498700380325, -0.04065738618373871, -0.21041831374168396], [0.02864745259284973, -0.07153834402561188, 0.06248088181018829]], [[0.004568237345665693, -0.057423125952482224, -0.1391657292842865], [-0.09710337966680527, -0.038708217442035675, -0.10937520116567612], [-0.13788659870624542, -0.12788718938827515, -0.0648960992693901]], [[-0.06813763827085495, 0.08220375329256058, 0.08840739727020264], [0.00721743144094944, 0.08085209131240845, -0.0946405753493309], [-0.08977794647216797, -0.0639641135931015, -0.15578897297382355]], [[0.0035487771965563297, -0.006632395554333925, -0.15718822181224823], [-0.09842321276664734, -0.12865903973579407, -0.0018826936138793826], [-0.05936748534440994, -0.08770056068897247, -0.05135684832930565]]], "bias": -0.001380212721414864}