{"layer": "conv2", "index": 45, "weights": [[[-0.06906765699386597, -0.14071671664714813, -0.016502777114510536], [-0.039489805698394775, -0.08352194726467133, -0.00021538478904403746], [-0.059639934450387955, 0.019088245928287506, 0.06055696681141853]], [[-0.0515977218747139, 0.0831623300909996, 0.13645227253437042], [0.014224805869162083, 0.11308229714632034, 0.031411074101924896], [0.10055322200059891, -0.1534712165594101, 0.07794149965047836]], [[-0.08486593514680862, 0.010832165367901325, -0.051533255726099014], [0.003462917637079954, -0.05673065036535263, 0.0697307139635086], [-0.010909453965723515, 0.005330493673682213, -0.02655734494328499]], [[-0.2114829272031784, -0.17045249044895172, -0.05884668603539467], [-0.24377965927124023, 0.0026061993557959795, 0.033435653895139694], [0.047042474150657654, 0.08705288916826248, -0.014846614561975002]], [[-0.029932592064142227, 0.02886749617755413, -0.009856386110186577], [-0.07496391981840134, 0.006376354955136776, 0.21954229474067688], [-0.09099927544593811, 0.02964070439338684, -0.024515731260180473]], [[-0.222918301820755, -0.21398769319057465, -0.035245247185230255], [-0.19961698353290558, 0.015284119173884392, 0.08605964481830597], [-0.006961825769394636, 0.041525471955537796, 0.01902731880545616]], [[-0.05242730304598808, 0.08245345205068588, 0.08268791437149048], [-0.014574379660189152, 0.04913411661982536, -0.0357719287276268], [0.03686799108982086, -0.11690834164619446, -0.11537313461303711]], [[-0.03489919751882553, 0.007128572091460228, 0.05052053928375244], [0.06230847164988518, 0.019961684942245483, -0.12850244343280792], [-0.012706737965345383, -0.1422053873538971, -0.14788702130317688]], [[-0.10279608517885208, -0.036357488483190536, 0.06744827330112457], [-0.06707064062356949, 0.018132895231246948, 0.009538881480693817], [0.024387750774621964, -0.06149223819375038, -0.0863695740699768]], [[-0.07284265756607056, 0.0394243523478508, 0.03487072139978409], [0.006805885583162308, 0.007038353942334652, 0.015182730741798878], [-0.06712538748979568, 0.020935626700520515, -0.042751654982566833]], [[-0.03773661330342293, -0.13013361394405365, -0.1373235285282135], [-0.11041608452796936, -0.021725019440054893, 0.10839342325925827], [-0.0409369133412838, -0.05603528395295143, -0.07077484577894211]], [[-0.06029319018125534, -0.11004436761140823, 0.011709393933415413], [0.012770385481417179, -0.012729012407362461, -0.0317920558154583], [-0.01155686005949974, -0.05125224217772484, -0.10060686618089676]], [[-0.09771150350570679, -0.10728663951158524, 0.044372912496328354], [-0.1961079090833664, 0.10680408030748367, 0.07084662467241287], [-0.01050666905939579, 0.025194112211465836, -0.013151643797755241]], [[-0.17220020294189453, 0.007609595078974962, 0.14091336727142334], [-0.0037257063668221235, 0.0649125948548317, -0.05063886195421219], [0.007912087254226208, -0.06485459208488464, -0.0450531430542469]], [[-0.11429005116224289, 0.02550532855093479, -0.056574009358882904], [-0.0831122174859047, -0.04722391441464424, -0.06383197754621506], [-0.05249202623963356, 0.052398983389139175, -0.05336679890751839]], [[-0.11212406307458878, -0.06074260547757149, -0.07634634524583817], [-0.1013755351305008, -0.09690607339143753, -0.049603238701820374], [0.014069981873035431, 0.06696754693984985, -0.006669401191174984]], [[-0.01878299191594124, -0.05818639695644379, 0.011892326176166534], [0.019760753959417343, -0.071429044008255, -0.10005147755146027], [0.0605480894446373, -0.08267177641391754, -0.08704568445682526]], [[0.07414760440587997, -0.03596393018960953, 0.22957749664783478], [-0.18514589965343475, 0.11633295565843582, 0.09685921669006348], [-0.03246095031499863, -0.08847063779830933, -0.034521885216236115]], [[-0.00020028039580211043, 0.004789189901202917, 0.08893000334501266], [-0.09436751902103424, 0.11974261701107025, 0.15581676363945007], [-0.138124018907547, -0.02508564107120037, -0.05575361102819443]], [[-0.1376517117023468, -0.045871660113334656, -0.19544929265975952], [-0.17877404391765594, -0.15012992918491364, 0.1852044016122818], [-0.031264517456293106, 0.07904313504695892, 0.11583148688077927]], [[-0.14657403528690338, -0.18498867750167847, -0.06072062999010086], [-0.15713563561439514, 0.018290258944034576, 0.01582927256822586], [-0.00378520879894495, -0.001073982217349112, 0.0009376804227940738]], [[-0.02919190563261509, 0.03262629359960556, 0.049003638327121735], [-0.024741431698203087, 0.018693163990974426, -0.056319162249565125], [0.0012200232595205307, 0.007923665456473827, 0.061521582305431366]], [[-0.04828069359064102, -0.07694558054208755, 0.0009278953657485545], [-0.037669818848371506, -0.04268338903784752, -0.0058465623296797276], [0.030358806252479553, 0.022036932408809662, -0.01865352876484394]], [[-0.1183151826262474, 0.05022839084267616, 0.16204999387264252], [-0.043195053935050964, 0.034096796065568924, -0.06929966062307358], [-0.011110176332294941, -0.09652296453714371, -0.05256563797593117]], [[-0.0011910416651517153, 0.07576420903205872, 0.07570935040712357], [0.038941364735364914, 0.012181324884295464, 0.12971282005310059], [-0.09433425217866898, 0.08286690711975098, -0.027531277388334274]], [[0.05245419964194298, 0.011611318215727806, -0.07816366851329803], [0.05880282074213028, -0.12978187203407288, -0.08372378349304199], [-0.03587716817855835, -0.12708812952041626, -0.08416197448968887]], [[-0.17137639224529266, -0.1047549769282341, 0.0066603017039597034], [-0.07765910029411316, 0.012654435820877552, -0.11872672289609909], [0.07538078725337982, -0.011103826574981213, 0.010699208825826645]], [[-0.045356545597314835, 0.09130563586950302, -0.03113628923892975], [0.026322651654481888, -0.06533275544643402, 0.05383194983005524], [-0.07802018523216248, 0.08321987837553024, -0.007388933561742306]], [[-0.1587388515472412, -0.06023798882961273, -0.11545898020267487], [-0.0697118490934372, -0.07925363630056381, -0.10577347874641418], [0.04362275078892708, -0.048322152346372604, 0.10233701765537262]], [[0.036093588918447495, 0.015376266092061996, 0.00446885172277689], [-0.005711046047508717, -0.10143586248159409, -0.06939414888620377], [-0.10893609374761581, -0.12202639132738113, -0.09710754454135895]], [[-0.09579676389694214, -0.04319075867533684, -0.0565614253282547], [0.04297090321779251, 0.050226714462041855, -0.060961801558732986], [0.04678533598780632, 0.030433068051934242, -0.018253417685627937]], [[-0.03748530149459839, -0.14057095348834991, 0.06410147994756699], [-0.1665428727865219, -0.03306614235043526, 0.07447261363267899], [0.04604639858007431, -0.10737510025501251, -0.046164143830537796]]], "bias": -0.0036979885771870613}