{"layer": "conv2", "index": 24, "weights": [[[-0.021311786025762558, 0.03599328175187111, -0.00928865373134613], [0.020437974482774734, -0.001324137789197266, -0.03372279554605484], [0.011103673838078976, 0.10462101548910141, 0.02151501551270485]], [[0.11294516921043396, 0.12054012715816498, -0.029325662180781364], [-0.031253233551979065, 0.059669673442840576, -0.10381388664245605], [-0.20813612639904022, -0.05571103096008301, 0.058110401034355164]], [[-0.06160871684551239, 0.05863862484693527, 0.015077648684382439], [0.026833344250917435, -0.08567604422569275, -0.07807134836912155], [0.059341881424188614, -0.04812571033835411, -0.09300356358289719]], [[-0.08002453297376633, -0.03446407616138458, -0.04008897393941879], [0.015013515949249268, 0.017655257135629654, -0.016087323427200317], [-0.009430332109332085, 0.05670725181698799, -0.029468830674886703]], [[0.030375145375728607, -0.05970405042171478, -0.0111334677785635], [0.03679471090435982, 0.05827938765287399, 0.09781159460544586], [-0.09960220009088516, 0.07050203531980515, 0.017898142337799072]], [[-0.04731861129403114, 0.02024315483868122, -0.05497816950082779], [0.02117231860756874, -0.04866510257124901, -0.03174637258052826], [-0.1510598510503769, -0.045929525047540665, -0.036960676312446594]], [[-0.05349336937069893, 0.07849013805389404, 0.06283092498779297], [-0.027039973065257072, 0.07219302654266357, -0.080299973487854], [-0.2641142010688782, -0.09376274794340134, -0.01765204779803753]], [[-0.0729912593960762, -0.013762591406702995, 0.033375825732946396], [-0.05495469272136688, -0.030656687915325165, 0.019122108817100525], [-0.06407534331083298, -0.034967582672834396, 0.044524095952510834]], [[0.06441858410835266, -0.021347928792238235, 0.06538783758878708], [-0.035776712000370026, 0.003456448670476675, -0.002701476449146867], [-0.1384253054857254, -0.15036046504974365, -0.036787163466215134]], [[-0.041805218905210495, -0.01283779926598072, 0.0019449256360530853], [0.005038936622440815, 0.08825360238552094, -0.10663167387247086], [-0.10182849317789078, -0.11723184585571289, -0.08183038979768753]], [[0.03420225530862808, 0.03301669657230377, -0.07678794115781784], [0.039206694811582565, -0.015894286334514618, -0.056024160236120224], [0.1498868763446808, 0.13309091329574585, -0.04473353549838066]], [[0.011752498336136341, 0.026997216045856476, 0.06030583009123802], [-0.04678016155958176, 0.04235612601041794, 0.028607619926333427], [-0.09919663518667221, -0.09031105786561966, -0.1457863599061966]], [[0.060979194939136505, 0.02001284807920456, 0.014121752232313156], [-0.04031979665160179, 0.06943044066429138, 0.02261735312640667], [-0.09735686331987381, -0.013075870461761951, -0.12756866216659546]], [[-0.09435471147298813, 0.05537189170718193, 0.020679891109466553], [-0.1294461041688919, -0.012162871658802032, -0.022416386753320694], [-0.2062201201915741, -0.07407475262880325, 0.0016910877311602235]], [[-0.09668927639722824, -0.013749586418271065, -0.06312364339828491], [0.006960584782063961, -0.05620041862130165, -0.011311650276184082], [0.005891566630452871, 0.0008679753518663347, -0.1260169893503189]], [[-0.0007758706342428923, 0.03393714129924774, -0.08556914329528809], [0.06260360032320023, -0.016851283609867096, -0.16238045692443848], [-0.05274906009435654, -0.12300232797861099, -0.08132501691579819]], [[-0.034978218376636505, 0.02837681584060192, 0.00027312838938087225], [-0.08076216280460358, -0.016332514584064484, -0.0816134437918663], [0.03077760897576809, -0.07526502758264542, -0.08309716731309891]], [[-0.02714512310922146, -0.0017144083976745605, -0.000680544413626194], [0.014171621762216091, 0.07154852896928787, 0.03551792725920677], [0.130304217338562, 0.06929104030132294, -0.08719732612371445]], [[-0.05923682823777199, 0.004705262370407581, -0.08293730765581131], [-0.04294295981526375, 0.0015945350751280785, 0.004354237578809261], [0.11930125206708908, 0.14038707315921783, -0.05111831799149513]], [[0.04299161583185196, -0.022038357332348824, -0.06352782249450684], [-0.057399000972509384, -0.04187524691224098, -0.04251326248049736], [-0.1208634227514267, -0.010709690861403942, -0.002176368609070778]], [[0.06216798350214958, 0.01880691386759281, -0.034789059311151505], [0.02610664628446102, -0.002357885940000415, 0.06574811786413193], [-0.040398333221673965, -0.013822498731315136, 0.0003263499238528311]], [[0.0903947576880455, -0.00788821093738079, -0.11315929144620895], [0.08272912353277206, -0.0012817664537578821, -0.1963524967432022], [-0.18419355154037476, -0.05041326954960823, -0.06235543265938759]], [[-0.014973245561122894, 0.013867330737411976, -0.06330574303865433], [-0.003176691010594368, 0.026287317276000977, -0.009603164158761501], [-0.1332997977733612, -0.013359771110117435, -0.1485351026058197]], [[-0.04198461398482323, 0.10391038656234741, 0.06329381465911865], [-0.05583232641220093, -0.019872337579727173, -0.03683263808488846], [-0.17225559055805206, -0.07777829468250275, -0.05997233837842941]], [[0.03386889770627022, 0.007645538542419672, 0.009150664322078228], [-0.008558995090425014, 0.017211023718118668, -0.02577732317149639], [-0.03265611454844475, 0.07610427588224411, 0.031280890107154846]], [[-0.009635829366743565, -0.02815408632159233, 0.03430882841348648], [0.03959080949425697, -0.03874002397060394, 0.04693557322025299], [0.016583239659667015, -0.004906627349555492, 0.018422739580273628]], [[-0.06139890104532242, 0.030897438526153564, -0.10955251753330231], [0.011335472576320171, -0.035959646105766296, -0.07375065982341766], [0.06651782244443893, -0.13260559737682343, -0.11551667749881744]], [[0.052129488438367844, 0.014176342636346817, -0.1654820442199707], [0.020243853330612183, 0.03400301933288574, -0.04182970151305199], [-0.05293375253677368, 0.06738200038671494, -0.08303515613079071]], [[0.12046166509389877, 0.03465782850980759, -0.08313995599746704], [-0.01976872608065605, -0.05465172603726387, -0.08513063192367554], [0.07797600328922272, -0.09713150560855865, -0.0045210146345198154]], [[-0.08936988562345505, -0.04574652016162872, -0.006718236021697521], [0.036849070340394974, -0.11135182529687881, -0.05447692796587944], [0.05071701109409332, 0.032773207873106, 0.022622203454375267]], [[-0.12329748272895813, -0.03177774325013161, -0.07517489790916443], [-0.0057251411490142345, -0.00014187702618073672, -0.020505888387560844], [0.002192437881603837, 0.012324412353336811, -0.124281145632267]], [[-0.03305742144584656, -0.0925113633275032, -0.046878647059202194], [-0.007805843371897936, -0.0004851145204156637, 0.048174116760492325], [0.07618512958288193, 0.0563555508852005, -0.06189120560884476]]], "bias": -0.001979587599635124}