{"layer": "conv2", "index": 36, "weights": [[[-0.06771379709243774, -0.048562802374362946, -0.0713244155049324], [-0.07910790294408798, 0.009656619280576706, -0.061558984220027924], [0.060532327741384506, 0.09788940846920013, -0.00669410265982151]], [[0.00030778857762925327, 0.0164436437189579, 0.034337300807237625], [-0.10875166952610016, 0.0027526423800736666, -0.055410999804735184], [-0.2574264407157898, -0.1436854749917984, -0.008267760276794434]], [[-0.06554090231657028, -0.0741114467382431, -0.06672509759664536], [0.006764715537428856, -0.003987208008766174, -0.03604941442608833], [0.12613801658153534, 0.014124348759651184, 0.021305466070771217]], [[0.1570110023021698, 0.028608668595552444, 0.03733879327774048], [0.08167140930891037, 0.015107929706573486, -0.010428211651742458], [-0.045559000223875046, 0.031651534140110016, -0.05715204030275345]], [[-0.06383567303419113, -0.0830053761601448, -0.14981688559055328], [-0.11603476107120514, -0.06367871165275574, -0.035270530730485916], [-0.0019455079454928637, 0.06924416869878769, 0.06952027231454849]], [[0.149557963013649, 0.028743959963321686, -0.0038091617170721292], [0.0608166828751564, -0.025886600837111473, 0.025518763810396194], [-0.0458393320441246, -0.024880146607756615, -0.0030951944645494223]], [[-0.01074973028153181, -0.028203096240758896, 0.022775830700993538], [-0.12323765456676483, -0.02891281433403492, -0.022187527269124985], [-0.21645469963550568, -0.10567797720432281, 0.019224945455789566]], [[-0.027458615601062775, -0.04149699956178665, -0.03563622757792473], [-0.018441462889313698, -0.036745473742485046, -0.07063992321491241], [-0.04505031928420067, -0.02458774670958519, -0.041341204196214676]], [[0.057705819606781006, -0.026757268235087395, -0.04290442168712616], [0.0241609625518322, 0.046424586325883865, 0.08387525379657745], [-0.0509321391582489, -0.0034902608022093773, -0.05594272539019585]], [[0.015126081183552742, 0.0026324549689888954, 0.010833623819053173], [0.04898833483457565, 0.08111003041267395, 0.029974542558193207], [-0.13166837394237518, -0.04495599865913391, -0.09955941885709763]], [[-0.19085074961185455, -0.09297733753919601, -0.1992194503545761], [-0.03758994862437248, -0.06293444335460663, -0.03619664907455444], [0.16926369071006775, 0.15702863037586212, 0.05500616878271103]], [[0.026787158101797104, -0.01651369407773018, -0.00422813231125474], [0.017582722008228302, 0.017685020342469215, -0.043110206723213196], [-0.02766541764140129, -0.021084602922201157, -0.016895797103643417]], [[0.12554655969142914, 0.011074475944042206, -0.05367226153612137], [-0.006203531287610531, 0.041678279638290405, 0.04584847763180733], [0.004557450767606497, 0.03255781531333923, -0.054215263575315475]], [[-0.008079489693045616, -0.038321200758218765, -0.04232098162174225], [-0.0763210877776146, -0.061361003667116165, 0.03977615013718605], [-0.07811267673969269, -0.06554889678955078, -0.016600778326392174]], [[0.06975406408309937, 0.03357705473899841, -0.021992897614836693], [0.07743529230356216, 0.025154218077659607, 0.010565666481852531], [-0.051419276744127274, -0.04579535126686096, 0.0012529009254649282]], [[-0.07407321780920029, 0.023551246151328087, -0.002830450888723135], [0.05738933011889458, 0.12865695357322693, -0.003174736863002181], [-0.11466332525014877, -0.09829409420490265, -0.1646311730146408]], [[0.052223287522792816, -0.09523701667785645, -0.07231990247964859], [-0.05424865707755089, -0.08671552687883377, -0.12869416177272797], [-0.0078346636146307, -0.014116955921053886, 0.008934580720961094]], [[-0.05699643865227699, -0.18751204013824463, -0.175005704164505], [-0.04062800854444504, 0.05288989841938019, 0.12211794406175613], [0.1703951507806778, 0.11241213977336884, -0.029997456818819046]], [[-0.02876586653292179, -0.06986074894666672, -0.10886479914188385], [-0.0753270760178566, -0.12729239463806152, -0.0035309598315507174], [0.12899915874004364, 0.07544491440057755, 0.08156398683786392]], [[0.08726095408201218, 0.09992753714323044, 0.10089827328920364], [0.00862086471170187, -0.10428065061569214, -0.11571728438138962], [-0.16626442968845367, -0.11984878778457642, -0.05460289493203163]], [[0.11108750849962234, 0.009994675405323505, -0.028310151770710945], [0.03243006765842438, -0.010431635193526745, 0.054318271577358246], [-0.03271790221333504, -0.03382166475057602, 0.005843970458954573]], [[-0.06498035788536072, 0.0061936345882713795, 0.04742211475968361], [-0.024239176884293556, 0.04877406358718872, 0.0236478541046381], [-0.044710900634527206, 0.02749904990196228, -0.1269126981496811]], [[0.07641679048538208, -0.05412285029888153, -0.006335459183901548], [0.011588779278099537, 0.012380196712911129, 0.0387004055082798], [-0.05148612707853317, 0.04518284648656845, -0.046168889850378036]], [[0.012491661123931408, 0.05555400252342224, 0.022310590371489525], [0.013459758833050728, -0.0027351644821465015, 0.021569935604929924], [-0.10070442408323288, -0.07628994435071945, -0.012159684672951698]], [[-0.02739555947482586, -0.018313053995370865, 0.00565310288220644], [0.01623140648007393, -0.014474894851446152, -0.08433984220027924], [-0.14178746938705444, 0.086915984749794, -0.02692718245089054]], [[-0.02748286724090576, -0.06623081117868423, -0.006374705582857132], [-0.0048165288753807545, -0.06378369778394699, -0.08904232829809189], [0.056215908378362656, -0.11227870732545853, 0.05374566465616226]], [[0.12830714881420135, -0.13092026114463806, -0.1567414402961731], [-0.011921480298042297, 0.0005985815078020096, -0.05848816782236099], [0.10304956138134003, 0.044306229799985886, 0.018842628225684166]], [[-0.0685989186167717, -0.021320277824997902, -0.039769332855939865], [0.009102242067456245, 0.03908999636769295, -0.010500270873308182], [0.019541852176189423, 0.03299913555383682, -0.1127912625670433]], [[0.005208904389292002, -0.013136475346982479, -0.04928572103381157], [-0.00010783335892483592, 0.0989798977971077, -0.07264819741249084], [-0.029428206384181976, -0.17558489739894867, -0.16128213703632355]], [[-0.153197780251503, -0.13490496575832367, -0.040266335010528564], [-0.08927825838327408, 0.0025847656652331352, -0.09364235401153564], [0.11943356692790985, -0.07666310667991638, -0.054534874856472015]], [[0.024326900020241737, 0.00272022164426744, -0.06636068969964981], [-0.05980934947729111, 0.03467585891485214, 0.00470090052112937], [0.051239073276519775, 0.09538711607456207, 0.05971523001790047]], [[-0.16339826583862305, -0.14292822778224945, -0.17527233064174652], [0.003640334354713559, -0.05481607839465141, 0.004625591449439526], [0.22443260252475739, 0.11038430035114288, 0.08405707031488419]]], "bias": -0.07224763184785843}