{"layer": "conv1", "index": 30, "weights": [[[0.08789815753698349, 0.12244220823049545, 0.12885639071464539], [-0.2850562036037445, 0.023880474269390106, 0.19636677205562592], [-0.4052068293094635, 0.23573045432567596, -0.1375526785850525]]], "bias": -0.03412158414721489}