{"layer": "conv2", "index": 5, "weights": [[[-0.036016255617141724, -0.07118485867977142, 0.0008359749335795641], [-0.02589452639222145, 0.07175111770629883, 0.10641700774431229], [-0.04699239879846573, -0.0005716379382647574, -0.07037121802568436]], [[-0.07447520643472672, -0.02866474911570549, 0.0727614089846611], [0.0036451653577387333, 0.030204448848962784, -0.03532909229397774], [0.1140035018324852, 0.0016564629040658474, 0.0625627264380455]], [[-0.11027462780475616, 0.002110058907419443, 0.05306011810898781], [-0.1061968058347702, 0.009826138615608215, 0.013517532497644424], [-0.03806426748633385, 0.15607334673404694, -0.09668709337711334]], [[-0.06390471011400223, -0.051393114030361176, 0.1117183193564415], [-0.11696990579366684, -0.09481644630432129, -0.09717259556055069], [-0.07817717641592026, -0.015636367723345757, -0.09344019740819931]], [[-0.02856144867837429, -0.20145729184150696, 0.15002380311489105], [-0.12221717834472656, -0.12318243831396103, 0.03245343267917633], [0.0782376080751419, -0.057728469371795654, -0.12086299806833267]], [[-0.0504036508500576, -0.051175668835639954, 0.0972246453166008], [-0.1383485645055771, -0.04631951078772545, -0.07676956057548523], [-0.020343011245131493, 0.020093712955713272, 0.00316558126360178]], [[-0.0711946040391922, 0.08846152573823929, 0.014777738600969315], [-0.07511868327856064, -0.06755661219358444, -0.13126589357852936], [0.10305491089820862, 0.025833720341324806, -0.10717348009347916]], [[-0.028512509539723396, -0.04464808478951454, 0.0014591165818274021], [-0.014471358619630337, -0.11542421579360962, -0.06255673617124557], [-0.06158428266644478, -0.12375546991825104, -0.024459969252347946]], [[-0.1865944117307663, 0.04857746884226799, 0.06574565917253494], [-0.21604038774967194, -0.08717593550682068, -0.11649438738822937], [0.07486176490783691, 0.042009137570858, -0.045942600816488266]], [[-0.050231244415044785, 0.012227993458509445, 0.03477766737341881], [-0.12464278936386108, -0.18735791742801666, -0.13133607804775238], [-0.013681011274456978, 0.09217777848243713, -0.04124961048364639]], [[-0.11433503776788712, -0.04887399449944496, -0.024542247876524925], [-0.14875143766403198, 0.07535536587238312, 0.17062246799468994], [0.11295583099126816, -0.050707098096609116, -0.00998939760029316]], [[-0.06773442029953003, -0.02971726469695568, 0.04952895641326904], [0.01867833361029625, 0.03805432841181755, 0.06788787245750427], [0.008277744054794312, -0.08188491314649582, -0.040473174303770065]], [[-0.18619686365127563, 0.004814076703041792, -0.03873133659362793], [-0.1167004406452179, -0.13197363913059235, -0.052689794450998306], [0.018166210502386093, -0.07632003724575043, 0.020005034282803535]], [[-0.16209819912910461, 0.011866627261042595, -0.0035978765226900578], [-0.09516509622335434, -0.003737484337761998, 0.07197662442922592], [-0.04690951853990555, -0.06942171603441238, -0.10400296002626419]], [[-0.16638720035552979, 0.011472094804048538, 0.011228901334106922], [-0.15306051075458527, -0.034389201551675797, 0.02725067548453808], [-0.07558634132146835, 0.04282407835125923, -0.032604873180389404]], [[-0.12202656269073486, -0.15983469784259796, 0.023816946893930435], [0.02026284486055374, 0.05436880141496658, -0.15252499282360077], [0.07311712950468063, 0.12973091006278992, 0.07582999765872955]], [[-0.10271503031253815, -0.022280894219875336, 0.08258455246686935], [-0.048040151596069336, -0.05389155074954033, 0.041525233536958694], [-0.04356396198272705, 0.026957839727401733, -0.09430921077728271]], [[-0.12453968822956085, 0.13737067580223083, 0.059652771800756454], [-0.13863807916641235, 0.07226687669754028, 0.16459965705871582], [0.08491432666778564, -0.06328755617141724, -0.12718825042247772]], [[0.039115697145462036, -0.09234054386615753, 0.0022564204409718513], [-0.12869632244110107, 0.06328821927309036, 0.032065629959106445], [0.004872825462371111, -0.018921392038464546, -0.10237382352352142]], [[-0.02198154479265213, -0.04878928139805794, 0.14085325598716736], [-0.08107113093137741, -0.010927634313702583, -0.08226587623357773], [-0.11841747909784317, 0.09449441730976105, -0.008100009523332119]], [[-0.10314881801605225, -0.13995464146137238, 0.08255814760923386], [-0.14028967916965485, -0.012272190302610397, -0.06439470499753952], [0.009034313261508942, -0.02655882015824318, -0.019494719803333282]], [[-0.11036365479230881, -0.043796323239803314, 0.09709101170301437], [0.015735577791929245, -0.09740643948316574, -0.1946457326412201], [0.0267752967774868, 0.09817977249622345, 0.10576837509870529]], [[-0.026608090847730637, -0.12863032519817352, 0.11040451377630234], [-0.07807304710149765, -0.14637024700641632, -0.08787275850772858], [0.05077856034040451, 0.125588059425354, -0.07056532055139542]], [[-0.09704391658306122, 0.00714894849807024, 0.0840831995010376], [-0.06752843409776688, -0.03009006567299366, -0.08745842427015305], [-0.05740094929933548, -0.038358673453330994, -0.12500271201133728]], [[-0.10381821542978287, -0.14338964223861694, -0.012283975258469582], [-0.014024191536009312, -0.08458483964204788, -0.07582753896713257], [-0.09344043582677841, -0.011027452535927296, 0.0014790378045290709]], [[0.008741178549826145, -0.00991283729672432, -0.14125896990299225], [0.019605647772550583, 0.0036651042755693197, -0.04114639386534691], [-0.09157160669565201, -0.05253488942980766, 0.015709999948740005]], [[0.006284060422331095, 0.09737808257341385, 0.10580862313508987], [-0.11450304090976715, 0.08287617564201355, 0.08658885955810547], [0.058991458266973495, -0.033046308904886246, -0.10047101974487305]], [[-0.05675152316689491, -0.104291170835495, 0.054307181388139725], [0.0022991884034126997, -0.13496705889701843, -0.048851653933525085], [0.018037624657154083, 0.18271858990192413, 0.006224788725376129]], [[-0.07779453694820404, -0.14157961308956146, 0.005378113593906164], [-0.03941072151064873, 0.12879079580307007, 0.04645904153585434], [-0.02077586203813553, 0.08820799738168716, 0.1624966412782669]], [[0.032819271087646484, -0.003179453779011965, -0.15797343850135803], [-0.018191061913967133, -0.03880007937550545, -0.01932702213525772], [-0.08825976401567459, -0.07695730030536652, -0.045091744512319565]], [[-0.09148108959197998, 0.004695739597082138, 0.08874217420816422], [-0.19324705004692078, -0.06694968044757843, 0.06371600180864334], [-0.0545131117105484, 0.05254662036895752, -0.12973497807979584]], [[-0.030468367040157318, 0.054863665252923965, 0.02822483889758587], [-0.11785907298326492, 0.05061662569642067, 0.1866079568862915], [0.10438162833452225, -0.0907326489686966, -0.07964643090963364]]], "bias": -0.08966433256864548}