{"layer": "conv1", "index": 6, "weights": [[[-0.37637001276016235, -0.25737136602401733, 0.048416826874017715], [-0.3328990638256073, 0.21836088597774506, 0.22098810970783234], [0.26480841636657715, -0.0641489177942276, 0.281147301197052]]], "bias": -0.36917465925216675}