{"layer": "conv1", "index": 20, "weights": [[[0.29826050996780396, 0.0007467519026249647, 0.020477568730711937], [0.08764797449111938, -0.22293825447559357, 0.011181539855897427], [0.2126247137784958, -0.14089517295360565, -0.12394442409276962]]], "bias": 0.039338331669569016}