{"layer": "conv2", "index": 9, "weights": [[[0.0014645957853645086, 0.028954295441508293, 0.15670356154441833], [0.01443236693739891, -0.05111267790198326, 0.060285862535238266], [-0.026946593075990677, 0.021365690976381302, -0.027954846620559692]], [[-0.0553300715982914, -0.05322929099202156, -0.11900221556425095], [-0.17065280675888062, -0.11253920197486877, -0.10113811492919922], [-0.15428045392036438, -0.14190667867660522, -0.16773857176303864]], [[-0.03261571377515793, -0.06128682941198349, 0.1319160759449005], [0.10776788741350174, -0.08145511895418167, 0.08136849850416183], [0.08035732805728912, -0.07374599575996399, 0.01704908162355423]], [[0.08237297832965851, 0.07000040262937546, 0.0771508738398552], [0.05270109698176384, 0.01664702408015728, -0.08830441534519196], [0.07317505776882172, 0.028835784643888474, -0.22049932181835175]], [[-0.10050252079963684, 0.08008064329624176, -0.03251738101243973], [0.02629721909761429, 0.0744963064789772, -0.09277082979679108], [-0.040544502437114716, 0.11294715106487274, 0.050640687346458435]], [[0.031822435557842255, 0.0743444636464119, -0.01946970820426941], [0.08021221309900284, 0.11780056357383728, -0.12706278264522552], [0.009258233942091465, 0.0840061753988266, -0.1654062420129776]], [[0.0239656213670969, -0.11283529549837112, -0.08016405999660492], [-0.050187334418296814, -0.14262107014656067, -0.09481703490018845], [0.02371932566165924, -0.09050671011209488, -0.1542396992444992]], [[-0.1195221021771431, -0.0710492730140686, -0.06006864458322525], [-0.11571305245161057, -0.144652858376503, -0.023182516917586327], [-0.05755465850234032, -0.11047494411468506, 0.04199531301856041]], [[0.0752997025847435, -0.02715400606393814, -0.011981327086687088], [-0.01076596137136221, -0.0006341233965940773, -0.15317870676517487], [0.008629193529486656, 0.0032321764156222343, -0.1918237954378128]], [[0.06264085322618484, -0.004105779342353344, 0.057293254882097244], [0.021958867087960243, -0.01826467551290989, -0.03657183796167374], [0.0011635894188657403, 0.026855576783418655, -0.11017666757106781]], [[-0.1633506566286087, 0.057924915105104446, 0.07741285115480423], [-0.03690240904688835, -0.08910223096609116, 0.137738436460495], [-0.013917550444602966, -0.10826733708381653, -0.021226277574896812]], [[-0.01254729088395834, -0.03558391332626343, -0.03588540479540825], [0.03993375226855278, -0.0620318278670311, 0.03922359645366669], [0.08572427928447723, -0.03297076374292374, -0.05136211961507797]], [[0.004630248062312603, 0.029623303562402725, -0.016848552972078323], [-0.03380613401532173, 0.06044396385550499, -0.023539669811725616], [-0.010474155656993389, 0.08620995283126831, -0.043960146605968475]], [[0.00248765223659575, -0.006165850907564163, -0.07954467833042145], [0.03180454671382904, -0.09776405245065689, -0.002659041667357087], [0.014945333823561668, -0.044936370104551315, -0.11944258958101273]], [[0.07982280850410461, 0.00756898382678628, 0.0813356339931488], [0.08712264895439148, -0.05578732118010521, -0.006464821752160788], [0.04486709088087082, -0.07875872403383255, -0.09799456596374512]], [[-0.059847231954336166, -0.042795244604349136, 0.023814823478460312], [0.013271222822368145, 0.059230536222457886, -0.11096151918172836], [0.04165446013212204, 0.01385175809264183, -0.08631805330514908]], [[-0.04713035374879837, -0.15980634093284607, -0.026897765696048737], [0.045189183205366135, -0.17054441571235657, 0.05051612854003906], [0.05865314602851868, -0.09263001382350922, -0.003409469034522772]], [[-0.10701674968004227, 0.012938125059008598, 0.05975791811943054], [-0.07849465310573578, -0.1447938233613968, 0.11219586431980133], [0.0030810816679149866, -0.040248531848192215, 0.05347995460033417]], [[-0.0504194013774395, 0.17192532122135162, 0.13010843098163605], [-0.014213916845619678, 0.017794640734791756, -0.0008934936486184597], [0.00600732397288084, -0.06629713624715805, -0.057292401790618896]], [[-0.16402330994606018, -0.036455027759075165, -0.05500726401805878], [-0.06335636973381042, 0.07150126248598099, -0.027827195823192596], [0.044781919568777084, 0.05625021457672119, 0.050186194479465485]], [[-0.02860417775809765, -0.009128217585384846, -0.010802257806062698], [0.03710601106286049, 0.029145803302526474, -0.061113666743040085], [-0.036807700991630554, 0.09208370745182037, -0.008839907124638557]], [[-0.11269040405750275, -0.11580870300531387, 0.07617886364459991], [-0.2153509110212326, -0.03850313276052475, -0.08810865134000778], [-0.1096157357096672, -0.05947209894657135, -0.04836966469883919]], [[-0.00457660760730505, 0.021740730851888657, 0.09794328361749649], [0.06201387569308281, 0.06926925480365753, -0.053785644471645355], [0.0403473898768425, -0.015003291890025139, -0.1398787796497345]], [[0.02798544615507126, 0.011504217982292175, 0.005958522204309702], [0.0514700785279274, -0.11957352608442307, -0.025862257927656174], [0.05531810596585274, -0.09870187193155289, -0.11866673827171326]], [[-0.13266707956790924, -0.2253735065460205, 0.008393765427172184], [0.0056221261620521545, -0.006436554715037346, -0.06098491698503494], [-0.022289443761110306, 0.1151224821805954, -0.1456093043088913]], [[-0.08998718857765198, -0.07163339853286743, -0.06101692467927933], [-0.1261107325553894, -0.0924438089132309, 0.00019414554117247462], [-0.0670463889837265, -0.061808861792087555, 0.054059870541095734]], [[-0.08251401036977768, -0.11222074180841446, 0.1758236587047577], [0.04173542559146881, -0.0608537495136261, 0.14275571703910828], [0.19638991355895996, 0.008985930122435093, 0.1536715030670166]], [[-0.08663833886384964, -0.03289669007062912, 0.07569899410009384], [-0.05924016982316971, 0.08089791238307953, 0.0476844385266304], [-0.012461726553738117, 0.05521131306886673, -0.09749337285757065]], [[-0.11707651615142822, -0.11473274230957031, -0.07439447194337845], [-0.2156267762184143, 0.03263857588171959, 0.02834951877593994], [-0.08808527141809464, 0.0004041365464217961, 0.04490705206990242]], [[-0.14476878941059113, -0.1981002688407898, -0.07669892907142639], [-0.09353270381689072, -0.06939147412776947, -0.045952409505844116], [-0.15654446184635162, -0.05473868176341057, 0.03427097573876381]], [[-0.0359371043741703, -0.0439150407910347, 0.05053809657692909], [0.08925584703683853, 0.03987372666597366, 0.02552742511034012], [0.04506651312112808, 0.01703733764588833, -0.0162493959069252]], [[-0.12800109386444092, 0.06629052758216858, 0.0519116036593914], [-0.06166643649339676, -0.12109353393316269, 0.0738840326666832], [0.01689983531832695, -0.0279560387134552, 0.00976734608411789]]], "bias": -0.05260546877980232}