{"layer": "conv2", "index": 34, "weights": [[[-0.030492914840579033, -0.09974654763936996, -0.12495625019073486], [-0.13545723259449005, 0.09173523634672165, -0.03816193342208862], [0.09291446954011917, 0.06713107973337173, 0.008794082328677177]], [[0.11116088181734085, -0.04192487150430679, -0.024533137679100037], [-0.015657825395464897, 0.04803330823779106, 0.11890155076980591], [-0.08765552937984467, -0.005231501534581184, 0.11219394952058792]], [[-0.08628320693969727, -0.1142745241522789, 0.10334405303001404], [0.01617828942835331, -0.13085414469242096, 0.09847336262464523], [0.02689952217042446, 0.08401890844106674, 0.057310689240694046]], [[0.015651732683181763, -0.04590396210551262, 0.032752249389886856], [0.0476282574236393, -0.03889666125178337, -0.03433471545577049], [-0.042027901858091354, -0.0933646410703659, -0.013811564072966576]], [[0.14013154804706573, 0.11073901504278183, -0.00798463262617588], [-0.06966203451156616, -0.041997797787189484, -0.12056552618741989], [-0.05774518847465515, 0.02788502909243107, 0.06733477860689163]], [[0.03765801712870598, 0.07231990247964859, -0.03314894810318947], [0.015391171909868717, 0.011157544329762459, -0.08459735661745071], [-0.022678397595882416, -0.03293754905462265, 0.00823839008808136]], [[0.09688382595777512, 0.04154647886753082, -0.05101640149950981], [0.047681063413619995, -0.04514024779200554, 0.07440070807933807], [-0.01990162394940853, -0.10836324840784073, 0.0896255224943161]], [[-0.025824716314673424, -0.05202702805399895, -0.06578071415424347], [-0.04243464767932892, -0.16699163615703583, -0.018651194870471954], [-0.10956857353448868, -0.17996814846992493, -0.12070830911397934]], [[0.05603867396712303, 0.008417879231274128, -0.048349760472774506], [-0.043792448937892914, -0.11205411702394485, -0.06618352979421616], [-0.053323548287153244, -0.06669681519269943, 0.0756312906742096]], [[-0.06730274111032486, 0.012980876490473747, 0.03372681140899658], [0.004561194684356451, -0.061860341578722, -0.07186286896467209], [-0.032434187829494476, 0.03817812725901604, -0.010413681156933308]], [[-0.24273648858070374, -0.15653932094573975, -0.005241166800260544], [-0.19814437627792358, -0.12093596160411835, 0.009872669354081154], [0.18433888256549835, 0.04705802723765373, 0.031764864921569824]], [[0.025137633085250854, -0.07583898305892944, -0.034676168113946915], [-0.04172410070896149, -0.10108537971973419, 0.07861337065696716], [-0.02729540690779686, -0.05212756618857384, 0.01172063872218132]], [[0.018032582476735115, 0.10214467346668243, -0.018395191058516502], [0.008247720077633858, -0.011540171690285206, -0.12009269744157791], [-0.0007468624971807003, -0.08261070400476456, 0.06793948262929916]], [[0.05504860356450081, -0.043099962174892426, -0.07609283924102783], [0.06277827173471451, -0.06977039575576782, 0.11154527962207794], [-0.032161567360162735, -0.11905167251825333, 0.0945589616894722]], [[-0.04903748631477356, -0.09585747122764587, 0.012460587546229362], [-0.027330981567502022, -0.12214497476816177, 0.020966317504644394], [-0.11036345362663269, 0.023382147774100304, -0.04630283638834953]], [[-0.1329275518655777, -0.14738067984580994, -0.03310519456863403], [-0.012456703931093216, 0.10442174971103668, -0.031430117785930634], [-0.062344636768102646, -0.03059355728328228, 0.0005857685464434326]], [[0.054230332374572754, -0.1810092329978943, 0.07431286573410034], [0.032841138541698456, -0.20742148160934448, 0.06035367771983147], [-0.05207591876387596, -0.10401590168476105, -0.026565372943878174]], [[-0.04203145205974579, 0.06583672016859055, -0.08449183404445648], [0.05801456794142723, -0.24766123294830322, -0.02852322906255722], [0.11902401596307755, 0.02580212987959385, -0.055365581065416336]], [[0.036269307136535645, 0.09657158702611923, -0.08982237428426743], [-0.15305276215076447, -0.0717751607298851, -0.006934997159987688], [0.08710947632789612, 0.08494894951581955, -0.010034270584583282]], [[-0.032092057168483734, 0.06902752816677094, 0.07158830761909485], [0.09840738028287888, 0.12929973006248474, -0.09030207991600037], [-0.14691509306430817, 0.02345270663499832, -0.07066690176725388]], [[-0.08253221213817596, 0.00030223617795854807, -0.04499366506934166], [-0.06435835361480713, 0.02336137928068638, -0.10119229555130005], [0.013696097768843174, -0.032296840101480484, -0.04393666237592697]], [[-0.027356542646884918, -0.08419916033744812, 0.017560603097081184], [-0.005386990960687399, 0.12457608431577682, 0.07347182929515839], [-0.08620534837245941, 0.12883716821670532, 0.0029695385601371527]], [[-0.14541567862033844, 0.0065979198552668095, 0.07780598849058151], [0.007753418292850256, -0.0313112810254097, -0.07761189341545105], [-0.03200984746217728, 0.0647064670920372, 0.03364434093236923]], [[0.0671444833278656, -0.0597798153758049, 0.010270096361637115], [0.032559964805841446, -0.15345348417758942, 0.08929644525051117], [-0.12932756543159485, -0.02643483132123947, 0.08862561732530594]], [[-0.08498916029930115, -0.07973484694957733, 0.03685930371284485], [0.054344773292541504, -0.014394475147128105, 0.05200332775712013], [-0.05644099786877632, 0.09758547693490982, -0.03730419650673866]], [[-0.044180724769830704, -0.1327810287475586, -0.04325396567583084], [-0.06867995113134384, -0.0985819548368454, -0.11127593368291855], [-0.07308037579059601, -0.048783235251903534, -0.11513662338256836]], [[0.1575745791196823, -0.10312140733003616, 0.10143449157476425], [0.145588219165802, -0.11130375415086746, 0.09754154086112976], [0.10124418884515762, -0.02061126008629799, -0.022656448185443878]], [[-0.18211819231510162, -0.1542738676071167, 0.09484164416790009], [0.12874343991279602, 0.052094679325819016, -0.0711880773305893], [-0.06329385191202164, 0.06439017504453659, -0.03466092050075531]], [[-0.024799006059765816, -0.13301463425159454, -0.19732601940631866], [-0.05717462673783302, 0.08067882806062698, -0.022896496579051018], [-0.013967347331345081, 0.018704235553741455, -0.018696466460824013]], [[-0.1326715499162674, -0.1510048508644104, -0.05900121480226517], [-0.06699701398611069, -0.15028001368045807, -0.10118485242128372], [-0.0029308474622666836, 0.01449140626937151, -0.10884731262922287]], [[0.0800519660115242, -0.0563628152012825, -0.015746189281344414], [0.037421610206365585, -0.17031630873680115, 0.12050408124923706], [0.015789028257131577, -0.03260060399770737, 0.060988232493400574]], [[-0.1378496289253235, -0.056319460272789, -0.10247630625963211], [-0.0304250530898571, -0.21307972073554993, -0.16793663799762726], [0.11862567067146301, 0.021695388481020927, -0.08663415163755417]]], "bias": -0.12203621864318848}