{"layer": "conv2", "index": 48, "weights": [[[0.06026049703359604, 0.05372102931141853, -0.040246088057756424], [-0.030499093234539032, -0.016931701451539993, -0.10565323382616043], [0.038402557373046875, -0.034328993409872055, -0.13086123764514923]], [[-0.11446478217840195, 0.004528973251581192, -0.036642707884311676], [-0.2377869039773941, -0.1823282390832901, 0.015709593892097473], [0.08618971705436707, -0.005335945636034012, -0.18819648027420044]], [[0.02056633122265339, -0.004662239458411932, 0.020064307376742363], [0.07016550004482269, 0.0934942290186882, -0.03309652954339981], [-0.010087346658110619, 0.05370384827256203, -0.03059314750134945]], [[0.09458086639642715, 0.06647375971078873, 0.01020466722548008], [0.05430905893445015, 0.0260439645498991, 0.006841942202299833], [-0.05039500445127487, -0.029720420017838478, -0.006446504034101963]], [[-0.04455625265836716, -0.03250463679432869, -0.06939253956079483], [-0.08373719453811646, -0.2286747843027115, -0.18943028151988983], [-0.1189829483628273, -0.18826428055763245, -0.0870068147778511]], [[0.021382350474596024, 0.09687492996454239, -0.07962213456630707], [-0.054128196090459824, 0.06326095014810562, -0.021993927657604218], [-0.13564559817314148, 0.017529135569930077, 0.03356674686074257]], [[-0.07251066714525223, -0.10671137273311615, -0.051989760249853134], [-0.19465771317481995, -0.17030900716781616, 0.027289120480418205], [0.02469935640692711, -0.04602435976266861, -0.04249902814626694]], [[-0.17562444508075714, -0.12518785893917084, -0.09200601279735565], [-0.015574010089039803, -0.0985078290104866, -0.10289681702852249], [0.05606992170214653, -0.007407178170979023, -0.05077021196484566]], [[0.01924769952893257, 0.03334766626358032, 0.04339355602860451], [-0.07758933305740356, -0.06112536042928696, -0.020042870193719864], [-0.00028191087767481804, -0.039848726242780685, 0.04324952885508537]], [[-0.04379190877079964, 0.01088244840502739, -0.068648561835289], [0.029946014285087585, -0.015518048778176308, -0.022387396544218063], [-0.029721299186348915, 0.004033283796161413, 0.020619798451662064]], [[-0.08639708906412125, -0.13379643857479095, 0.06686439365148544], [0.0940900519490242, -0.030391773208975792, -0.09760262817144394], [0.09272384643554688, 0.010345084592700005, -0.08627574890851974]], [[-0.029142500832676888, -0.0643714964389801, -0.05752834677696228], [0.005788755137473345, -0.04557488486170769, -0.054897621273994446], [0.043321721255779266, 0.04307514801621437, -0.05051237717270851]], [[0.04825358837842941, -0.05066768079996109, 0.04491117224097252], [0.010926424525678158, -0.07254284620285034, -0.06351518630981445], [-0.02067495323717594, 0.0018793195486068726, -0.04241781309247017]], [[-0.08027365058660507, -0.14737199246883392, -0.03618304058909416], [-0.10200715065002441, -0.04359043762087822, 0.00012072157551301643], [-0.013293024152517319, 0.08539997786283493, 0.008819476701319218]], [[-0.009022371843457222, 0.04812728986144066, -0.13851040601730347], [0.03354639932513237, 0.014126098714768887, 0.01744825765490532], [0.0096602663397789, 0.02878403477370739, 0.08694151788949966]], [[0.05643107742071152, 0.07428980618715286, -0.0075325253419578075], [-0.007465135306119919, -0.020695550367236137, 0.06328437477350235], [-0.05909650772809982, -0.10373034328222275, 0.0030704112723469734]], [[-0.1419331431388855, -0.20580102503299713, -0.06933438032865524], [-0.0864834263920784, -0.024927642196416855, -0.09251154214143753], [0.06857072561979294, -0.0969868153333664, -0.14721177518367767]], [[0.02516796439886093, -0.00917685218155384, 0.05109304189682007], [0.009529178030788898, -0.08021917194128036, -0.1407155990600586], [0.019456250593066216, -0.02355247177183628, -0.13693830370903015]], [[0.03411642834544182, 0.06280545145273209, 0.07886102050542831], [0.08349703997373581, -0.06304161250591278, -0.2027672827243805], [0.02143535576760769, -0.040807392448186874, -0.12456849217414856]], [[0.005768216215074062, 0.07107502222061157, 0.10026447474956512], [-0.15005865693092346, 0.016669483855366707, 0.023539453744888306], [-0.13690845668315887, -0.08846704661846161, -0.03487027436494827]], [[0.010924008674919605, 0.05637727305293083, 0.014030154794454575], [0.02160794474184513, -0.03378836065530777, -0.06346597522497177], [-0.04367756098508835, -0.023815853521227837, 0.02507069520652294]], [[-0.021403731778264046, 0.11106321215629578, -0.011137651279568672], [-0.04715250805020332, 0.07843832671642303, 0.08243381977081299], [0.06953262537717819, -0.1344304382801056, -0.09254312515258789]], [[0.07385712116956711, 0.08920548111200333, -0.029081685468554497], [-0.053709860891103745, 0.08357016742229462, 0.06845135241746902], [-0.0964723527431488, 0.006913915276527405, -0.04900820180773735]], [[-0.10934001207351685, -0.05648566037416458, -0.04720137640833855], [-0.09054400026798248, -0.053737904876470566, -0.01768825761973858], [0.02306557074189186, 0.028640031814575195, 0.006755045615136623]], [[-0.041573572903871536, 0.05708960443735123, 0.02220170572400093], [0.02885877527296543, -0.0035902191884815693, 0.03407055512070656], [0.15619631111621857, -0.11730380356311798, -0.036442335695028305]], [[-0.059704262763261795, -0.013172607868909836, -0.02390558272600174], [-0.10453479737043381, -0.05940163508057594, -0.056274641305208206], [-0.07883927971124649, -0.07276739180088043, -0.037712711840867996]], [[-0.13232813775539398, -0.1586437225341797, 0.02760070376098156], [-0.014358224347233772, 0.06461754441261292, 0.009044810198247433], [0.07094569504261017, 0.027310200035572052, -0.007184527348726988]], [[-0.01095783431082964, 0.0616835281252861, -0.03704149276018143], [0.048115722835063934, 0.06401368975639343, 0.06969620287418365], [-0.04008103907108307, 0.01614334061741829, -0.06022122502326965]], [[-0.06630600988864899, 0.14694613218307495, 0.060777582228183746], [-0.09390042722225189, -0.024738574400544167, 0.05405086278915405], [-0.1902940571308136, -0.09991418570280075, 0.006588174030184746]], [[-0.15374232828617096, -0.041900187730789185, -0.15133799612522125], [-0.09993676096200943, -0.0941421389579773, -0.11095143109560013], [-0.026759406551718712, -0.031249994412064552, -0.03332434222102165]], [[-0.03301376476883888, -0.026964837685227394, -0.05179944261908531], [0.06671036779880524, 0.04564218968153, -0.07029897719621658], [0.0810968428850174, 0.07025782018899918, -0.002842548070475459]], [[-0.01594056375324726, -0.09225750714540482, -0.015672869980335236], [0.03369324281811714, 0.012439697980880737, -0.09036324918270111], [-0.04221102595329285, -0.036800023168325424, -0.017103107646107674]]], "bias": -0.10877076536417007}