{"layer": "conv2", "index": 20, "weights": [[[-0.040803734213113785, -0.06298371404409409, 0.0453842468559742], [-0.044242292642593384, 0.07660083472728729, 0.06162664666771889], [-0.03367874026298523, -0.06047245115041733, -0.1293647438287735]], [[-0.08725587278604507, 0.06007656082510948, 0.06191099435091019], [-0.1233535185456276, -0.05815517157316208, 0.05396374687552452], [-0.05173971503973007, -0.0017291535623371601, 0.022390196099877357]], [[0.06969011574983597, 0.050639260560274124, -0.09066162258386612], [-0.002630742499604821, -0.011296429671347141, -0.045377135276794434], [-0.14744073152542114, -0.09383880347013474, -0.016314741224050522]], [[0.023095937445759773, 0.011618196964263916, 0.07670389860868454], [-0.147854283452034, 0.05983440577983856, 0.054956305772066116], [-0.1348491907119751, -0.16273406147956848, -0.09283442795276642]], [[-0.002546275034546852, 0.0500841848552227, 0.1855897456407547], [-0.12068083882331848, 0.04619219899177551, 0.08973592519760132], [-0.16782933473587036, -0.15840792655944824, -0.0630839467048645]], [[-0.0308530293405056, 0.031188949942588806, -0.029040973633527756], [-0.1742391735315323, -0.011133181862533092, 0.12432750314474106], [-0.16667412221431732, -0.09752343595027924, -0.041185807436704636]], [[-0.01581384427845478, 0.04077005758881569, 0.10711537301540375], [-0.22561755776405334, -0.09637618809938431, -0.042187660932540894], [-0.01409840490669012, 0.09269656240940094, 0.09116831421852112]], [[-0.016348250210285187, 0.019649174064397812, -0.06496047973632812], [0.0028048474341630936, -0.06663087755441666, -0.018939528614282608], [-0.001962972106412053, 0.02431940846145153, 0.01296091079711914]], [[-0.01996622607111931, 0.029881952330470085, 0.1132623702287674], [-0.19181515276432037, -0.12023747712373734, -0.23746450245380402], [-0.020509526133537292, -0.059634555131196976, -0.0011262617772445083]], [[0.01466283481568098, 0.08485020697116852, 0.003796299919486046], [-0.07108824700117111, -0.050384245812892914, -0.15223342180252075], [0.015464033000171185, -0.002973792375996709, -0.030663279816508293]], [[0.09146662801504135, -0.06216467544436455, 0.08622128516435623], [0.13335871696472168, 0.15766853094100952, -0.0060063740238547325], [-0.09234493970870972, -0.036212023347616196, -0.22353707253932953]], [[0.04158201441168785, 0.021355153992772102, 0.035712581127882004], [0.06010579317808151, 0.08882363140583038, -0.05519193410873413], [-0.08473970741033554, -0.06886592507362366, 0.01114755216985941]], [[-0.06682625412940979, 0.020482877269387245, 0.1625564992427826], [-0.1421671360731125, -0.060178592801094055, -0.08188947290182114], [-0.10493645817041397, -0.010850994847714901, 0.007228141184896231]], [[0.0025355375837534666, 0.027468785643577576, 0.1343649923801422], [-0.03651324659585953, 0.014580938033759594, -0.22226451337337494], [-0.061029110103845596, -0.10424593091011047, 0.07390149682760239]], [[-0.028287848457694054, 0.04459565132856369, -0.004427263513207436], [-0.06184500455856323, 0.03991447016596794, -0.14432567358016968], [-0.13009339570999146, -0.09446288645267487, -0.017584120854735374]], [[-0.013182156719267368, 0.011744998395442963, -0.12588003277778625], [-0.12937922775745392, -0.05890969932079315, -0.07313321530818939], [-0.046036701649427414, 0.026862021535634995, 0.04948403686285019]], [[0.11117024719715118, 0.05303904786705971, -0.10350360721349716], [0.0884770005941391, -0.04796936735510826, -0.06120201572775841], [-0.007806421257555485, -0.07906490564346313, -0.017499534413218498]], [[0.004191111773252487, 0.07923384755849838, 0.14729011058807373], [0.07848747074604034, 0.14323276281356812, -0.06934527307748795], [-0.18221870064735413, -0.1445700079202652, -0.15519988536834717]], [[0.045717496424913406, -0.0018431650241836905, 0.07241400331258774], [-0.0027229266706854105, 0.1676594614982605, 0.11248432844877243], [-0.13526871800422668, -0.08020497113466263, -0.1542767435312271]], [[-0.049891307950019836, 0.01474794652312994, -0.08004295080900192], [-0.19470173120498657, -0.00816276390105486, 0.10249157249927521], [-0.038032758980989456, -0.1497775763273239, -0.06183439865708351]], [[0.007104384712874889, -0.030936013907194138, 0.0695805624127388], [-0.10363847762346268, 0.027869664132595062, 0.0032093804329633713], [-0.09536956250667572, -0.18925409018993378, -0.05846719443798065]], [[-0.011376472190022469, 0.09615375101566315, -0.07953926175832748], [-0.2008972018957138, -0.04651167243719101, 0.022664431482553482], [0.009059921838343143, 0.11893671751022339, 0.09868688136339188]], [[0.023956453427672386, 0.005951513536274433, 0.03902570530772209], [-0.11766505241394043, -0.0843118280172348, -0.03770672157406807], [-0.0321514867246151, -0.016913538798689842, -0.02182088792324066]], [[-0.00640339870005846, 0.09089290350675583, 0.04520195350050926], [-0.05056261271238327, -0.13504262268543243, -0.10989439487457275], [-0.014457523822784424, 0.07777514308691025, 0.07473666965961456]], [[0.012853366322815418, 0.07557804137468338, -0.22856837511062622], [-0.10484573245048523, 0.06790686398744583, 0.17036885023117065], [-0.08317230641841888, -0.002197278430685401, -0.08611428737640381]], [[-0.1165081113576889, -0.05483681336045265, -0.05178120732307434], [-0.06630823761224747, 0.006247551646083593, -0.011638707481324673], [0.05515925586223602, 0.025027934461832047, 0.0418190062046051]], [[0.09169022738933563, 0.021486297249794006, -0.11397413164377213], [0.21356593072414398, 0.03570619970560074, -0.2037169635295868], [-0.1773112714290619, -0.16932053864002228, -0.01786006987094879]], [[0.03720250725746155, -0.015116668306291103, -0.14224675297737122], [-0.0638987347483635, 0.009434959851205349, 0.045670103281736374], [-0.09652566909790039, 0.0035534140188246965, -0.007976595312356949]], [[0.011603327468037605, -0.009483234025537968, -0.14676973223686218], [0.03445154428482056, -0.10425657778978348, -0.12027277797460556], [0.025325683876872063, 0.028752315789461136, -0.04545210301876068]], [[-0.05066464841365814, -0.12258898466825485, -0.16809843480587006], [0.041591089218854904, -0.09659255295991898, -0.021589871495962143], [0.02428131364285946, 0.04770303890109062, -0.061791904270648956]], [[0.11093538254499435, 0.05405459180474281, -0.01861480437219143], [0.04304537922143936, 0.004762076307088137, -0.12547148764133453], [-0.20742617547512054, -0.09194064140319824, -0.05677822232246399]], [[0.028697820380330086, 0.061544179916381836, 0.09897954016923904], [0.04287045821547508, 0.04572762921452522, -0.09325893968343735], [-0.09309893101453781, -0.050283268094062805, -0.07667166739702225]]], "bias": -0.05279361456632614}