{"layer": "conv2", "index": 17, "weights": [[[-0.03939085453748703, -0.06156017258763313, -0.10438121855258942], [0.011755143292248249, 0.015440558083355427, 0.09091402590274811], [0.04930485039949417, 0.10699723660945892, 0.08303271979093552]], [[0.13083180785179138, 0.01912165991961956, -0.08944958448410034], [0.032715752720832825, 0.02473532222211361, -0.0009572464623488486], [0.0606534481048584, 0.027396054938435555, 0.018064359202980995]], [[-0.1349794715642929, -0.06044222414493561, 0.033744100481271744], [0.004867738112807274, 0.01911953091621399, -0.032067444175481796], [0.04178319498896599, 0.09938213229179382, 0.05115748941898346]], [[-0.17546352744102478, -0.12153797596693039, -0.08872711658477783], [0.0062532550655305386, -0.02239919640123844, -0.056350305676460266], [0.04256848990917206, 0.006085030268877745, 0.015261664986610413]], [[-0.1962318867444992, -0.2022852599620819, -0.13730300962924957], [-0.028051283210515976, -0.1244516372680664, -0.13778693974018097], [0.0990283340215683, -0.07803494483232498, -0.16532620787620544]], [[-0.15602745115756989, -0.05782013013958931, -0.06570141017436981], [-0.0390658900141716, 0.03352447599172592, 0.013053365983068943], [0.0058263251557946205, 0.0008372770389541984, 0.0015270947478711605]], [[0.0027910182252526283, -0.058678705245256424, -0.1564435213804245], [0.0007922222721390426, -0.03775220736861229, -0.0878012627363205], [-0.021892482414841652, -0.01675296761095524, 0.08674564957618713]], [[-0.039330024272203445, -0.03778788447380066, -0.09136996418237686], [-0.07621390372514725, -0.09789887815713882, -0.044436950236558914], [-0.10381359606981277, -0.1495169848203659, -0.19961270689964294]], [[-0.10899975150823593, -0.10290505737066269, -0.1266738325357437], [0.06157955527305603, -0.01858595199882984, -0.03386307507753372], [-0.00626648124307394, 0.0477156825363636, 0.07103333622217178]], [[-0.015918664634227753, 0.012501408345997334, -0.05441515892744064], [0.04665404185652733, -0.0034064757637679577, -0.03317069262266159], [0.047023192048072815, 0.008190764114260674, 0.06393542140722275]], [[-0.11083684861660004, -0.06465759873390198, 0.005618472117930651], [-0.210539311170578, -0.06273184716701508, 0.08341069519519806], [0.10792757570743561, 0.03168432414531708, 0.07194820046424866]], [[-0.11252037435770035, -0.08721113204956055, -0.008516992442309856], [-0.0180322527885437, -0.009146453812718391, -0.02474486082792282], [0.05017193779349327, 0.03424052894115448, -0.05009505897760391]], [[-0.14922364056110382, -0.12105028331279755, -0.0435163788497448], [0.009719615802168846, -0.04961929842829704, -0.17798370122909546], [0.07607654482126236, -0.004947425331920385, 0.044358592480421066]], [[-0.04405166208744049, 0.03892182931303978, -0.01706605777144432], [-0.015047925524413586, -0.04625772684812546, -0.10572658479213715], [0.029588939622044563, 0.0185711532831192, -0.003214366501197219]], [[-0.13008496165275574, -0.07458920776844025, -0.06444593518972397], [-0.0739518404006958, -0.04308941587805748, -0.0984758734703064], [-0.03755861148238182, 0.0038887709379196167, 0.029996154829859734]], [[-0.04202127829194069, 0.015680648386478424, -0.16679269075393677], [0.013510036282241344, 0.02556985802948475, 0.018585162237286568], [0.025962114334106445, 0.029973123222589493, 0.13609927892684937]], [[-0.007188031915575266, 0.005964474752545357, 0.06272060424089432], [-0.01622258685529232, -0.0451359823346138, -0.06158161163330078], [-0.12446964532136917, -0.07741739600896835, -0.09480426460504532]], [[-0.04754225164651871, 0.05820142477750778, 0.16158638894557953], [-0.14098678529262543, -0.06225299835205078, -0.16915717720985413], [0.14084352552890778, 0.09842900931835175, 0.06664708256721497]], [[-0.0900217667222023, -0.07110230624675751, 0.05899941176176071], [-0.19065527617931366, 0.01515316590666771, -0.08875861018896103], [0.07340992242097855, 0.05381215363740921, -0.013198817148804665]], [[-0.08766277879476547, -0.048501916229724884, -0.048345740884542465], [-0.014339659363031387, 0.04925379902124405, 0.0668342113494873], [-0.05112319812178612, 0.020345544442534447, -0.003347936784848571]], [[-0.17187891900539398, -0.0847431868314743, -0.03080163709819317], [0.012678133323788643, -0.015312733128666878, -0.0668497309088707], [-0.034425895661115646, 0.0777549296617508, -0.08296454697847366]], [[-0.032252777367830276, -0.05761069804430008, -0.15816128253936768], [0.07659875601530075, -0.007113855332136154, 0.05159515142440796], [0.07955794036388397, 0.028830472379922867, 0.11778880655765533]], [[-0.07439900934696198, -0.08001825958490372, -0.1511070728302002], [0.017434878274798393, 0.033345747739076614, -0.0366070382297039], [-0.007631562650203705, 0.007118217181414366, 0.08180864155292511]], [[-0.06755641847848892, -0.025618407875299454, -0.01576142944395542], [-0.048479773104190826, -0.026796696707606316, -0.10194657742977142], [-0.06868912279605865, -0.03694208711385727, -0.0047036102041602135]], [[-0.07481174916028976, -0.06789260357618332, -0.14785532653331757], [-0.069298155605793, -0.034563805907964706, -0.04132688790559769], [0.07314115762710571, 0.0008689804235473275, 0.001513344468548894]], [[0.0511958971619606, -0.04965057969093323, 0.024043314158916473], [-0.06514954566955566, -0.01798849366605282, -0.05998397618532181], [-0.06284213066101074, -0.12783192098140717, -0.1552034467458725]], [[-0.07856317609548569, 0.0471266470849514, 0.2558172941207886], [-0.06301173567771912, -0.09420240670442581, -0.003801234532147646], [-0.07701050490140915, -0.02620670385658741, 0.02294272556900978]], [[-0.09541330486536026, -0.0615723542869091, -0.12644192576408386], [-0.0524757020175457, 0.0020665882620960474, -0.006411843933165073], [0.05735088139772415, 0.12367838621139526, 0.044151946902275085]], [[0.03643025830388069, 0.014973828569054604, 0.021489476785063744], [0.10487349331378937, -0.01570906862616539, 0.12608204782009125], [0.09687770903110504, 0.020089035853743553, 0.07637540251016617]], [[0.062217265367507935, 0.008680980652570724, 0.02299625426530838], [-0.038847871124744415, -0.007592398673295975, -0.018011678010225296], [-0.06949323415756226, 0.043517109006643295, -0.08513543009757996]], [[-0.20436668395996094, -0.1116969957947731, 0.08406158536672592], [-0.08559250831604004, -0.12638747692108154, -0.1467270851135254], [0.04721967875957489, 0.08478309214115143, 0.021798809990286827]], [[-0.05989956855773926, -0.029952988028526306, 0.17306528985500336], [-0.10150501132011414, 0.029073940590023994, -0.08738454431295395], [0.14322113990783691, 0.06642577052116394, 0.10575559735298157]]], "bias": -0.09478229284286499}