{"layer": "conv2", "index": 13, "weights": [[[0.009297991171479225, -0.05773034319281578, -0.11862753331661224], [-0.10055050998926163, -0.03532245755195618, 0.014349285513162613], [-0.03344712406396866, -0.005848069209605455, -0.056477975100278854]], [[-0.04430852085351944, -0.04357966035604477, 0.05353602394461632], [-0.06461317837238312, -0.09915280342102051, -0.07759492099285126], [-0.02189682051539421, -0.12970979511737823, -0.1182468831539154]], [[-0.00235137902200222, -0.1143176257610321, -0.04634498059749603], [-0.03144577145576477, -0.07122321426868439, -0.005921896547079086], [0.016017690300941467, -0.036660030484199524, -0.08647079020738602]], [[-0.007036435417830944, -0.007531595882028341, 0.07102155685424805], [0.08560797572135925, 0.02054557576775551, 0.0566253662109375], [0.053232718259096146, 0.0410492867231369, 0.0090763745829463]], [[-0.09444323182106018, -0.20868918299674988, -0.16135065257549286], [-0.15892325341701508, -0.12514178454875946, -0.028279544785618782], [0.03208816796541214, -0.021349582821130753, 0.008430260233581066]], [[0.044297002255916595, -0.08521430194377899, 0.06096930429339409], [-0.013622590340673923, 0.041195642203092575, 0.01583605632185936], [-0.05298646539449692, 0.015210387296974659, 0.06222112104296684]], [[-0.032720897346735, -0.059806905686855316, 0.05220866575837135], [-0.07080549001693726, -0.10118230432271957, 0.030157940462231636], [-0.023614246398210526, -0.06519713997840881, -0.16143344342708588]], [[-0.09774360060691833, -0.09129928052425385, 0.0020439513027668], [-0.06693960726261139, 0.010069256648421288, -0.03501679375767708], [-0.020958391949534416, -0.03607712686061859, -0.017321564257144928]], [[-0.0109418835490942, -0.046815093606710434, -0.039162203669548035], [0.04304039105772972, 0.03473305329680443, 0.03745255246758461], [0.09123656153678894, 0.03891213238239288, -0.012379893101751804]], [[0.02179396152496338, 0.032508574426174164, 0.033656638115644455], [-0.03420490026473999, -0.0677705854177475, -0.012076609767973423], [0.027414048090577126, -0.01223705057054758, -0.009060189127922058]], [[-0.04695504903793335, -0.15304268896579742, -0.1511126607656479], [-0.04500444233417511, -0.1858339011669159, -0.014993902295827866], [-0.03508719801902771, 0.003007932100445032, 0.005846977233886719]], [[-0.08073282241821289, -0.04600739851593971, 0.030613020062446594], [0.009502463974058628, -0.00020364263036753982, -0.01548922248184681], [0.025148125365376472, 0.005950954742729664, -0.07888832688331604]], [[-0.09512490034103394, -0.012469458393752575, -0.04853157326579094], [-0.011106007732450962, -0.0444311648607254, 0.06107793748378754], [0.036342766135931015, 0.028932392597198486, -0.017249343916773796]], [[-0.09933516383171082, -0.06565199047327042, 0.06779342889785767], [0.023972101509571075, -0.06482557952404022, 0.07961972802877426], [0.07951553165912628, -0.05556735023856163, -0.06061846390366554]], [[-0.014350603334605694, 0.014089090749621391, -0.005046253092586994], [0.06741662323474884, -0.003503919579088688, 0.010042410343885422], [0.00987966824322939, 0.007996959611773491, 0.011027907952666283]], [[0.09685170650482178, 0.023614048957824707, 0.037153083831071854], [0.05086807906627655, -0.048768095672130585, -0.007139274384826422], [-0.05579886958003044, -0.043982528150081635, 0.026077114045619965]], [[-0.026352284476161003, -0.09511638432741165, 0.017042063176631927], [-0.06045946106314659, -0.10662472993135452, -0.006849405821412802], [-0.026847779750823975, -0.1215396448969841, -0.13519936800003052]], [[-0.01352770160883665, -0.12705335021018982, -0.11431767046451569], [-0.1419682651758194, -0.07751256227493286, 0.06249549612402916], [0.08065224438905716, -0.023094968870282173, 0.04298841953277588]], [[-0.07453975081443787, -0.24130022525787354, -0.09464246034622192], [-0.08682991564273834, -0.05958371236920357, -0.05403350666165352], [-0.0012346538715064526, -0.04346436262130737, 0.04381563887000084]], [[0.0031696700025349855, 0.026315532624721527, -0.014108248054981232], [0.012473490089178085, -0.04660044237971306, -0.04703907668590546], [-0.14470748603343964, 0.009016355499625206, 0.053787048906087875]], [[-0.04958748444914818, 0.023310381919145584, -0.02918422408401966], [-0.04629398509860039, -0.03910857439041138, -0.021507782861590385], [-0.003222138388082385, 0.024109238758683205, -0.011940442956984043]], [[0.0333615206182003, 0.043642181903123856, 0.08099330216646194], [0.03610173612833023, -0.010778781957924366, -0.08607182651758194], [-0.013871968723833561, -0.11271431297063828, -0.10526508837938309]], [[0.017238812521100044, -0.0061240242794156075, -0.00924721360206604], [-0.025777189061045647, -0.054450489580631256, -0.0021622106432914734], [-0.03758120536804199, 0.07267680764198303, 0.015947189182043076]], [[-0.009320522658526897, -0.0977981835603714, 0.05916975811123848], [0.01372971385717392, 0.026532785966992378, 0.04913971573114395], [0.07414309680461884, 0.03944341093301773, -0.1275172084569931]], [[-0.0856306329369545, -0.10560653358697891, -0.02157961204648018], [0.02321247011423111, -0.11248651891946793, -0.11213219165802002], [0.028877943754196167, -0.04231209680438042, -0.12826165556907654]], [[-0.06805314868688583, -0.0284175556153059, -0.04673737660050392], [-0.0033171677496284246, -0.06741362810134888, -0.05513523519039154], [-0.061786308884620667, -0.03477349877357483, -0.018337663263082504]], [[-0.03898284211754799, -0.056267645210027695, -0.005978742148727179], [-0.0008256954024545848, -0.10536600649356842, 0.024410400539636612], [-0.029483947902917862, -0.022786429151892662, -0.11478058993816376]], [[-0.010074400343000889, -0.01383165828883648, 0.08377085626125336], [0.07409046590328217, -0.026113267987966537, -0.08852452784776688], [-0.1104087233543396, -0.02367747761309147, -0.10889381170272827]], [[0.007864872924983501, -0.0022448073141276836, -0.0029746864456683397], [-0.040337905287742615, -0.11034045368432999, 0.0077650402672588825], [-0.16977855563163757, -0.13062940537929535, -0.06100185215473175]], [[-0.03268266096711159, -0.07455039769411087, -0.09168002754449844], [-0.07599865645170212, 0.015194473788142204, -0.10995356738567352], [-0.12081284075975418, -0.014019506983458996, 0.0084741972386837]], [[0.01504292618483305, -0.12796156108379364, 0.04012381285429001], [0.0027894030790776014, -0.0539960041642189, 0.02577735111117363], [-0.011101222597062588, -0.0038033730816096067, 0.02185647189617157]], [[-0.042416367679834366, -0.14559878408908844, -0.15140722692012787], [-0.05514518916606903, -0.09933552891016006, 0.022198662161827087], [0.067477747797966, 0.0014009103178977966, 0.05492367967963219]]], "bias": -0.04124275967478752}