{"layer": "conv2", "index": 53, "weights": [[[-0.11064903438091278, -0.11291881650686264, -0.09103652089834213], [-0.02655530720949173, -0.14193223416805267, -0.02066805586218834], [-0.0429178848862648, -0.0428081750869751, -0.06567014008760452]], [[-0.0352812297642231, -0.041474148631095886, -0.09203100204467773], [-0.05104442313313484, 0.02621123380959034, -0.10289596766233444], [-0.056714337319135666, -0.12733502686023712, -0.08569205552339554]], [[0.027618804946541786, 0.012007647193968296, -0.04772677645087242], [0.02418135479092598, 0.00808631256222725, 0.08382314443588257], [0.06729699671268463, -0.04204551875591278, 0.062492772936820984]], [[0.04313693940639496, -0.012363353744149208, -0.01057263370603323], [-0.055180251598358154, 0.09237731993198395, -0.03333018720149994], [-0.04153721034526825, 0.0347486212849617, 0.001979655819013715]], [[0.03665049374103546, -0.08586107194423676, 0.06896515935659409], [0.06488821655511856, -0.02282111346721649, -0.07582163065671921], [-0.1369072049856186, -0.06646468490362167, -0.0935940369963646]], [[0.07173577696084976, 0.03986523672938347, 0.024738842621445656], [-0.047506265342235565, 0.11623885482549667, 0.005934546235948801], [-0.09088613092899323, 0.08826291561126709, -0.06384475529193878]], [[0.021535232663154602, 0.06031293794512749, 0.040573567152023315], [-0.06700234115123749, 0.0792013481259346, -0.02226380445063114], [0.0025710256304591894, -0.049146439880132675, -0.03303804248571396]], [[0.011637476272881031, -0.04368790239095688, -0.028909185901284218], [-0.022598925977945328, -0.044034235179424286, -0.08756927400827408], [-0.03547392785549164, -0.12223406136035919, -0.08690124750137329]], [[-0.09366881847381592, 0.019625704735517502, 0.0184179674834013], [-0.037764452397823334, -0.03225228935480118, -0.08943833410739899], [0.015237306244671345, 0.0013113674940541387, 0.04213331267237663]], [[-0.07720912992954254, -0.0190676711499691, -0.058892834931612015], [-0.10083043575286865, -0.08364870399236679, 0.0027529573999345303], [-0.013754591345787048, 0.0327429361641407, 0.07482748478651047]], [[0.01586517132818699, -0.10891258716583252, -0.019835488870739937], [0.008493909612298012, -0.11650333553552628, -0.10143841058015823], [-0.020220084115862846, -0.08089316636323929, 0.042658645659685135]], [[0.006497728172689676, 0.020241079851984978, 0.08943181484937668], [0.00675933575257659, 0.010181520134210587, 0.005354623310267925], [-0.034770239144563675, 0.04153929650783539, 0.051653940230607986]], [[-0.08974361419677734, -0.04220811277627945, 0.05746058374643326], [-0.1446990966796875, 0.05695900321006775, 0.010303579270839691], [-0.07411075383424759, -0.030708713456988335, -0.0460190512239933]], [[-0.09426269680261612, 0.059304479509592056, 0.02669965848326683], [-0.05335677042603493, 0.08619281649589539, 0.03191930055618286], [-0.0003894592518918216, 0.03756348788738251, -0.007513678632676601]], [[-0.03892037272453308, 0.0069443341344594955, 0.03530270233750343], [0.021065296605229378, 0.0008693351410329342, 0.04882888123393059], [0.045827094465494156, -0.0247710719704628, 0.07399547100067139]], [[-0.07804058492183685, -0.11191949248313904, -0.08274180442094803], [-0.11464522033929825, -0.04312311112880707, 0.031208425760269165], [-0.08569753170013428, 0.0855143740773201, 0.13653968274593353]], [[-0.019598636776208878, 0.06312571465969086, -0.016609473153948784], [0.03158031031489372, 0.05940604582428932, 0.013216037303209305], [0.11265338957309723, -0.03936590626835823, 0.053246334195137024]], [[-0.11444997787475586, -0.10779479146003723, 0.12593722343444824], [-0.15507353842258453, -0.056974299252033234, -0.040360454469919205], [-0.13243481516838074, -0.010626537725329399, 0.07974843680858612]], [[-0.09496361762285233, -0.18393352627754211, 0.1312013566493988], [-0.1101183295249939, -0.0841585025191307, -0.11054027825593948], [-0.1540883630514145, -0.09008850157260895, -0.07201550155878067]], [[0.14717020094394684, 0.006044038105756044, -0.04759461432695389], [0.13751386106014252, 0.03125358000397682, 0.15123683214187622], [0.02903623878955841, 0.15027864277362823, -0.026158984750509262]], [[-0.044770464301109314, -0.0031412888783961535, 0.08075003325939178], [-0.08992592245340347, -0.06640506535768509, -0.04425962269306183], [-0.01203247532248497, 0.007983572781085968, -0.07923523336648941]], [[0.01264246180653572, -0.016028480604290962, -0.08671526610851288], [0.01102235447615385, -0.08533316850662231, 0.020675567910075188], [-0.004996097180992365, -0.18688637018203735, 0.08576476573944092]], [[0.002251245314255357, -0.046222880482673645, 0.03471747413277626], [0.011738601140677929, 0.05886058509349823, 0.04640296474099159], [0.009196093305945396, -0.040173571556806564, 0.048569053411483765]], [[0.0018280070507898927, 0.07999756187200546, 0.05882936343550682], [0.0648772120475769, 0.035064831376075745, -0.0691654309630394], [-0.006669982802122831, -0.029560111463069916, -0.03146856650710106]], [[-0.0847512036561966, -0.0631389394402504, -0.06831606477499008], [-0.05207279324531555, -0.016772346571087837, 0.060348913073539734], [-0.03504771739244461, -0.03267574682831764, 0.04641517996788025]], [[0.0010363145265728235, 0.00852551031857729, -0.14551855623722076], [0.0006916741258464754, -0.07626251876354218, -0.1170014888048172], [-0.035771921277046204, -0.008787115104496479, -0.1354312002658844]], [[0.06814418733119965, 0.03817431256175041, 0.06325068324804306], [0.09474313259124756, 0.023353056982159615, 0.08400087803602219], [0.09048710763454437, 0.126198872923851, 0.10998500138521194]], [[-0.013153637759387493, -0.0655980184674263, -0.1547916829586029], [-0.017196711152791977, 0.006466936785727739, 0.08417348563671112], [-0.0905231162905693, -0.039028748869895935, 0.0937969833612442]], [[0.03556443005800247, -0.22699344158172607, -0.25075337290763855], [-0.1090494841337204, -0.17366062104701996, 0.034235771745443344], [-0.13963793218135834, -0.001899640541523695, 0.06262299418449402]], [[-0.05275681987404823, -0.030204404145479202, -0.23964326083660126], [0.018642915412783623, -0.02765064872801304, -0.14500883221626282], [-0.08782809972763062, -0.016706036403775215, -0.08970458805561066]], [[-0.054205529391765594, 0.08419229835271835, -0.01685834676027298], [0.048258062452077866, 0.031226037070155144, 0.011809156276285648], [0.07190928608179092, -0.009766791947185993, 0.05371733382344246]], [[-0.0151401087641716, -0.17188094556331635, -0.0807000994682312], [-0.08608461171388626, -0.052106842398643494, -0.09353603422641754], [-0.14621561765670776, -0.04879473149776459, 0.10110922157764435]]], "bias": -0.08818388730287552}