{"layer": "conv2", "index": 26, "weights": [[[-0.017119305208325386, -0.009385623969137669, 0.014540336094796658], [-0.05553853139281273, 0.08066313713788986, 0.010707897134125233], [0.09040850400924683, 0.024905361235141754, 0.00830274261534214]], [[0.03856043145060539, -0.042565103620290756, 0.01589350402355194], [0.04959150403738022, 0.08559463918209076, 0.02691083960235119], [-0.1352728009223938, -0.03013305924832821, 0.03389787673950195]], [[-0.08753596991300583, -0.015552335418760777, -0.004904735833406448], [-0.07278096675872803, -0.05373702198266983, 0.07377152889966965], [0.0617368146777153, -0.037869278341531754, -0.0344943068921566]], [[0.03634534403681755, 0.003451308701187372, -0.014609548263251781], [0.04426282271742821, -0.0060003953985869884, 0.032631710171699524], [0.050776366144418716, -0.0037121030036360025, -0.10615212470293045]], [[-0.01626528799533844, 0.008932849392294884, -0.12117933481931686], [-0.12033525854349136, -0.003273884765803814, 0.04237005487084389], [0.1138978898525238, 0.05493368208408356, 0.05545136705040932]], [[0.027093423530459404, 0.04688828065991402, -0.0037559897173196077], [0.0016119921347126365, -0.020683294162154198, -0.003214523894712329], [-0.08703356236219406, -0.05429447814822197, -0.06064152345061302]], [[0.061676204204559326, 0.01524615753442049, -0.008480257354676723], [0.05804019421339035, 0.07368287444114685, -0.036081332713365555], [-0.02351193316280842, -0.040811870247125626, -0.023898568004369736]], [[-0.031684763729572296, -0.10393024235963821, 0.010111757554113865], [-0.11524684727191925, -0.12059742957353592, -0.05719934403896332], [-0.049358755350112915, -0.03528659790754318, -0.021028712391853333]], [[0.08492496609687805, -0.09864355623722076, -0.07689573615789413], [0.07239300012588501, 0.0674796923995018, 0.06238585337996483], [0.01850546896457672, -0.003908694721758366, -0.12583576142787933]], [[0.006238347850739956, -0.03342963755130768, -0.08166828006505966], [0.06018708646297455, 0.018942123278975487, 0.022318627685308456], [-0.09656735509634018, -0.04761188104748726, -0.09280135482549667]], [[-0.08912006765604019, 0.036253660917282104, -0.011589368805289268], [-0.002411115448921919, 0.10417386889457703, 0.13688838481903076], [0.13427937030792236, 0.0760151818394661, 0.025886772200465202]], [[0.07172480970621109, -0.08234739303588867, -0.03726761415600777], [0.01823526993393898, -0.022232141345739365, 0.016961373388767242], [-0.014800971373915672, -0.08397717773914337, -0.007796041201800108]], [[0.017282813787460327, -0.014667123556137085, -0.11928755789995193], [0.050498489290475845, 0.037266626954078674, 0.041100770235061646], [0.046930231153964996, -0.06387671828269958, -0.09105271846055984]], [[0.036775458604097366, -0.015332691371440887, -0.01259398739784956], [-0.07245247811079025, 0.032262593507766724, 0.03826044872403145], [-0.009105298668146133, -0.012809371575713158, -0.054808925837278366]], [[-0.02690504863858223, 0.007860515266656876, -0.12638245522975922], [-0.02763325162231922, 0.013946476392447948, -0.03609751537442207], [0.011963941156864166, -0.03469540923833847, -0.10792764276266098]], [[-0.004857479594647884, -0.026426982134580612, 0.030808178707957268], [0.04775885492563248, 0.07668051868677139, 0.019759701564908028], [-0.10857857018709183, -0.07712691277265549, -0.1018732413649559]], [[-0.041888318955898285, -0.023700086399912834, 0.02855462022125721], [-0.16951175034046173, -0.13437245786190033, -0.04142637923359871], [-0.14483605325222015, -0.053376294672489166, -0.05686390772461891]], [[0.10218562185764313, -0.06582462787628174, -0.17056022584438324], [0.05418137460947037, 0.14024636149406433, 0.04958783835172653], [-0.011038090102374554, 0.04805873706936836, -0.02856418490409851]], [[-0.049351681023836136, -0.04044457897543907, -0.10728142410516739], [-0.04637473076581955, 0.051404908299446106, 0.003227719571441412], [0.04861684888601303, 0.0781535729765892, 0.03529517352581024]], [[0.06055861711502075, 0.06522304564714432, 0.06623993068933487], [0.035852767527103424, -0.031201118603348732, -0.13948439061641693], [0.01633578911423683, -0.04053980112075806, -0.04233020544052124]], [[-0.03137896955013275, -0.015636861324310303, -0.08472064137458801], [0.018163565546274185, -0.05948672071099281, 0.0099097341299057], [0.05023384466767311, 0.06051943451166153, 0.019663650542497635]], [[-0.07694034278392792, 0.027148623019456863, 0.006055206526070833], [0.004329433664679527, -0.0006752301706001163, 0.030194733291864395], [-0.042186155915260315, -0.027443405240774155, -0.12293220311403275]], [[0.0106046749278903, 0.019813459366559982, 0.00893778819590807], [0.015423127450048923, -0.03459057956933975, 0.03976522386074066], [-0.02142878994345665, -0.07177586853504181, -0.004746914841234684]], [[0.005467060953378677, -0.04405227676033974, 0.05945311486721039], [-0.03578469529747963, 0.017400015145540237, -0.07528939098119736], [-0.04356618970632553, -0.08696111291646957, -0.03376984968781471]], [[-0.07881715893745422, 0.04177851974964142, 0.05586852505803108], [0.056287795305252075, -0.026026034727692604, -0.07727217674255371], [-0.02014998160302639, 0.09951010346412659, -0.04520369693636894]], [[-0.07296379655599594, -0.01945686526596546, -0.04411599040031433], [-0.09768082946538925, -0.0373016856610775, -0.03679589554667473], [0.011770753189921379, -0.066596120595932, 0.018513144925236702]], [[0.08721539378166199, -0.12249967455863953, -0.10292962193489075], [-0.07728282362222672, -0.019761627539992332, 0.016014689579606056], [-0.08572957664728165, -0.07910335808992386, 0.007493454497307539]], [[-0.0798015221953392, -0.07061295211315155, -0.05758622661232948], [0.0025232085026800632, -0.038222428411245346, -0.03576751425862312], [-0.03553622215986252, 0.00974736176431179, -0.10306350886821747]], [[-0.016118183732032776, -0.012758188880980015, 0.04583333432674408], [0.08187472820281982, 0.004450734239071608, -0.09284541010856628], [-0.02411619760096073, -0.027042046189308167, -0.018222620710730553]], [[-0.14786846935749054, -0.06356203556060791, 0.018208464607596397], [-0.07217313349246979, -0.07872352004051208, -0.10539212822914124], [-0.05708355829119682, 0.036462463438510895, -0.03298887610435486]], [[-0.09952865540981293, -0.025984274223446846, -0.06480418145656586], [-0.048107024282217026, -0.05654658004641533, -0.019043350592255592], [-0.028160467743873596, -0.07413889467716217, -0.02802111953496933]], [[0.0026433186139911413, -0.012985647656023502, -0.11560633778572083], [-0.003341898787766695, -0.00015030987560749054, 0.08116563409566879], [0.054741859436035156, 0.05714871734380722, -0.038406852632761]]], "bias": -0.01616698130965233}