{"layer": "conv1", "index": 0, "weights": [[[0.09845902770757675, 0.27562111616134644, 0.00913955271244049], [-0.3178206980228424, -0.42506617307662964, -0.022708969190716743], [0.12219823151826859, 0.22111989557743073, -0.1449083536863327]]], "bias": -0.07745382934808731}