{"layer": "conv1", "index": 3, "weights": [[[0.025415921583771706, 0.302958607673645, -0.05372690409421921], [0.061363473534584045, 0.2958140969276428, -0.38873112201690674], [-0.2719244360923767, 0.3183469772338867, 0.07981885969638824]]], "bias": -0.26927441358566284}