{"layer": "conv1", "index": 23, "weights": [[[-0.016708901152014732, -0.2224288433790207, 0.20935358107089996], [-0.5168869495391846, 0.007431188598275185, 0.307908833026886], [-0.02230214886367321, 0.29473116993904114, 0.22722260653972626]]], "bias": -0.3578695058822632}