{"layer": "conv2", "index": 38, "weights": [[[0.0834282711148262, 0.1802939623594284, 0.08640709519386292], [-0.03678514063358307, -0.08786709606647491, 0.042067259550094604], [-0.08147037029266357, 0.002677205251529813, 0.029139894992113113]], [[0.11192315071821213, 0.021412953734397888, 0.020383112132549286], [0.03447107970714569, 0.09131830185651779, -0.0950351357460022], [-0.0505535788834095, -0.08290302008390427, -0.08685111999511719]], [[-0.1729251891374588, -0.015828683972358704, 0.013458806090056896], [-0.04060782864689827, 5.7712633861228824e-05, -0.17500373721122742], [0.03863881900906563, 0.12312765419483185, 0.0005964677548035979]], [[-0.05978234112262726, -0.06726298481225967, -0.17551803588867188], [-0.007474282290786505, 0.0757245123386383, 0.01619003713130951], [0.03907068073749542, 0.12316954880952835, 0.12903030216693878]], [[-0.013800027780234814, -0.07856042683124542, -0.07373932749032974], [-0.08577726036310196, -0.16524261236190796, -0.17054176330566406], [-0.039473675191402435, -0.08727908134460449, -0.17767274379730225]], [[-0.07394120842218399, -0.10444796830415726, -0.09018450230360031], [-0.02844058722257614, 0.08884336054325104, 0.06108302250504494], [-0.004547490272670984, 0.059157632291316986, 0.051332030445337296]], [[-0.0283824410289526, -0.11483673006296158, -0.11283471435308456], [-0.045536112040281296, -0.025826402008533478, -0.16453102231025696], [-0.058947011828422546, -0.023486096411943436, -0.06859751790761948]], [[0.02331947535276413, 0.005319301038980484, -0.03183039277791977], [-0.0007240971899591386, 0.021812859922647476, -0.05975774675607681], [-0.012506954371929169, -0.01444513164460659, -0.06454028934240341]], [[-0.009152689017355442, -0.16052435338497162, -0.21714191138744354], [0.09136230498552322, 0.008890572004020214, -0.09375247359275818], [-0.014362738467752934, -0.019629966467618942, -0.03022436797618866]], [[-0.04641091451048851, -0.10930225998163223, -0.221932515501976], [-0.024680308997631073, 0.0636792853474617, -0.06063301861286163], [-0.09934867173433304, 0.09505753219127655, 0.13508708775043488]], [[-0.0018039612332358956, 0.016344157978892326, 0.05690385401248932], [-0.20446822047233582, -0.010954353027045727, -0.029501136392354965], [-0.009503038600087166, -0.04955796152353287, -0.11555105447769165]], [[-0.032058849930763245, -0.06866712123155594, -0.05710049346089363], [-0.0358121357858181, -0.02609327808022499, -0.04993702471256256], [-0.05235894024372101, 0.0515117347240448, -0.07037876546382904]], [[-0.030195264145731926, -0.1356901377439499, -0.1832369863986969], [0.03161059319972992, 0.013478411361575127, -0.06999779492616653], [0.002761512529104948, -0.008957158774137497, 0.04455067589879036]], [[-0.07642626017332077, -0.14355206489562988, -0.08908505737781525], [-0.03065427392721176, -0.02001255378127098, -0.15693959593772888], [-0.08775553852319717, 0.05655910074710846, -0.07673801481723785]], [[-0.08266884088516235, -0.1478274017572403, -0.1274864673614502], [0.01707558147609234, 0.05768395960330963, -0.03101816214621067], [0.022204024717211723, 0.18638105690479279, 0.09956282377243042]], [[0.10985734313726425, -0.001577449613250792, -0.0992402732372284], [-0.0074646128341555595, 0.11518067121505737, 0.10826099663972855], [-0.04965564236044884, 0.027931418269872665, 0.1795012503862381]], [[-0.1210516020655632, -0.04169727861881256, 0.021721892058849335], [-0.09026673436164856, -0.07000033557415009, -0.10658667981624603], [0.030439792200922966, 0.117062509059906, -0.1433054506778717]], [[0.001518050441518426, 0.0236983560025692, 0.03758203610777855], [-0.06333655118942261, -0.09968219697475433, -0.33884289860725403], [-0.057441528886556625, -0.0220732893794775, -0.14678315818309784]], [[0.0652000904083252, 0.12124764174222946, -0.03374985232949257], [-0.06535544246435165, -0.0591188408434391, -0.10933820903301239], [-0.09515132009983063, -0.06656993180513382, -0.2199622541666031]], [[0.0702575296163559, -0.06841578334569931, -0.0810866728425026], [-0.1442798525094986, -0.031000781804323196, 0.03843265399336815], [-0.10909473150968552, 0.05161426588892937, 0.09816348552703857]], [[0.008569871075451374, -0.07778336852788925, -0.09484517574310303], [0.06590486317873001, -0.036799538880586624, 0.062409017235040665], [0.011331800371408463, 0.005808328278362751, 0.04752734303474426]], [[0.10058257728815079, 0.07441352307796478, -0.21178869903087616], [0.02079363726079464, 0.14090314507484436, -0.01479325257241726], [-0.056522298604249954, 0.008408542722463608, 0.081044502556324]], [[0.04294431209564209, -0.04344999045133591, -0.16527943313121796], [-0.018293337896466255, 0.14072425663471222, 0.04646812006831169], [0.008725994266569614, 0.026440314948558807, 0.04006596654653549]], [[-0.1566540002822876, -0.17800353467464447, -0.189581960439682], [-0.0026726939249783754, 0.016424356028437614, -0.1882394403219223], [-0.035651158541440964, 0.08065816015005112, -0.03945082426071167]], [[0.022740734741091728, 0.010798566974699497, -0.05733862519264221], [-0.10317550599575043, 0.05401339381933212, -0.18513233959674835], [-0.01650446094572544, 0.08255544304847717, -0.07025106251239777]], [[-0.02977096475660801, 0.018206428736448288, 0.045918058604002], [0.01241961307823658, -0.0021751895546913147, -0.048446279019117355], [-0.05609184131026268, -0.11205636709928513, -0.0744566097855568]], [[-0.09482003003358841, -0.15183305740356445, 0.128779798746109], [-0.10481377691030502, -0.08205325901508331, 0.004502155352383852], [0.05643099173903465, 0.18811321258544922, 0.059672027826309204]], [[0.07804714888334274, 0.07327445596456528, -0.04742027819156647], [-0.06422316282987595, 0.19150115549564362, 0.052342984825372696], [-0.09154900163412094, 0.12617824971675873, 0.04045919328927994]], [[0.05317451059818268, 0.1493418961763382, 0.16319237649440765], [-0.07537537813186646, 0.03721633553504944, 0.1263616532087326], [-0.08573726564645767, 0.06084433197975159, 0.2172052264213562]], [[0.07001668959856033, 0.08313873410224915, -0.014570009894669056], [0.017363891005516052, -0.05734029412269592, 0.010151553899049759], [0.008890204131603241, 0.06293819844722748, 0.06264670938253403]], [[-0.13537225127220154, -0.06853874772787094, -0.030555900186300278], [-0.03956238180398941, 0.03751105070114136, -0.13260164856910706], [0.10627211630344391, 0.16498064994812012, 0.06365308910608292]], [[-0.017545942217111588, 0.12471914291381836, 0.03247872367501259], [-0.07775260508060455, -0.08938013762235641, -0.06364660710096359], [0.03774314001202583, -0.004323947709053755, -0.14273324608802795]]], "bias": -0.04130948334932327}