{"layer": "conv2", "index": 51, "weights": [[[0.08334110677242279, 0.012919553555548191, -0.02923787757754326], [-0.012438572011888027, -0.03835638612508774, 0.015510543249547482], [0.04406168684363365, -0.030185282230377197, 0.05549678951501846]], [[-0.12111923843622208, -0.09157051891088486, -0.028663452714681625], [-0.001729388372041285, -0.014279377646744251, -0.06048719212412834], [0.0637005940079689, -0.015062684193253517, -0.009084705263376236]], [[-0.008985810913145542, 0.08713993430137634, -0.011519775725901127], [0.05440853536128998, -0.028687678277492523, -0.05971430987119675], [-0.05343825742602348, -0.010103183798491955, 0.015424391254782677]], [[0.028330789878964424, 0.019109150394797325, 0.03198030963540077], [-0.10049057006835938, -0.030642429366707802, 0.07872015982866287], [-0.03983815386891365, 0.12174556404352188, -0.05806881934404373]], [[0.07498849928379059, -0.06359918415546417, 0.0797598659992218], [-0.06109560281038284, 0.06170210242271423, 0.15211880207061768], [0.0013641905970871449, 0.08568146824836731, -0.0355883352458477]], [[-0.13313601911067963, -0.06658341735601425, 0.06526890397071838], [-0.09709950536489487, 0.03235151246190071, 0.1222740039229393], [-0.0696648508310318, 0.10125932842493057, 0.04906356334686279]], [[-0.06018746644258499, 0.026929445564746857, -0.04062078148126602], [0.04155241698026657, 0.06044282764196396, -0.064340740442276], [0.010154801420867443, 0.052912771701812744, -0.09597545862197876]], [[-0.03966637700796127, -0.010681900195777416, -0.002082487568259239], [0.03851768374443054, -0.014012725092470646, -0.05087287724018097], [0.07492494583129883, -0.03211090713739395, -0.10795249044895172]], [[-0.07839911431074142, -0.10112559795379639, 0.059599220752716064], [-0.07799457758665085, 0.08567045629024506, -0.009574014693498611], [-0.051215872168540955, -0.05238572880625725, -0.08108806610107422]], [[-0.09978640824556351, -0.06881404668092728, -0.04656953364610672], [-0.10853005200624466, -0.08481987565755844, -0.05087379738688469], [-0.008780784904956818, 0.035053715109825134, 0.05419794097542763]], [[0.15011921525001526, 0.003962187562137842, -0.1588352471590042], [0.017582513391971588, -0.15433098375797272, -0.005195294041186571], [-0.12978599965572357, -0.007391728926450014, -0.08167756348848343]], [[-0.036904476583004, -0.02252536080777645, -0.027337662875652313], [0.006105026230216026, 0.02954511158168316, -0.00039296047179959714], [0.054902300238609314, 0.0795556902885437, -0.0774039626121521]], [[-0.03867287561297417, -0.07559232413768768, 0.09844887256622314], [-0.1285354495048523, 0.037701863795518875, 0.07950997352600098], [-0.020066918805241585, 0.07747860997915268, -0.025561729446053505]], [[-0.03151289001107216, -0.012054220773279667, 0.07827125489711761], [-0.06845461577177048, 0.11553417146205902, -0.054284799844026566], [0.04484997317194939, -0.0439087338745594, -0.026432912796735764]], [[-0.06398118287324905, 0.03633781522512436, 0.049350813031196594], [-0.05514664575457573, 0.04748851805925369, -0.08496112376451492], [-0.012084897607564926, -0.06893150508403778, -0.048656195402145386]], [[-0.04477835074067116, -0.15298356115818024, -0.09416340291500092], [-0.06996981799602509, -0.05324121192097664, -0.0047902269288897514], [-0.005545452702790499, 0.002530492376536131, 0.09028554707765579]], [[-0.11460163444280624, 0.10247181355953217, -0.02591952122747898], [0.04937083646655083, 0.1065264344215393, -0.17129650712013245], [0.0679442510008812, 0.07849536836147308, -0.08008530735969543]], [[0.10184165835380554, -0.08022680878639221, 0.09152800589799881], [-0.12411952763795853, 0.08305429667234421, 0.09064527601003647], [-0.0397723913192749, -0.03416258841753006, 0.006839514710009098]], [[0.1557055413722992, -0.013572673313319683, 0.13019125163555145], [-0.015441883355379105, -0.06301930546760559, 0.03360320255160332], [-0.048421941697597504, -0.12555161118507385, -0.1690402328968048]], [[-0.05005098506808281, -0.08109983056783676, 0.11297449469566345], [-0.13462598621845245, -0.08165570348501205, 0.15960271656513214], [0.05211058631539345, 0.13314677774906158, 0.14691178500652313]], [[0.045851439237594604, 0.005329234525561333, 0.023062629625201225], [-0.07816856354475021, 0.01878424361348152, 0.027006391435861588], [0.026464208960533142, 0.007898700423538685, -0.047835126519203186]], [[-0.05877474695444107, -0.03923170268535614, 0.005395033862441778], [-0.10467461496591568, -0.07556311041116714, -0.009474567137658596], [-0.027681125327944756, -0.004189484752714634, 0.07424096763134003]], [[-0.06325129419565201, 0.013990413397550583, -0.033511847257614136], [-0.12490925192832947, -0.06562340259552002, 0.06814023852348328], [-0.057627253234386444, 0.039896152913570404, 0.03392782434821129]], [[-0.05555320531129837, 0.03753779083490372, 0.03896569833159447], [0.053984858095645905, 0.10429651290178299, -0.043093688786029816], [-0.005050159990787506, 0.002414018614217639, -0.056028082966804504]], [[-0.020052090287208557, 0.012242259457707405, -0.03374599665403366], [-0.002836951520293951, 0.010048494674265385, 0.12959623336791992], [-0.044985949993133545, 0.0677894875407219, 0.14168870449066162]], [[-0.07799326628446579, -0.08255738019943237, -0.1126818135380745], [0.013145661912858486, -0.12621834874153137, -0.041367948055267334], [-0.071448914706707, 0.01343927439302206, -0.06738805770874023]], [[-0.08214984834194183, 0.05039408802986145, 0.011352493427693844], [0.0023871527519077063, 0.09857355803251266, -0.14554934203624725], [0.006784804631024599, 0.06181486323475838, -0.0577826127409935]], [[-0.1337377279996872, -0.022923622280359268, -0.15211121737957], [-0.05144235119223595, -0.08991675078868866, 0.09031647443771362], [-0.08152476698160172, 0.004794633947312832, 0.02020951174199581]], [[-0.07259780168533325, -0.2658705413341522, -0.054566483944654465], [-0.028790779411792755, -0.27425718307495117, -0.07664796710014343], [-0.08009157329797745, 0.039839744567871094, 0.08373526483774185]], [[-0.10552730411291122, -0.05136454105377197, -0.10424816608428955], [-0.0024709152057766914, -0.06818574666976929, -0.16148903965950012], [-0.033872392028570175, -0.13737641274929047, 0.03372941166162491]], [[-0.050288163125514984, 0.04534279927611351, 0.05916249006986618], [-0.02941141091287136, 0.008345806039869785, -0.10642446577548981], [-0.05218095704913139, -0.029676973819732666, -0.05715938284993172]], [[0.14172056317329407, -0.14070910215377808, -0.15515738725662231], [-0.05836585909128189, -0.10773548483848572, -0.09971129149198532], [-0.08595764636993408, -0.04544827342033386, -0.02615959383547306]]], "bias": -0.018080318346619606}