{"layer": "conv2", "index": 55, "weights": [[[0.14348870515823364, -0.043493617326021194, -0.17777983844280243], [0.05064783990383148, 0.03624450042843819, -0.09155729413032532], [0.0649808868765831, -0.10927868634462357, -0.10386724770069122]], [[0.1072884276509285, -0.056229520589113235, -0.09319018572568893], [0.013816889375448227, 0.00897995661944151, -0.08191501349210739], [-0.03447488695383072, -0.02704661898314953, -0.11123307794332504]], [[-0.07107087224721909, 0.07803002744913101, 0.0007977779605425894], [-0.07274410128593445, -0.07617434859275818, 0.12194813042879105], [0.17497925460338593, -0.10157770663499832, -0.06656675040721893]], [[-0.13681823015213013, 0.029577961191534996, 0.011200567707419395], [0.010842340067029, -0.020912926644086838, -0.040061306208372116], [-0.013138431124389172, 0.076109878718853, -0.049477022141218185]], [[0.03314012289047241, 0.07307858020067215, -0.03111441060900688], [-0.04992586001753807, -0.11361542344093323, -0.1032777726650238], [-0.030572211369872093, -0.03692984580993652, -0.14799539744853973]], [[-0.05382496863603592, -0.05109861120581627, -0.024271652102470398], [0.012064913287758827, -0.09839708358049393, -0.07943824678659439], [0.04962968826293945, 0.04155098646879196, -0.06137119233608246]], [[-0.020767150446772575, -0.06152749061584473, 0.028110971674323082], [0.0052499063313007355, -0.16536162793636322, 0.0065908837132155895], [-0.008449245244264603, -0.14174412190914154, 0.0008084201836027205]], [[-0.024641627445816994, -0.0746619924902916, -0.04892986640334129], [-0.059230029582977295, -0.07373546808958054, -0.00796129647642374], [0.016187751665711403, -0.02326752245426178, 0.007209067232906818]], [[0.03342442587018013, -0.03684146702289581, -0.03303179144859314], [-0.059953078627586365, -0.15483123064041138, -0.1423298865556717], [-0.10982120037078857, -0.018502283841371536, -0.08746183663606644]], [[-0.11610925197601318, -0.08771450817584991, -0.03591138496994972], [-0.004479469731450081, -0.1271902322769165, -0.06020722910761833], [0.0144516471773386, -0.05174897983670235, -0.1136416345834732]], [[0.004685607738792896, 0.006965457461774349, -0.14636991918087006], [-0.058967508375644684, -0.034400273114442825, 0.019837580621242523], [0.12683875858783722, -0.2678314745426178, 0.09886951744556427]], [[0.03128451481461525, -0.11329198628664017, 0.016204670071601868], [-0.08898765593767166, -0.008735266514122486, 0.022363388910889626], [0.07329174876213074, -0.031040526926517487, 0.011690255254507065]], [[0.032988060265779495, -0.11840727180242538, -0.0046316878870129585], [-0.03391237556934357, -0.08059849590063095, -0.15178203582763672], [-0.012062542140483856, -0.033698417246341705, -0.0888451337814331]], [[-0.056539084762334824, -0.04224507510662079, 0.1146627739071846], [-0.10663651674985886, -0.03551103547215462, 0.09012238681316376], [0.02404644712805748, -0.09843409061431885, -0.014139228500425816]], [[-0.07338330894708633, -0.029354318976402283, 0.03713901340961456], [0.0003443885943852365, -0.1064971312880516, 0.13969269394874573], [0.07565993070602417, 0.05312152951955795, 0.04469889774918556]], [[-0.05846487358212471, -0.16073083877563477, -0.018856819719076157], [0.16499678790569305, -0.010889158584177494, -0.09489059448242188], [0.06435620039701462, 0.10571606457233429, 0.0187663696706295]], [[-0.09277074038982391, -0.031416572630405426, 0.06978494673967361], [-0.17694614827632904, -0.07975321263074875, 0.10119032859802246], [-0.01509066205471754, -0.13321176171302795, 0.03985102102160454]], [[0.14871706068515778, -0.03167085349559784, -0.14004532992839813], [0.014099164865911007, -0.12018406391143799, -0.04979348182678223], [-0.04454080015420914, -0.21862633526325226, -0.0885174497961998]], [[0.12805324792861938, 0.0612821988761425, -0.18856622278690338], [0.027769004926085472, -0.008759037591516972, -0.14297270774841309], [0.09992654621601105, -0.18187744915485382, -0.07601084560155869]], [[-0.015741970390081406, -0.05866289511322975, 0.022250177338719368], [0.014695570804178715, -0.05814623087644577, -0.009244713000953197], [0.010585788637399673, 0.15766482055187225, 0.007806363981217146]], [[0.06152989715337753, -0.023588648065924644, -0.03177695721387863], [-0.007031872868537903, 0.03307309374213219, -0.032387372106313705], [-0.0681915283203125, 0.007861623540520668, -0.09458368271589279]], [[0.00044533476466313004, -0.2153533697128296, -0.005284029990434647], [0.2717023491859436, -0.12025286257266998, -0.12264595925807953], [0.08315692842006683, 0.06633032113313675, 0.021534498780965805]], [[-0.025525446981191635, -0.01628711074590683, 0.016384346410632133], [0.0975843146443367, -0.08115942776203156, -0.13785162568092346], [0.07577506452798843, 0.100189708173275, -0.02624574676156044]], [[-0.0278804749250412, 0.004059238359332085, 0.06184103712439537], [-0.060486458241939545, -0.08870965987443924, 0.06156494840979576], [0.04277482628822327, -0.08798451721668243, -0.012789333239197731]], [[-0.02585052140057087, 0.03422046825289726, 0.06926538050174713], [0.05232762545347214, -0.08708763122558594, -0.07578587532043457], [0.0052506341598927975, 0.05033859983086586, -0.18842819333076477]], [[-0.038629479706287384, -0.021183911710977554, -0.08915691077709198], [-0.087713323533535, 0.010501258075237274, 0.0035648716147989035], [-0.05710579454898834, -0.06343545764684677, 0.009082339704036713]], [[-0.08144932985305786, 0.05699264258146286, 0.10169625282287598], [-0.10146811604499817, 0.11521376669406891, 0.22834865748882294], [0.22705096006393433, -0.18328043818473816, 0.14304526150226593]], [[-0.10560651123523712, -0.04069831222295761, -0.045739881694316864], [0.22835607826709747, -0.13643847405910492, -0.110152967274189], [0.15623244643211365, 0.057086460292339325, -0.05054435133934021]], [[0.003953959792852402, -0.11435525864362717, -0.1629345417022705], [0.23887091875076294, 0.18442603945732117, -0.10797730088233948], [-0.024549497291445732, 0.12513868510723114, 0.06231740117073059]], [[0.003711021738126874, -0.03568224608898163, -0.12370546162128448], [0.019728155806660652, -0.006096803117543459, -0.10888083279132843], [0.008024976588785648, 0.016386378556489944, 0.04001237452030182]], [[-0.03842897340655327, 0.033702410757541656, 0.04707559198141098], [-0.1658734828233719, 0.012584480457007885, 0.1299116015434265], [0.18762201070785522, -0.006509691476821899, 0.03983977809548378]], [[0.10945107042789459, 0.0038672187365591526, -0.10920514166355133], [-0.028384223580360413, -0.04187914729118347, 0.04650068283081055], [0.005491409916430712, -0.18481259047985077, 0.044996991753578186]]], "bias": -0.0355815589427948}