{"layer": "conv2", "index": 1, "weights": [[[-0.04072579741477966, 0.010568530298769474, -0.038265254348516464], [0.016801724210381508, -0.031944017857313156, -0.03166346624493599], [0.01425873301923275, -0.08107229322195053, 0.011910348199307919]], [[0.09677102416753769, 0.02463935688138008, -0.06873519718647003], [0.035974834114313126, -0.10670382529497147, -0.10361258685588837], [0.053987979888916016, -0.07773558050394058, -0.11748894304037094]], [[-0.054396092891693115, 0.004802549257874489, -0.02746289223432541], [0.05775822326540947, 0.05365518480539322, -0.0220255758613348], [0.08846781402826309, -0.03443794324994087, -0.15748625993728638]], [[-0.06094174087047577, 0.03117969073355198, 0.033518556505441666], [0.014989372342824936, 0.013179811649024487, 0.0627569705247879], [-0.0026788946706801653, 0.10099747031927109, 0.009633241221308708]], [[-0.17435839772224426, -0.07795809954404831, 0.04411671310663223], [0.11235243827104568, -0.07883613556623459, 0.008687171153724194], [-0.008743652142584324, -0.05167699605226517, 0.028529686853289604]], [[-0.10412102937698364, -0.03367812931537628, 0.036330170929431915], [-0.0884590670466423, -0.027587488293647766, 0.06454885751008987], [-0.1344587206840515, 0.011478203348815441, 0.03667537122964859]], [[0.11967133730649948, 0.06640848517417908, -0.042063407599925995], [-0.018820902332663536, -0.014326169155538082, -0.028542231768369675], [0.07500260323286057, 0.07591742277145386, -0.04850738123059273]], [[0.029863322153687477, -0.04807521402835846, -0.03639987111091614], [-0.009724353440105915, -0.0145778963342309, -0.05351894721388817], [0.03855634853243828, -0.05648845061659813, -0.11043282598257065]], [[0.02946961484849453, 0.04938414320349693, 0.06788163632154465], [-0.014440815895795822, -0.021231580525636673, 0.007157790008932352], [0.029846709221601486, 0.03378361463546753, 0.04891841486096382]], [[0.03328850865364075, -0.0056105563417077065, -0.03473281487822533], [-0.031390052288770676, -0.04182356223464012, -0.07105735689401627], [-0.04413105547428131, -0.024791743606328964, -0.06506375223398209]], [[0.025565095245838165, -0.1313948929309845, -0.17954856157302856], [0.19824086129665375, -0.04065784439444542, -0.059425145387649536], [-0.008940129540860653, -0.148843914270401, -0.11652595549821854]], [[-0.03747456520795822, 0.07606334239244461, -0.04881570115685463], [0.016797583550214767, 0.030164718627929688, -0.03813258558511734], [0.014780549332499504, 0.04646681994199753, -0.07345497608184814]], [[0.04669051989912987, 0.011992240324616432, 0.07622789591550827], [-0.03092227876186371, -0.04592835530638695, 0.002228938974440098], [-0.06499668955802917, 0.044823698699474335, 0.012215984053909779]], [[0.05504445731639862, 0.02414175309240818, -0.04018569365143776], [-0.024567225947976112, 0.0012465068139135838, -0.10085301846265793], [0.011720553040504456, 0.054598405957221985, -0.09067600220441818]], [[-0.013520872220396996, 0.08339137583971024, -0.027338609099388123], [0.0966438427567482, 0.0758281722664833, -0.0509975403547287], [0.05458978936076164, 0.09457109123468399, -0.016835328191518784]], [[0.05014055594801903, -0.0958377942442894, -0.05499527230858803], [-0.16929011046886444, -0.03477085754275322, 0.008755622431635857], [-0.22491559386253357, 0.03542570769786835, -0.010660098865628242]], [[-0.040296804159879684, -0.02914213202893734, -0.09726054221391678], [0.040963366627693176, 0.01138137374073267, -0.17662732303142548], [0.12606030702590942, -0.007176573388278484, -0.1706634908914566]], [[-0.04939805716276169, -0.1052483469247818, -0.07385772466659546], [0.024514416232705116, -0.16463537514209747, -0.03766581416130066], [-0.04580405727028847, -0.04776865616440773, 0.0061793457716703415]], [[-0.12193088978528976, -0.20815207064151764, 0.02490454912185669], [0.11758193373680115, -0.02742144651710987, 0.04112887382507324], [-0.05728238821029663, -0.10545365512371063, -0.005427804309874773]], [[-0.18463005125522614, -0.11319094896316528, 0.017443427816033363], [-0.24382507801055908, -0.06824497878551483, -0.018787039443850517], [-0.18284720182418823, -0.07388783991336823, 0.05414522439241409]], [[-0.06891240924596786, -0.008846117183566093, 0.013666662387549877], [0.012096981517970562, -0.02008739672601223, 0.01344919390976429], [-0.0963701531291008, 0.03418213874101639, 0.0647607147693634]], [[0.033230483531951904, -0.0315089151263237, -0.11662150174379349], [-0.06413812190294266, -0.09797751158475876, -0.1158989667892456], [-0.07228520512580872, -0.11924567818641663, -0.10903356969356537]], [[-0.07313039898872375, -0.03201916813850403, 0.008510424755513668], [-0.06738420575857162, -0.010340061970055103, 0.001161556108854711], [-0.08269461989402771, 0.029234731569886208, 0.006222923286259174]], [[0.06262996792793274, 0.07567325979471207, 0.004687921609729528], [0.07625962048768997, 0.06617942452430725, -0.04491712152957916], [0.08620700240135193, 0.07849296927452087, -0.026726851239800453]], [[0.04713461548089981, -0.10127472877502441, -0.11978606879711151], [0.02462056092917919, -0.04167456179857254, -0.1121257096529007], [0.06563746929168701, -0.0210429560393095, 0.03613399341702461]], [[-0.03730512782931328, -0.026025500148534775, -0.03423383831977844], [0.01711115799844265, -0.06393628567457199, -0.006634098012000322], [-0.04538290202617645, -0.12557300925254822, -0.0689147338271141]], [[0.04855867102742195, -0.05152127891778946, -0.08393261581659317], [0.0690048485994339, -0.05281856656074524, -0.17919117212295532], [0.03691575303673744, 0.01826111599802971, -0.17644764482975006]], [[0.014346546493470669, 0.007883759215474129, -0.060729824006557465], [0.008273614570498466, -0.023425642400979996, -0.087839275598526], [-0.021306775510311127, -0.03976694494485855, -0.031032739207148552]], [[-0.06509124487638474, -0.16002343595027924, -0.16595789790153503], [-0.15745697915554047, -0.24432119727134705, -0.09865181148052216], [-0.18685364723205566, -0.18970026075839996, -0.018877146765589714]], [[-0.04741290211677551, -0.06614650040864944, -0.005861344281584024], [-0.025977276265621185, -0.09504769742488861, -0.10229966789484024], [0.03296523913741112, -0.1551530361175537, -0.014211113564670086]], [[-0.00013850136019755155, 0.05591505765914917, 0.004447550512850285], [0.04447105526924133, 0.07236966490745544, -0.05183316022157669], [0.0004887277027592063, 0.021761685609817505, -0.13332153856754303]], [[0.01100626029074192, -0.16276401281356812, -0.09778551012277603], [0.09811486303806305, -0.15058636665344238, -0.05097407102584839], [0.028794441372156143, -0.0993310809135437, -0.004450683481991291]]], "bias": 0.01935170590877533}