{"layer": "conv2", "index": 61, "weights": [[[-0.01840273104608059, -0.015088276006281376, 0.028362391516566277], [-0.06020325422286987, -0.035828184336423874, -0.004724554251879454], [-0.040504034608602524, -0.030024411156773567, -0.026935990899801254]], [[0.03490317985415459, -0.06794027984142303, -0.08005338907241821], [-0.035658761858940125, -0.17277726531028748, -0.17723435163497925], [-0.1502387821674347, -0.14396768808364868, -0.15615634620189667]], [[-0.011467359960079193, -0.005510819144546986, 0.03587173670530319], [0.06947053223848343, -0.11251817643642426, 0.11859720945358276], [0.09771014750003815, -0.09884210675954819, -0.0227239727973938]], [[0.00043163506779819727, 0.013240436092019081, 0.05011149123311043], [0.07360485196113586, 0.08760775625705719, -0.029262470081448555], [0.12091314792633057, 0.04473160579800606, -0.13329443335533142]], [[-0.24460935592651367, -0.05506834015250206, 0.08687588572502136], [-0.12934841215610504, 0.08194833248853683, 0.0026149062905460596], [-0.018675422295928, 0.01890527456998825, -0.012938575819134712]], [[-0.06199493259191513, -0.02438412792980671, 0.04361625015735626], [0.04588344320654869, 0.03624671325087547, 0.029435232281684875], [0.05867758393287659, 0.1034783199429512, -0.10335323959589005]], [[0.020183904096484184, -0.001813582144677639, -0.13435617089271545], [-0.038607191294431686, -0.12570106983184814, -0.07513988763093948], [-0.04094977676868439, -0.07725196331739426, -0.14297284185886383]], [[-0.09309478104114532, -0.007987825199961662, -0.1393536925315857], [-0.0628674253821373, -0.1016496941447258, -0.091041699051857], [-0.05137154459953308, -0.08480864018201828, -0.04040013253688812]], [[0.07236722111701965, 0.03076222911477089, 0.08803209662437439], [-0.019029486924409866, 0.04395264387130737, -0.09591612964868546], [0.017328349873423576, -0.061835501343011856, -0.17894519865512848]], [[0.028496868908405304, 0.011075001209974289, 0.06174478307366371], [-0.028514545410871506, -0.10557715594768524, 0.021713146939873695], [0.00577973760664463, -0.035211656242609024, -0.12582248449325562]], [[-0.05636407434940338, -0.0945684090256691, 0.07731704413890839], [-0.08618143200874329, -0.13193458318710327, 0.04886743426322937], [-0.0671624168753624, -0.09995026886463165, 0.06655298173427582]], [[0.02330715022981167, -0.04386937990784645, -0.004293664824217558], [0.030216697603464127, 0.012282122857868671, -0.08177576959133148], [0.04497864842414856, -0.02122940868139267, 0.035789381712675095]], [[-0.03553968295454979, 0.015706371515989304, 0.08642946928739548], [0.006307655945420265, 0.07185867428779602, -0.015524225309491158], [-0.005565833766013384, 0.04669217765331268, -0.05360822007060051]], [[0.07969679683446884, 0.03911924362182617, -0.04689501225948334], [0.11775162070989609, -0.03269316628575325, -0.028177108615636826], [0.08206399530172348, -0.032900601625442505, -0.13678115606307983]], [[0.08710896968841553, 0.045967016369104385, 0.009699114598333836], [0.07768288999795914, -0.04229773208498955, -0.023365698754787445], [0.13310207426548004, -0.09308411926031113, -0.06559982150793076]], [[-0.025737378746271133, -0.09830453991889954, 0.07129289209842682], [-0.15004602074623108, -0.06404943764209747, -0.007876941934227943], [-0.012464113533496857, 0.027183931320905685, -0.001929198275320232]], [[-0.02826985903084278, -0.15929432213306427, -0.13763953745365143], [0.03321154788136482, -0.17861975729465485, 0.06517899036407471], [0.1295679360628128, -0.07925995439291, 0.11322388052940369]], [[-0.1529923379421234, 0.052253641188144684, 0.0832841619849205], [-0.13765892386436462, -0.021054623648524284, -0.010964727029204369], [0.043271634727716446, -0.021500825881958008, 0.0068317316472530365]], [[-0.0771922767162323, 0.07690054178237915, 0.14827315509319305], [-0.053626030683517456, 0.06475303322076797, 0.03822248801589012], [-0.06258159130811691, -0.039498329162597656, 0.0534488819539547]], [[-0.2578692138195038, -0.17897728085517883, 0.03820589929819107], [-0.13625802099704742, 0.022619640454649925, 0.09816845506429672], [0.050190094858407974, 0.09775541722774506, 0.044658347964286804]], [[-0.06190178915858269, 0.04344821348786354, 0.1054065003991127], [0.041205815970897675, 0.08190735429525375, 0.012371646240353584], [0.0016891059931367636, 0.04928614944219589, 0.040597982704639435]], [[-0.06687893718481064, -0.019607404246926308, 0.06872525811195374], [-0.15465790033340454, -0.2001805603504181, -0.05096406117081642], [-0.10035713762044907, -0.09036625176668167, -0.024439558386802673]], [[-0.031807199120521545, 0.0006394907250069082, 0.04318355768918991], [-0.04851780831813812, -0.014254805631935596, 0.06798302382230759], [0.07867362350225449, -0.026559431105852127, -0.11709530651569366]], [[0.057700660079717636, 0.006817768327891827, -0.056131064891815186], [0.030862610787153244, -0.019540926441550255, 0.00461672293022275], [-0.014884806238114834, -0.07154742628335953, -0.07680650800466537]], [[-0.07136967778205872, -0.19272387027740479, 0.07686781883239746], [-0.10093526542186737, -0.24270491302013397, -0.038039106875658035], [0.03631531447172165, -0.047607749700546265, -0.12296926975250244]], [[-0.09114916622638702, -0.0962415486574173, -0.13211855292320251], [-0.10401586443185806, -0.0431533046066761, 0.007504972629249096], [-0.21379762887954712, -0.08320856094360352, 0.004360934719443321]], [[-0.028087452054023743, -0.18221071362495422, 0.01849278435111046], [-0.00032129898318089545, -0.10364962369203568, 0.1813984364271164], [0.18727336823940277, -0.18969206511974335, 0.11623123288154602]], [[0.012036530300974846, -0.12351236492395401, 0.08511286973953247], [-0.07242096215486526, -0.057841747999191284, -0.009574856609106064], [0.017880355939269066, 0.0006173896254040301, -0.00222708098590374]], [[-0.21999047696590424, -0.21776382625102997, 0.051772505044937134], [-0.1557098925113678, -0.1560136079788208, -0.04669378325343132], [-0.12812207639217377, 0.07031876593828201, 0.005191253963857889]], [[-0.13262484967708588, -0.11320998519659042, -0.15926340222358704], [-0.12855851650238037, -0.05710676312446594, -0.045697540044784546], [-0.1679195612668991, -0.05054270103573799, 0.046095650643110275]], [[0.08015435189008713, -0.08510050922632217, 0.04119328036904335], [0.04068153724074364, -0.03847576677799225, 0.012867322191596031], [0.07494015246629715, -0.07027533650398254, 0.034007370471954346]], [[-0.2019677460193634, 0.006924107205122709, 0.041695088148117065], [-0.22040364146232605, -0.04754911735653877, 0.019264958798885345], [-0.008733402006328106, -0.07670765370130539, 0.06974019855260849]]], "bias": -0.026874996721744537}