{"layer": "conv2", "index": 58, "weights": [[[0.021493082866072655, -0.1062680184841156, -0.0036721534561365843], [-0.10043907910585403, -0.06163777783513069, -0.08258318156003952], [0.13526217639446259, -0.025333447381854057, 0.04818228632211685]], [[0.11899106949567795, -0.036422256380319595, -0.08419035375118256], [0.09437050670385361, 0.031325533986091614, 0.03644793853163719], [-0.007417406886816025, -0.02889317460358143, -0.004865314811468124]], [[-0.10186313837766647, -0.06284087151288986, -0.033498022705316544], [-0.07129674404859543, -0.040396105498075485, 0.004589508753269911], [0.01762881688773632, 0.013951504603028297, 0.02063576877117157]], [[-0.08250810950994492, 0.026076186448335648, 0.006028884090483189], [-0.03744516521692276, 0.010207406245172024, -0.06822089105844498], [-0.03728233650326729, -0.011697355657815933, -0.04823880270123482]], [[0.062133051455020905, 0.07479880750179291, 0.047407109290361404], [0.008090964518487453, -0.04796728491783142, -0.09472580999135971], [0.10239037871360779, 0.13998863101005554, 0.06705600023269653]], [[-0.028853878378868103, 0.038484249264001846, 0.05021201819181442], [-0.01032947562634945, 0.038769591599702835, -0.03657892346382141], [-0.09157297760248184, -0.06857932358980179, -0.042988575994968414]], [[0.07533746212720871, -0.021760782226920128, -0.09587349742650986], [0.061955526471138, -0.06835675984621048, 0.03439507260918617], [-0.10323228687047958, -0.15653494000434875, -0.044461965560913086]], [[0.06795835494995117, -0.07409485429525375, -0.02220667153596878], [-0.023403003811836243, -0.03497641906142235, 0.03317342326045036], [-0.01805318333208561, 0.006997737102210522, -0.017692986875772476]], [[0.05634633079171181, 0.045082785189151764, -0.09205679595470428], [-0.03591028228402138, 0.004970443435013294, -0.05944758281111717], [-0.09256508201360703, -0.09652690589427948, -0.09048452973365784]], [[-0.06239861994981766, 0.018166085705161095, -0.00781295821070671], [0.008343526162207127, -0.07076169550418854, -0.02171054668724537], [0.056173838675022125, -0.022219443693757057, -0.046588197350502014]], [[-0.1409473717212677, -0.07064709812402725, -0.04542384296655655], [-0.13936187326908112, -0.17055661976337433, -0.1719512790441513], [0.17472898960113525, 0.09944084286689758, 0.11367737501859665]], [[0.03267547860741615, 0.028833014890551567, -0.0003997435560449958], [-0.003277744399383664, -0.05543998256325722, -0.019106509163975716], [-0.04711172729730606, 0.001739868544973433, -0.016620449721813202]], [[-0.04335766285657883, 0.04810201749205589, 0.02059900015592575], [-0.014346794225275517, 0.029383547604084015, -0.026197968050837517], [0.00793937873095274, 0.036389295011758804, -0.05718821659684181]], [[0.051104988902807236, 0.04525844007730484, -0.06175093352794647], [0.017034193500876427, -0.06489894539117813, 0.01376660168170929], [-0.1402605175971985, -0.09060091525316238, -0.03186416998505592]], [[-0.06706557422876358, -0.030254799872636795, -0.008777574636042118], [-0.004148602019995451, -0.047444142401218414, -0.007741598412394524], [-0.029330069199204445, -0.036898575723171234, -0.05550273507833481]], [[-0.020512400195002556, -0.08838227391242981, -0.07655610889196396], [-0.02425353415310383, 0.022946098819375038, 0.017566276714205742], [-0.04801550507545471, -0.14261198043823242, -0.11521454155445099]], [[0.08639568090438843, -0.030298544093966484, -0.054670777171850204], [-0.004509905353188515, -0.016980070620775223, -0.03211536258459091], [-0.023932382464408875, -0.02497175522148609, 0.0019689437467604876]], [[0.004122187849134207, -0.04379458725452423, 0.027186188846826553], [-0.006027797237038612, 0.010909700766205788, -0.026672447100281715], [0.17395958304405212, 0.08074074983596802, 0.11597277224063873]], [[-0.034864626824855804, -0.08733150362968445, -0.03828262537717819], [-0.08677593618631363, -0.1857067197561264, -0.06723826378583908], [0.15263253450393677, 0.08431563526391983, 0.039441172033548355]], [[-0.03911615163087845, 0.014816355891525745, -0.003203658852726221], [0.02026311308145523, 0.022823091596364975, -0.013559275306761265], [-0.06968865543603897, -0.08053915202617645, -0.1548793613910675]], [[-0.03676208108663559, -0.018775183707475662, -0.03534374013543129], [-0.004765775986015797, -0.015876876190304756, -0.09628917276859283], [0.030379438772797585, -0.04030149057507515, 0.024920836091041565]], [[-0.017247499898076057, -0.13538172841072083, -0.10558892041444778], [0.03800303488969803, -0.0886165052652359, 0.017543630674481392], [-0.034211862832307816, -0.04557184502482414, -0.09140778332948685]], [[-0.11452042311429977, -0.06054937466979027, 0.0009888759814202785], [-0.012373658828437328, -0.0050313426181674, -0.07975303381681442], [-0.009352533146739006, -0.04430514574050903, 0.001454022596590221]], [[0.03702159970998764, 0.04110052064061165, -0.03338680788874626], [0.04727664217352867, -0.020354514941573143, -0.04149246960878372], [-0.16566430032253265, -0.15541398525238037, -0.02769871987402439]], [[0.0676933154463768, -0.1425689458847046, -0.08957620710134506], [0.07133789360523224, -0.048701249063014984, -0.02454174868762493], [0.04791189730167389, 0.017601029947400093, -0.021987736225128174]], [[-0.07382672280073166, -0.05249623581767082, -0.01510756928473711], [-0.04860449209809303, -0.024751367047429085, 0.005852887406945229], [0.03538551554083824, -0.0022110186982899904, -0.02395741455256939]], [[0.03359159454703331, 0.0003328851598780602, -0.08364461362361908], [0.01543684583157301, -0.03317539393901825, 0.017391333356499672], [-0.06086099520325661, -0.01512205321341753, 0.06745727360248566]], [[-0.052708182483911514, -0.12167755514383316, -0.02169378474354744], [-0.01622006483376026, -0.035647567361593246, -0.012154215015470982], [0.08841492980718613, -0.021863380447030067, -0.07530286908149719]], [[-0.058670125901699066, -0.0930761992931366, -0.06966719031333923], [0.038406964391469955, -0.039172206073999405, 0.014216397888958454], [-0.024257753044366837, -0.061385832726955414, -0.03213506564497948]], [[-0.03365454822778702, -0.05180900916457176, -0.04562603309750557], [-0.03250816836953163, 0.021839812397956848, -0.02210673689842224], [0.05137788876891136, -0.03803928568959236, 0.05833945423364639]], [[0.02715207263827324, -0.017987173050642014, -0.08209537714719772], [-0.09817466884851456, -0.001656646141782403, -0.08271809667348862], [0.07454229891300201, 0.03279000520706177, -0.015471790917217731]], [[-0.12115149945020676, -0.06145394966006279, -0.02407688833773136], [-0.020082633942365646, -0.015572266653180122, -0.051294200122356415], [0.20095469057559967, 0.14390909671783447, 0.12042468041181564]]], "bias": -0.05710441991686821}