{"layer": "conv2", "index": 47, "weights": [[[-0.057530224323272705, -0.10755173861980438, 0.09010997414588928], [-0.023552732542157173, 0.022273458540439606, -0.030349072068929672], [0.010888870805501938, -0.06252722442150116, -0.0213430505245924]], [[0.10938537120819092, 0.08416496217250824, -0.05994921177625656], [0.05943261831998825, -0.048288412392139435, -0.021479196846485138], [0.015270714648067951, -0.07239559292793274, -0.06379039585590363]], [[-0.04832085222005844, -0.0052808308973908424, 0.022983716800808907], [-0.04789375513792038, -0.03194434568285942, -0.026778656989336014], [0.03522316366434097, -0.037965286523103714, -0.06569536030292511]], [[-0.0287785641849041, 0.04154558852314949, 0.05071943253278732], [0.04890036582946777, 0.07198543846607208, -0.05502958968281746], [-0.01017566304653883, -0.02620892971754074, 0.008972721174359322]], [[-0.16638131439685822, 0.009159781970083714, 0.03697575256228447], [0.06339137256145477, 0.016716282814741135, 0.03102375566959381], [0.0295157041400671, -0.12069352716207504, -0.04277385398745537]], [[-0.0369240939617157, 0.04715525358915329, 0.01876341551542282], [0.04846041649580002, -0.04995398968458176, -0.017261037603020668], [-0.016050176694989204, -0.05010266974568367, 0.012895495630800724]], [[-0.03614632412791252, 0.10200852155685425, -0.06589701026678085], [0.03584711253643036, -0.07948467880487442, -0.048350706696510315], [-0.04613310843706131, -0.03471551835536957, -0.07286752015352249]], [[-0.04741548001766205, -0.07416540384292603, -0.119052454829216], [-0.11240865290164948, -0.09545116871595383, -0.05252161994576454], [-0.057798225432634354, -0.1293058842420578, -0.11641688644886017]], [[0.014396317303180695, 0.09321638941764832, 0.051328130066394806], [0.0423109233379364, 0.006378427613526583, -0.07146647572517395], [-0.139038547873497, -0.019497638568282127, -0.051581595093011856]], [[-0.04959727078676224, -0.027623562142252922, -0.016885947436094284], [-0.04579673334956169, -0.06036774814128876, -0.07937809079885483], [0.03759140148758888, -0.025384772568941116, 0.07351665943861008]], [[-0.1129695475101471, 0.0003495720447972417, 0.014275429770350456], [-0.1533716917037964, -0.05738275125622749, -0.017041871324181557], [0.07667239010334015, -0.002798620844259858, 0.021860729902982712]], [[0.029952405020594597, 0.017740853130817413, -0.022316455841064453], [-0.006923388689756393, -0.011296547017991543, -0.004504168406128883], [-0.06386767327785492, 0.01990940421819687, 0.00878659263253212]], [[-0.03281649947166443, 0.10591933131217957, 0.009484218433499336], [0.0882226750254631, 0.03354312852025032, -0.10915474593639374], [-0.036626651883125305, -0.0016285242745652795, -0.0752277746796608]], [[0.061629898846149445, 0.057500794529914856, -0.01243029534816742], [0.03622210770845413, -0.15502753853797913, -0.028700100257992744], [-0.0901627391576767, -0.013002127408981323, -0.04122073948383331]], [[0.010423223488032818, -0.0009171529673039913, -0.023703062906861305], [-0.013040748424828053, 0.0012714795302599669, -0.10736945271492004], [-0.05975795537233353, 0.0067947180941700935, 0.012498629279434681]], [[0.021529370918869972, -0.003009977750480175, -0.08080219477415085], [-0.008682824671268463, 0.010405127890408039, 0.05885923653841019], [0.09819568693637848, 0.09387145191431046, 0.05483391135931015]], [[-0.03604579716920853, -0.19743545353412628, -0.16767829656600952], [-0.13262982666492462, -0.1352790743112564, -0.05356947332620621], [-0.036114439368247986, -0.027998827397823334, -0.027863185852766037]], [[-0.12034640461206436, 0.12646351754665375, 0.09504400938749313], [0.057245247066020966, 0.06426031142473221, 0.051626306027173996], [0.10731495171785355, 0.0712030753493309, 0.042401812970638275]], [[-0.0706702247262001, -0.03769691661000252, -0.02119234949350357], [-0.0921257734298706, -0.056382231414318085, 0.006457521114498377], [0.06118134781718254, -0.018670417368412018, -0.04401789605617523]], [[-0.004143443889915943, -0.09632373601198196, 0.038410283625125885], [-0.004200909286737442, 0.039535973221063614, -0.013887705281376839], [0.04988370090723038, -0.05071324110031128, 0.01932443678379059]], [[-0.06010944023728371, 0.03564110025763512, 0.046412475407123566], [0.04770767316222191, -0.015129459090530872, 0.0073579526506364346], [0.00551198422908783, -0.060933928936719894, -0.04854784905910492]], [[0.09447739273309708, -0.06803607195615768, -0.06963354349136353], [-0.09072032570838928, 0.01741182617843151, 0.003037969581782818], [0.043557748198509216, 0.02365824021399021, 0.03429581969976425]], [[0.011170821264386177, -0.039535146206617355, 0.05772926285862923], [-0.01589243859052658, 0.03951450064778328, -0.04009706899523735], [-0.003948987927287817, -0.03858231008052826, 0.009053359739482403]], [[-0.019896123558282852, 0.0452604740858078, -0.05601034313440323], [0.05773920193314552, -0.10177517682313919, -0.07412958145141602], [-0.024896346032619476, -0.08857619762420654, -0.13007961213588715]], [[0.15422925353050232, -0.05335565283894539, 0.01765124872326851], [-0.04314425215125084, 0.15382899343967438, -0.027576355263590813], [0.08429302275180817, -0.08968373388051987, -0.028431294485926628]], [[-0.08458191901445389, -0.13801832497119904, -0.13725139200687408], [-0.15941935777664185, -0.05563279986381531, 0.0036909966729581356], [-0.05069577693939209, -0.03913839906454086, -0.07825371623039246]], [[-0.04780025780200958, -0.08025848120450974, -0.041697584092617035], [-0.04626864567399025, -0.13610029220581055, -0.05322784557938576], [-0.009347205050289631, 0.03408588469028473, -0.05060075595974922]], [[-0.03217477351427078, -0.11456626653671265, -0.0054921614937484264], [-0.012471621856093407, 0.0613565593957901, -0.04940294474363327], [0.06799215078353882, -0.022026551887392998, 0.15956030786037445]], [[-0.026215702295303345, -0.12463141977787018, -0.04769066721200943], [-0.08855383843183517, -0.06409691274166107, 0.09751762449741364], [0.06808580458164215, 0.05971875786781311, 0.07319925725460052]], [[-0.05720825493335724, -0.17796781659126282, -0.1746380627155304], [-0.17565719783306122, -0.14814385771751404, -0.0780423954129219], [-0.10740043967962265, -0.0988818034529686, -0.07082053273916245]], [[-0.025692520663142204, -0.06742078065872192, 0.05046132579445839], [-0.09088996797800064, -0.04167173430323601, -0.002260895911604166], [-0.009014870040118694, 0.058377478271722794, 0.002058080630376935]], [[-0.1267705261707306, 0.01876121759414673, 0.05730569735169411], [0.0438944436609745, 0.07077084481716156, 0.030610060319304466], [0.1330397129058838, 0.08167826384305954, 0.088692307472229]]], "bias": -0.10046868026256561}