{"layer": "conv1", "index": 14, "weights": [[[-0.08146016299724579, 0.3105415999889374, 0.09546839445829391], [0.07618872821331024, -0.06043567508459091, 0.20950451493263245], [-0.4197582006454468, 0.1877904087305069, 0.2894325256347656]]], "bias": -0.31484389305114746}