{"layer": "conv2", "index": 46, "weights": [[[0.028535759076476097, -0.08058207482099533, -0.014178144745528698], [-0.06335891783237457, -0.07950953394174576, -0.030343228951096535], [0.01529474463313818, 0.03699711337685585, 0.02088790386915207]], [[-0.0031784013845026493, -0.11229196190834045, -0.055452000349760056], [-0.01760203205049038, -0.025589631870388985, 0.11758025735616684], [0.04483688622713089, 0.08793868124485016, 0.1016572043299675]], [[-0.12683260440826416, -0.12182596325874329, -0.014802086167037487], [-0.14559759199619293, 0.021509693935513496, -0.0037826555781066418], [0.03344758599996567, -0.042076025158166885, -0.128776416182518]], [[-0.05085393041372299, 0.04817282781004906, 0.0402042455971241], [-0.024587208405137062, -0.03753244876861572, 0.0024713226594030857], [-0.0330834686756134, -0.01832907274365425, 0.0704619511961937]], [[-0.06779909133911133, -0.1959676891565323, -0.021552400663495064], [-0.14122743904590607, -0.084160216152668, -0.042764000594615936], [-0.011043112725019455, -0.12433958798646927, 0.03723597154021263]], [[-0.004192321561276913, -0.0021532250102609396, -0.07212680578231812], [0.050593432039022446, -0.003928784281015396, -0.020231623202562332], [0.05518556386232376, -0.011942841112613678, 0.05060376226902008]], [[-0.044885847717523575, -0.04848678410053253, -0.02952774241566658], [-0.03236142545938492, 0.028610283508896828, 0.07871389389038086], [-0.02028277888894081, 0.05879674479365349, 0.030220331624150276]], [[0.019317617639899254, 0.022245699539780617, -0.01681479439139366], [-0.1250087022781372, -0.07792641222476959, 0.020697876811027527], [-0.06541860848665237, 0.034026164561510086, -0.05807217210531235]], [[-0.13317961990833282, 0.007516754791140556, -0.03302835300564766], [0.01213967427611351, -0.0981784462928772, 0.04521386697888374], [-0.02407308667898178, 0.10595572739839554, 0.11369797587394714]], [[-0.07853533327579498, -0.1042058914899826, -0.0731707513332367], [0.026164719834923744, -0.06992048770189285, 0.016155289486050606], [0.013879511505365372, 0.02694656513631344, -0.04050229489803314]], [[-0.048536453396081924, -0.04951269179582596, -0.003809747053310275], [-0.07529270648956299, -0.09638772159814835, -0.13751372694969177], [0.034745536744594574, -0.11483051627874374, -0.10788941383361816]], [[-0.1297718733549118, -0.08119655400514603, 0.06209440156817436], [-0.09616295993328094, 0.00878679659217596, -0.039595190435647964], [0.010624799877405167, 0.009091135114431381, 0.03491001948714256]], [[-0.10233919322490692, -0.08662419021129608, -0.02643747813999653], [-0.06356176733970642, -0.10235238075256348, 0.047842804342508316], [0.01682688668370247, 0.01458069309592247, 0.011781902052462101]], [[-0.049148138612508774, 0.02135830745100975, -0.023756468668580055], [-0.0434708334505558, -0.014861431904137135, 0.09133382886648178], [-0.030946508049964905, 0.062230806797742844, 0.045612502843141556]], [[-0.09986700862646103, -0.10235456377267838, 0.06634834408760071], [-0.014878058806061745, -0.06196362152695656, 0.011288060806691647], [0.06559400260448456, -0.013813307508826256, 0.026881998404860497]], [[-0.002089656423777342, -0.10835150629281998, 0.030416321009397507], [0.05085233971476555, 0.0038103272672742605, -0.06399248540401459], [0.07903145998716354, 0.06624246388673782, -0.07030501216650009]], [[0.004415038973093033, -0.04288572445511818, -0.009006981737911701], [-0.04689143970608711, -0.037006575614213943, -0.019854117184877396], [-0.07574088871479034, -0.06902848184108734, -0.1467127650976181]], [[-0.08838661760091782, -0.06894441694021225, -0.150890052318573], [-0.097539983689785, -0.17765915393829346, -0.0510605089366436], [0.019979329779744148, -0.11502455174922943, 0.019931118935346603]], [[-0.07819286733865738, -0.117832712829113, -0.052962880581617355], [-0.12248577177524567, -0.13109378516674042, -0.05242680385708809], [0.06504426896572113, -0.07094867527484894, 0.04853158816695213]], [[0.027936672791838646, -0.05584082752466202, 0.06022696942090988], [-0.03616439178586006, 0.02663201466202736, -0.15557847917079926], [0.04607769101858139, -0.07539425790309906, 0.01581389829516411]], [[-0.05431539565324783, -0.09869878739118576, -0.05333814397454262], [-0.03327061980962753, -0.10820364952087402, -0.06719575822353363], [0.018038388341665268, -0.032265812158584595, 0.0467589907348156]], [[0.028924057260155678, -0.0873156413435936, -0.03591444715857506], [0.004799180664122105, 0.04544050991535187, -0.004601545166224241], [0.08549810945987701, 0.10287915170192719, -0.08111231029033661]], [[-0.03977595642209053, -0.06037931516766548, 0.015016604214906693], [-0.04403798282146454, 0.052909005433321, -0.10220248997211456], [0.09492134302854538, -0.0496680848300457, 0.02698543667793274]], [[-0.0706653818488121, -0.06221766024827957, -0.009126863442361355], [-0.13017874956130981, 0.022586170583963394, 0.12129653990268707], [-0.034023918211460114, 0.08921311050653458, 0.039158452302217484]], [[0.03753122687339783, -0.10325067490339279, -0.0008367882110178471], [-0.09353523701429367, 0.0927029624581337, 0.05786343291401863], [0.04398195818066597, 0.029778987169265747, -0.07178635150194168]], [[-0.029604554176330566, 0.03230636194348335, 0.03560950607061386], [-0.019794490188360214, -0.05673438310623169, -0.04001622274518013], [-0.0012184085790067911, -0.11274963617324829, -0.08941304683685303]], [[0.01756843738257885, 0.00897098146378994, 0.05131293460726738], [-0.12071246653795242, -0.11080186814069748, -0.006396880839020014], [-0.14514456689357758, -0.05637335777282715, -0.04916984587907791]], [[0.0498281791806221, -0.10705229640007019, 0.00533992238342762], [-0.02617405541241169, 0.09368529915809631, -0.060697514563798904], [0.014080478809773922, -0.004531404469162226, -0.15328174829483032]], [[0.058338139206171036, 0.05570990592241287, -0.04768775776028633], [0.013251186348497868, 0.010174569673836231, -0.13157355785369873], [0.04665724188089371, -0.053192414343357086, -0.04797724261879921]], [[0.05100664123892784, -0.043569400906562805, -0.04651844874024391], [-0.0060004182159900665, -0.056645698845386505, -0.09940481185913086], [-0.009715956635773182, -0.05274973064661026, -0.1393585503101349]], [[-0.11613617092370987, -0.05218969285488129, -0.02039525844156742], [-0.14837412536144257, -0.03897760435938835, 0.03658105805516243], [-0.0012216339819133282, 0.03673079237341881, -0.06667367368936539]], [[-0.06661344319581985, -0.06638327240943909, -0.1675863415002823], [-0.06058120355010033, -0.1960923969745636, -0.16838815808296204], [-0.02298567444086075, -0.16932348906993866, -0.13434666395187378]]], "bias": -0.046477217227220535}