{"layer": "conv2", "index": 54, "weights": [[[-0.06516088545322418, -0.09005416184663773, 0.01270357146859169], [0.022718144580721855, -0.06525453180074692, -0.02783110737800598], [0.025076694786548615, -0.07210669666528702, -0.0016931415302678943]], [[-0.06633982062339783, -0.10092143714427948, -0.072045236825943], [0.007286894600838423, -0.04975925013422966, -0.07486084848642349], [-0.03840632736682892, -0.015976229682564735, -0.11167345196008682]], [[-0.00618230365216732, 0.020041722804307938, 0.020911961793899536], [0.03866622596979141, 0.026624558493494987, 0.04823262244462967], [-0.009312242269515991, 0.005907697603106499, 0.05588611960411072]], [[0.004291311372071505, 0.03532152622938156, 0.13727203011512756], [-0.05444982647895813, -0.0002895744109991938, 0.09157531708478928], [-0.08761744946241379, -0.013502344489097595, 0.06952744722366333]], [[0.017944393679499626, -0.06656777113676071, -0.043886855244636536], [0.028506021946668625, -0.1412586122751236, -0.07686707377433777], [0.009953745640814304, -0.10257349163293839, -0.08301747590303421]], [[-0.00920679047703743, -0.01948375254869461, 0.06904958933591843], [-0.061669714748859406, -0.06691507995128632, 0.08510516583919525], [-0.054843515157699585, -0.038508251309394836, 0.09944859147071838]], [[0.03248986601829529, -0.02321278676390648, 0.07436785101890564], [-0.014409028925001621, 0.01632736064493656, -0.0245645884424448], [-0.03036913461983204, 0.06578218936920166, 0.010893657803535461]], [[0.05783690884709358, -0.0546722412109375, -0.015123843215405941], [0.06349145621061325, 0.011185393668711185, 0.034727245569229126], [0.010062429122626781, 0.016043193638324738, -0.11944997310638428]], [[-0.09289991855621338, 0.02688555046916008, 0.08455897122621536], [-0.07286263257265091, -0.0394585095345974, 0.02764304168522358], [-0.10481943935155869, -0.062180016189813614, -0.015766074880957603]], [[-0.05085834860801697, -0.06213415414094925, 0.01515265554189682], [-0.09607063233852386, -0.01551271416246891, 0.04753103479743004], [-0.09272865206003189, 0.024018675088882446, 0.07827023416757584]], [[0.07201844453811646, -0.008477802388370037, -0.1484110951423645], [0.07172638177871704, 0.022735683247447014, -0.13951170444488525], [-0.047537852078676224, -0.045738477259874344, -0.14029419422149658]], [[-0.045260339975357056, 0.0364978164434433, 0.02047428861260414], [0.06125040352344513, 0.02776362933218479, 0.028814345598220825], [-0.03790822625160217, 0.07928049564361572, 0.02781989984214306]], [[-0.021416079252958298, -0.07938449829816818, -0.012808195315301418], [-0.08669563382863998, -0.09149245172739029, -0.04685170575976372], [-0.059495702385902405, -0.05901201441884041, -0.04721056669950485]], [[-0.06333775073289871, 0.02936217188835144, 0.08284802734851837], [0.03657004237174988, 0.049123991280794144, 0.06985138356685638], [-0.09171207994222641, 0.015064992010593414, 0.09679005295038223]], [[0.03590656444430351, -0.029308341443538666, 0.07861305773258209], [-0.055807337164878845, 0.03918559476733208, 0.07331663370132446], [-0.08351393789052963, 0.06739935278892517, 0.036821961402893066]], [[-0.057464901357889175, -0.04789422079920769, -0.05940031260251999], [-0.12934547662734985, -0.1200784370303154, 0.0016361154848709702], [-0.006133962422609329, -0.07565689086914062, 0.08060751110315323]], [[-0.006152607034891844, -0.011927159503102303, 0.05127456411719322], [0.035336777567863464, 0.06952127069234848, 0.11030968278646469], [0.030818412080407143, 0.03207617253065109, 0.11591467261314392]], [[-0.032446444034576416, -0.05649691820144653, -0.19394737482070923], [-0.13595585525035858, -0.06709706038236618, -0.1577826887369156], [-0.14614711701869965, -0.17695321142673492, -0.09429560601711273]], [[-0.023298177868127823, -0.16879557073116302, -0.17398910224437714], [-0.07097237557172775, -0.18597935140132904, -0.2219211459159851], [-0.057594042271375656, -0.16297808289527893, -0.26546844840049744]], [[-0.09048318862915039, -0.1491323560476303, 0.11490897089242935], [-0.03313019126653671, -0.13786083459854126, 0.06304999440908432], [0.05518186092376709, -0.07607914507389069, 0.05125333368778229]], [[-0.08865028619766235, -0.05234105885028839, -0.028525173664093018], [0.011693947948515415, -0.04336788132786751, -0.006179009564220905], [-0.08633559942245483, -0.035398516803979874, -0.039706312119960785]], [[-0.08307770639657974, -0.08089075982570648, -0.06600353866815567], [-0.10486458986997604, -0.07965647429227829, -0.04422270134091377], [-0.032611183822155, 0.012056034058332443, -0.1428159922361374]], [[-0.07669401913881302, -0.007006174884736538, 0.08800265938043594], [-0.08635527640581131, -0.08069813996553421, 0.0989161878824234], [-0.0484916977584362, -0.051327843219041824, 0.08935683220624924]], [[0.006699162069708109, 0.02621760591864586, 0.10906922817230225], [-0.05494445934891701, -0.02823442406952381, 0.09709077328443527], [-0.053427617996931076, 0.09623114764690399, 0.02592620439827442]], [[0.029190199449658394, -0.03153960034251213, 0.003172541968524456], [-0.16744233667850494, -0.0055388035252690315, -0.008484606631100178], [0.010782252065837383, -0.005486029665917158, 0.038085173815488815]], [[0.06313912570476532, 0.011895671486854553, -0.11836136132478714], [0.00047477640327997506, 0.019055170938372612, -0.09441985934972763], [-0.045238833874464035, -0.036493681371212006, -0.12150750309228897]], [[0.03337807208299637, -0.017799101769924164, 0.06224566325545311], [0.12313302606344223, 0.0462491400539875, 0.04836590215563774], [-0.08001302182674408, 0.03997549042105675, 0.11522781848907471]], [[0.005423504393547773, -0.0141745675355196, -0.024587590247392654], [-0.06258989870548248, -0.01418498158454895, 0.01697646640241146], [-0.006241688504815102, -0.048143718391656876, 0.03941621258854866]], [[0.053459666669368744, -0.11764875799417496, -0.09587541222572327], [0.08537574112415314, -0.16006256639957428, -0.15192127227783203], [0.04256250336766243, -0.0915859043598175, 0.017568716779351234]], [[0.02376657910645008, -0.030171772465109825, -0.007025829516351223], [-0.03101077303290367, -0.06754832714796066, -0.1099829375743866], [0.07404691725969315, -0.03465000540018082, -0.14893075823783875]], [[-0.03583860024809837, 0.044372569769620895, 0.05269194766879082], [0.013597454875707626, 0.052064817398786545, 0.021914033219218254], [-0.07406479120254517, 0.03475579991936684, 0.013234419748187065]], [[0.07278124243021011, -0.051535431295633316, -0.3090372681617737], [-0.0652356743812561, -0.015526631847023964, -0.26549768447875977], [-0.08050448447465897, -0.07707089185714722, -0.1905263364315033]]], "bias": -0.020936183631420135}