{"layer": "conv2", "index": 12, "weights": [[[0.035899534821510315, 0.020354636013507843, -0.18773174285888672], [-0.04080543294548988, -0.0656871423125267, -0.3360440135002136], [0.11313952505588531, -0.02491356059908867, 0.00467995461076498]], [[0.038913413882255554, -0.08771184831857681, -0.015941647812724113], [-0.12022295594215393, -0.08395926654338837, -0.053678788244724274], [0.007634966634213924, 0.06882110238075256, 0.10094811022281647]], [[-0.028326379135251045, -0.09637783467769623, -0.0965246930718422], [0.06103268638253212, 0.022097472101449966, -0.05985492467880249], [-0.0015230030985549092, -0.049309391528367996, 0.07529561966657639]], [[0.022816918790340424, 0.06992470473051071, -0.09059605747461319], [0.05180230736732483, -0.014707430265843868, -0.17858344316482544], [-0.06765874475240707, -0.17336657643318176, -0.053036998957395554]], [[0.0020699379965662956, 0.07369650900363922, -0.059295713901519775], [0.08479896187782288, 0.16255322098731995, -0.08764802664518356], [0.06333427876234055, -0.030455129221081734, -0.03202394023537636]], [[0.05228019878268242, 0.1434500515460968, -0.1469477266073227], [0.0391063317656517, 0.08325883746147156, -0.3038138747215271], [0.005601228680461645, -0.09406641125679016, 0.010507640428841114]], [[0.12289375066757202, -0.16851888597011566, -0.05586876720190048], [-0.03979736566543579, -0.06909453868865967, 0.045792922377586365], [-0.04577680304646492, -0.003709507640451193, 0.11793263256549835]], [[-0.030847173184156418, -0.025570683181285858, 0.034190770238637924], [-0.02504204958677292, 0.017775798216462135, -0.048762593418359756], [0.0532841756939888, 0.057430997490882874, -0.021167710423469543]], [[0.13701122999191284, -0.03391949087381363, -0.14575742185115814], [0.0872645303606987, -0.09009148925542831, -0.09819628298282623], [-0.07554978877305984, -0.19625017046928406, -0.012348505668342113]], [[0.02105759084224701, 0.10379356890916824, -0.03865379840135574], [0.03951164335012436, -0.08260750025510788, -0.06057108938694], [-0.11596276611089706, -0.09819158166646957, -0.004865617025643587]], [[-0.12505653500556946, -0.24971741437911987, -0.1479191780090332], [-0.032439325004816055, -0.05899863317608833, -0.25021490454673767], [0.09591823071241379, -0.053270988166332245, -0.08567224442958832]], [[0.04881429672241211, -0.053881946951150894, -0.12151054292917252], [0.020477930083870888, -0.103554867208004, 0.015532433055341244], [0.0053762411698699, -0.0781777948141098, 0.0517355315387249]], [[0.12956005334854126, -0.024349577724933624, -0.09243609756231308], [0.13695529103279114, 0.062207553535699844, -0.15445981919765472], [-0.034161895513534546, -0.11702226102352142, -0.03428193926811218]], [[0.08742880076169968, -0.06878489255905151, -0.1351744681596756], [0.03808480501174927, -0.16594193875789642, 0.039455343037843704], [-0.06063885614275932, -0.0421343557536602, 0.058046359568834305]], [[0.09109687805175781, -0.039503324776887894, -0.1028352677822113], [0.04277367144823074, -0.08271487802267075, -0.02643688954412937], [-0.10076169669628143, -0.1478298157453537, 0.028642574325203896]], [[-0.004158295691013336, 0.08605897426605225, -0.04864942282438278], [-0.010684648528695107, -0.09154410660266876, -0.07803307473659515], [-0.11854948103427887, -0.1166771650314331, -0.002487892983481288]], [[0.06188924238085747, -0.08413657546043396, 0.015339639969170094], [0.09200852364301682, -0.005489458795636892, 0.06316372752189636], [0.06399177014827728, 0.06681680679321289, 0.07227877527475357]], [[-0.03586087375879288, -0.12538056075572968, -0.1337358057498932], [0.18340981006622314, -0.07141486555337906, -0.24771648645401], [-0.07833568006753922, -0.23769432306289673, -0.09400472790002823]], [[-0.062269408255815506, 0.00019811559468507767, -0.17931340634822845], [0.1023854985833168, 0.036605291068553925, -0.3217509686946869], [0.0967709943652153, -0.16090747714042664, -0.16433396935462952]], [[0.10062425583600998, 0.15764524042606354, 0.05370191112160683], [0.08194804191589355, 0.050696805119514465, -0.1056007519364357], [0.04530615359544754, 0.011303594335913658, -0.03344431892037392]], [[0.11577525734901428, 0.04163240268826485, -0.07356516271829605], [0.013621087186038494, 0.023950308561325073, -0.08469143509864807], [0.0015140734612941742, 0.013370932079851627, -0.025483138859272003]], [[-0.06113816052675247, 0.10405796766281128, -0.034237317740917206], [-0.03467528522014618, -0.10228793323040009, 0.003322314703837037], [-0.14630630612373352, -0.04437194764614105, 0.08614885061979294]], [[0.08126355707645416, 0.1087513118982315, -0.07383681833744049], [0.04048575833439827, 0.05178505554795265, -0.121671661734581], [-0.05555684119462967, -0.15976127982139587, 0.03211395442485809]], [[0.09239310771226883, -0.1052233949303627, -0.08151520043611526], [0.05752795562148094, -0.05997902527451515, -0.01861352100968361], [-0.06917767226696014, -0.007798281032592058, 0.08831346780061722]], [[0.06581378728151321, -0.12980356812477112, -0.16287799179553986], [-0.051681675016880035, -0.02430867776274681, -0.033974360674619675], [0.008707591332495213, 0.01040993444621563, 0.10341516137123108]], [[0.009415493346750736, -0.020837057381868362, -0.018704207614064217], [0.012438943609595299, -0.06190453842282295, -0.0029477656353265047], [0.05109744146466255, 0.028371114283800125, -0.018197478726506233]], [[0.10786738991737366, -0.10115323215723038, -0.0722077414393425], [0.06301161646842957, -0.11999398469924927, -0.019386379048228264], [-0.13380494713783264, -0.03052876889705658, 0.03695448487997055]], [[-0.0542181134223938, 0.17332324385643005, -0.01577933505177498], [-0.015922892838716507, -0.03304532915353775, -0.00860426016151905], [-0.026723651215434074, -0.09861712157726288, 0.00041156195220537484]], [[0.008013492450118065, 0.0717216357588768, -0.02005445957183838], [-0.09596169739961624, -0.14973552525043488, -0.15160413086414337], [-0.12166491895914078, -0.05024365708231926, -0.004527678247541189]], [[-0.011595568619668484, 0.03780486434698105, -0.012681304477155209], [-0.05653904750943184, -0.014181787148118019, 0.018116604536771774], [0.03149602189660072, 0.0609954372048378, -0.021855050697922707]], [[0.09951155632734299, 0.00858256220817566, -0.10006576776504517], [0.08374663442373276, -0.0503050833940506, -0.07188186049461365], [-0.0624343641102314, -0.11528734117746353, -0.0027336657512933016]], [[-0.09153208136558533, -0.12388449162244797, -0.12247229367494583], [-0.015467381104826927, 0.06282296031713486, -0.03672710806131363], [0.03744795545935631, -0.07865137606859207, -0.1789427548646927]]], "bias": 0.04050552845001221}