{"layer": "conv2", "index": 10, "weights": [[[-0.0841650664806366, -0.028810784220695496, -0.054914116859436035], [0.026105832308530807, -0.008310823701322079, 0.009169649332761765], [0.036579035222530365, 0.05265388637781143, 0.027164366096258163]], [[0.004221078008413315, -0.00654041301459074, 0.061312485486269], [0.014765315689146519, -0.03656410053372383, 0.030839091166853905], [-0.14287340641021729, -0.19996170699596405, -0.05714338645339012]], [[-0.09576107561588287, -0.014467183500528336, -0.01526184193789959], [-0.020159827545285225, 0.0626925379037857, 0.015316537581384182], [0.04231690242886543, 0.06471141427755356, 0.04770290479063988]], [[0.006097199395298958, 0.05230434238910675, -0.024686526507139206], [0.015851207077503204, 0.08535122871398926, -0.042253412306308746], [-0.0714438185095787, -0.00419654231518507, 0.013268636539578438]], [[0.1488451510667801, 0.18558815121650696, 0.10682480037212372], [0.021351516246795654, -0.01587294228374958, 0.03469206392765045], [-0.02513788267970085, -0.07597853243350983, -0.13793706893920898]], [[0.03152690827846527, -0.0012886349577456713, 0.05231919139623642], [0.00870257243514061, 0.09113235026597977, 0.009420524351298809], [-0.09995114058256149, 0.05255419388413429, -0.016881534829735756]], [[0.07027886807918549, -0.006330391392111778, -0.009397532790899277], [-0.029498562216758728, 0.011225969530642033, -0.09502602368593216], [-0.1514793336391449, -0.09899789094924927, -0.014924054965376854]], [[-0.06999927014112473, -0.09199868142604828, -0.11923772096633911], [-0.08688543736934662, -0.15715278685092926, -0.035989705473184586], [-0.008638015016913414, -0.06689488887786865, -0.11016969382762909]], [[0.008479292504489422, 0.04669652134180069, 0.06696994602680206], [-0.027574501931667328, -0.040909960865974426, -0.11963607370853424], [-0.08072688430547714, -0.04753715917468071, -0.01982506737112999]], [[0.014881127513945103, 0.012636218219995499, 0.056573037058115005], [0.005086258053779602, -0.0330820195376873, -0.04079415649175644], [-0.07794281095266342, 0.05961913987994194, 0.011343300342559814]], [[-0.13738961517810822, -0.10807545483112335, -0.05807577073574066], [-0.01589583232998848, -0.02042432874441147, 0.017755253240466118], [0.13797886669635773, 0.13367895781993866, 0.029239751398563385]], [[0.015096265822649002, 0.059827111661434174, -0.07068167626857758], [-0.030099332332611084, -0.025132015347480774, -0.021733064204454422], [-0.06053357571363449, 0.0738978311419487, 0.009861622005701065]], [[0.07954572141170502, 0.030323650687932968, 0.10031577199697495], [-0.010684835724532604, -0.07202249020338058, 0.005207131616771221], [-0.08533205837011337, -0.04183785989880562, -0.005084925796836615]], [[0.05390442907810211, 0.08303701877593994, -0.008489466272294521], [-0.11428824812173843, 0.026651741936802864, -0.11975323408842087], [-0.109561987221241, -0.029854968190193176, -0.045589204877614975]], [[-0.11016721278429031, -0.004723540507256985, -0.11520259827375412], [-0.03469784930348396, 0.02979462593793869, -0.03988083824515343], [-0.11090642958879471, 0.05115307867527008, -0.0278302151709795]], [[-0.04913197457790375, -0.014064962044358253, -0.10556400567293167], [0.04503395035862923, -0.007052057422697544, 0.07507900893688202], [-0.10163481533527374, 0.027085216715931892, 0.1061435267329216]], [[-0.07009207457304001, 0.014062218368053436, -0.10133519023656845], [-0.032934367656707764, 0.02549268864095211, 0.000217390144825913], [-0.09591838717460632, -0.04670073091983795, -0.14652268588542938]], [[0.03882601112127304, 0.01820027455687523, 0.1493329256772995], [0.017165498808026314, -0.009535112418234348, -0.14110437035560608], [-0.021455170586705208, 0.10606129467487335, 0.03955323249101639]], [[0.007008365821093321, 0.056715331971645355, 0.03526725992560387], [-0.07280262559652328, -0.11778772622346878, 0.03265800699591637], [0.09672651439905167, -0.09090439975261688, -0.04517823085188866]], [[0.12303412705659866, 0.0738973319530487, 0.008075359277427197], [0.11321403831243515, -0.008990426547825336, 0.18270887434482574], [-0.06234542652964592, 0.04966992512345314, 0.04724394530057907]], [[0.0031273229978978634, -0.0497882142663002, -0.00968905258923769], [0.03047187440097332, -0.04688473045825958, 0.06409800052642822], [-0.009922238998115063, -0.005539046600461006, -0.05829959735274315]], [[-0.011974080465734005, -0.015819476917386055, -0.07477708160877228], [-0.019265661016106606, 0.05765007808804512, 0.03769247233867645], [-0.09578090161085129, 0.04001779854297638, 0.11750690639019012]], [[0.006531308870762587, -0.0210468340665102, -0.05667700991034508], [-0.019718850031495094, 0.017284633591771126, -0.0006559580797329545], [-0.060737788677215576, 0.10066090524196625, -0.006441862788051367]], [[-0.02890419214963913, 0.0045839156955480576, 0.02021406590938568], [-0.0760815218091011, -0.032899606972932816, -0.04516596719622612], [-0.057151369750499725, -0.08628778159618378, 0.002268634969368577]], [[-0.022267650812864304, 0.018966520205140114, -0.047856252640485764], [-0.05655350163578987, 0.04082487151026726, 0.037635933607816696], [-0.11733696609735489, 0.029936065897345543, -0.05273865908384323]], [[-0.023313067853450775, -0.12072839587926865, -0.10031864047050476], [-0.06222037225961685, -0.14125874638557434, -0.06499315053224564], [-0.039296459406614304, -0.16590598225593567, -0.08681346476078033]], [[-0.04370127618312836, 0.055519357323646545, -0.03181790933012962], [0.008794110268354416, 0.11061298847198486, 0.11939557641744614], [0.030263125896453857, 0.14340287446975708, -0.013548019342124462]], [[-0.07294763624668121, -0.09530899673700333, -0.07135280966758728], [0.021363645792007446, 0.1423417329788208, 0.05642017722129822], [-0.06726197153329849, 0.05925782397389412, 0.04254017397761345]], [[-0.038914717733860016, -0.008277690969407558, -0.051744721829891205], [0.0954781323671341, 0.08680844306945801, 0.08066275715827942], [-0.04231574013829231, 0.08309956640005112, 0.14612141251564026]], [[-0.11079077422618866, -0.1085764691233635, -0.14471319317817688], [-0.04061351343989372, -0.14204715192317963, -0.047572582960128784], [-0.05912609398365021, -0.07231533527374268, -0.0010701101273298264]], [[-0.1074250265955925, 0.07325632125139236, -0.05442779138684273], [-0.017916087061166763, -0.0234463382512331, -0.043964825570583344], [0.02410718984901905, -0.038524188101291656, 0.03342912346124649]], [[-0.054257869720458984, -0.09191637486219406, 0.11764505505561829], [-0.009187260642647743, -0.10523724555969238, -0.07257988303899765], [0.13334159553050995, 0.12489613145589828, 0.07625292986631393]]], "bias": -0.06411521136760712}