{"layer": "conv1", "index": 5, "weights": [[[0.03549379110336304, 0.30879172682762146, -0.3338671326637268], [0.07296174019575119, 0.33467191457748413, -0.38301947712898254], [0.10758761316537857, 0.022856518626213074, 0.02138512209057808]]], "bias": -0.05344245955348015}