{"layer": "conv1", "index": 4, "weights": [[[0.45637601613998413, 0.2898130714893341, -0.15965889394283295], [0.45782920718193054, -0.23391664028167725, -0.10498237609863281], [-0.23633749783039093, -0.23831111192703247, -0.43023085594177246]]], "bias": -0.03724726662039757}