{"layer": "conv2", "index": 23, "weights": [[[-0.18891708552837372, -0.02735099010169506, -0.05930769070982933], [-0.07792669534683228, -0.06260370463132858, 0.038491468876600266], [0.008338095620274544, -0.0636979416012764, -0.08072788268327713]], [[0.0601370707154274, 0.003834343049675226, 7.783544424455613e-05], [-0.13585299253463745, -0.07997824996709824, 0.035328350961208344], [0.041588541120290756, -0.007484029047191143, -0.04121031239628792]], [[0.01161310076713562, -0.0613856203854084, -0.106110118329525], [-0.036045707762241364, -0.023331163451075554, -0.011672986671328545], [-0.0052070459350943565, 0.12415740638971329, 0.05046333745121956]], [[0.005546752363443375, 0.056640829890966415, 0.0799916610121727], [-0.053709592670202255, 0.06914187967777252, 0.01858695037662983], [-0.0892343670129776, -0.06739813089370728, 0.09175007045269012]], [[-0.1265539824962616, -0.09984690696001053, 0.0916864201426506], [-0.08852388709783554, -0.16330991685390472, -0.1984015703201294], [0.05870359390974045, -0.0361807644367218, -0.13446293771266937]], [[0.010068569332361221, 0.04967311769723892, 0.0966637060046196], [-0.003648466430604458, 0.021615859121084213, 0.04988588020205498], [0.005557355936616659, -0.09379652887582779, 0.04717510566115379]], [[-8.65801703184843e-05, 0.08402878046035767, -0.019117852672934532], [-0.009891675785183907, -0.036810990422964096, -0.014824182726442814], [-0.005607899744063616, -0.055564384907484055, -0.10464612394571304]], [[-0.07432708144187927, 0.04802582040429115, -0.046455349773168564], [-0.05186767503619194, -0.06764137744903564, -0.14827898144721985], [0.029826102778315544, -0.003110801801085472, -0.2224050909280777]], [[0.026486124843358994, 0.07168057560920715, 0.1077670156955719], [0.042195383459329605, -0.03198575600981712, -0.06855063140392303], [-0.0860007256269455, -0.0117861432954669, 0.03541552647948265]], [[0.0027083614841103554, 0.030115392059087753, 0.04450033977627754], [-0.05622335523366928, 0.024496885016560555, 0.010868735611438751], [-0.11279661953449249, 0.021958963945508003, 0.08479807525873184]], [[-0.043663524091243744, -0.2285061776638031, -0.06170261651277542], [-0.01997259631752968, -0.11035553365945816, -0.12520641088485718], [0.08476999402046204, 0.12297447770833969, 0.035909105092287064]], [[-0.03810818865895271, -0.04031813144683838, -0.02294749952852726], [0.0499221608042717, 0.07004798948764801, -0.03620780259370804], [-0.014744379557669163, -0.017685439437627792, 0.022287506610155106]], [[0.012014872394502163, 0.0223795585334301, 0.15585355460643768], [0.03200329840183258, -0.0688471868634224, 0.017677368596196175], [-0.026249315589666367, -0.009852280840277672, 0.020469870418310165]], [[0.06959312409162521, 0.08379349112510681, 0.003194967983290553], [0.08250775188207626, -0.002281398279592395, -0.027836309745907784], [-0.04693914204835892, 0.09343286603689194, -0.0535258874297142]], [[0.0005574530805461109, 0.05858495831489563, 0.01946706511080265], [0.054422810673713684, -0.013872315175831318, 0.027512289583683014], [-0.05222003534436226, 0.0754910558462143, 0.11002197116613388]], [[-0.029660893604159355, -0.038337480276823044, -0.06385176628828049], [-0.0711626261472702, 0.04399311915040016, 0.11096657812595367], [-0.10444200783967972, -0.02000501938164234, 0.1379476934671402]], [[-0.041875697672367096, 0.007478172890841961, -0.029535982757806778], [-0.044904131442308426, -0.08302558958530426, -0.20361429452896118], [-0.05871548503637314, -0.014132239855825901, -0.1020105704665184]], [[-0.11004671454429626, -0.01845371350646019, 0.12563452124595642], [0.05856917053461075, -0.05528869852423668, -0.019776547327637672], [0.15161360800266266, 0.15029865503311157, 0.032592181116342545]], [[-0.1961139589548111, -0.10610717535018921, 0.1127864271402359], [-0.06514154374599457, -0.1718611866235733, -0.12077353149652481], [0.13287226855754852, 0.05489587038755417, 0.0016442404594272375]], [[-0.07155495882034302, 0.009999742731451988, 0.18810847401618958], [-0.11256492882966995, -0.015586499124765396, 0.16600953042507172], [0.030104663223028183, -0.17462876439094543, -0.0715525820851326]], [[0.021257858723402023, -0.03382744640111923, 0.05922357738018036], [-0.05754948779940605, -0.006593581289052963, -0.025800593197345734], [0.04035329446196556, 0.04833436757326126, 0.012354385107755661]], [[-0.07140341401100159, 0.06921381503343582, 0.045627325773239136], [-0.15010711550712585, -0.036419689655303955, 0.11350632458925247], [-0.009836079552769661, -0.026807794347405434, 0.10489426553249359]], [[-0.00855738390237093, 0.02011178247630596, -0.004484498407691717], [-0.03143540397286415, 0.0074809337966144085, 0.028030330315232277], [-0.1009182259440422, 0.03346583619713783, 0.018416447564959526]], [[0.07253885269165039, 0.054001882672309875, -0.005734501406550407], [-0.030116692185401917, 0.0023932848125696182, 0.0029284663032740355], [-0.041473209857940674, 0.07131350040435791, 0.00027334506739862263]], [[0.061673231422901154, -0.06867359578609467, -0.007944541983306408], [-0.04245997220277786, 0.08131445944309235, 0.03614644333720207], [0.11178288608789444, -0.06133565679192543, 0.05639307200908661]], [[-0.04741542413830757, -0.0555209182202816, -0.12105119973421097], [-0.04171543940901756, -0.08073154091835022, -0.1159907653927803], [-5.828381108585745e-05, -0.1065814271569252, -0.19944514334201813]], [[-0.02623915672302246, -0.04525796324014664, 0.046378061175346375], [-0.029087483882904053, 0.05380117520689964, -0.015515667386353016], [-0.019328119233250618, 0.11999469250440598, 0.012232144363224506]], [[-0.06076909229159355, -0.034006424248218536, -0.02909412793815136], [-0.09822477400302887, 0.08684691041707993, 0.04461135342717171], [0.009311639703810215, -0.019725151360034943, 0.058181654661893845]], [[-0.17213724553585052, -0.10735676437616348, 0.004300476051867008], [-0.20384074747562408, 0.0017603037413209677, 0.09084915369749069], [-0.11748817563056946, -0.2238665521144867, 0.09949258714914322]], [[-0.12321148067712784, -0.09808304905891418, -0.2399590015411377], [-0.01326847542077303, -0.07620443403720856, -0.20110227167606354], [0.017106764018535614, -0.03038891777396202, -0.08743937313556671]], [[-0.0642772763967514, 0.02734600566327572, -0.06627978384494781], [-0.023022186011075974, 0.07918203622102737, -0.01298130489885807], [0.032167404890060425, 0.05662063509225845, 0.060544729232788086]], [[-0.13651028275489807, -0.22919295728206635, -0.09802167862653732], [-0.05979613587260246, 0.0018419863190501928, -0.08889789134263992], [0.06382662057876587, 0.08177914470434189, 0.009460161440074444]]], "bias": -0.003434050129726529}