{"layer": "conv2", "index": 25, "weights": [[[-0.18974709510803223, -0.03033738024532795, -0.02979287877678871], [-0.11230189353227615, -0.049234047532081604, 0.006496512796729803], [-0.040405768901109695, 0.015340466983616352, -0.09729087352752686]], [[-0.10716579109430313, -0.0711161196231842, -0.01641160249710083], [-0.18304020166397095, -0.13912631571292877, 0.09327808767557144], [0.028688646852970123, -0.18747688829898834, -0.03676380589604378]], [[0.04892959073185921, 0.01740170828998089, -0.01334531418979168], [0.09655444324016571, 0.04070090129971504, -0.10749827325344086], [-0.06084815412759781, 0.09578245133161545, 0.08012227714061737]], [[0.13351064920425415, -0.004579438827931881, -0.03389078006148338], [-0.04516511783003807, 0.09070219099521637, -0.013913399539887905], [-0.1964038759469986, 0.0258970744907856, 0.004261618014425039]], [[-0.011871526949107647, -0.01663663238286972, 0.060608647763729095], [-0.01954183541238308, -0.11166973412036896, -0.07964733242988586], [-0.12770545482635498, -0.16528558731079102, -0.20945733785629272]], [[0.04345722869038582, 0.00764184957370162, -0.024233676493167877], [-0.02902122773230076, 0.10066740214824677, -0.004061673767864704], [-0.24224573373794556, 0.0008517153328284621, -0.010419178754091263]], [[-0.015986470505595207, -0.011194562539458275, 0.07483939081430435], [-0.0295452568680048, -0.07025141268968582, -0.028324253857135773], [-0.09391390532255173, -0.06916913390159607, -0.15946248173713684]], [[-0.07718528807163239, -0.009466975927352905, -0.009203371591866016], [0.05813616141676903, -0.07510685175657272, -0.07785347104072571], [0.03055552765727043, 0.026500700041651726, -0.23238970339298248]], [[-0.056076254695653915, 0.027847612276673317, 0.0947110503911972], [-0.14456532895565033, -0.04958295077085495, -0.007832976058125496], [-0.10738237202167511, -0.05002148821949959, -0.05758337676525116]], [[-0.06963558495044708, -0.048101507127285004, 0.026577195152640343], [-0.08391987532377243, 0.040430378168821335, -0.0335908904671669], [-0.13443224132061005, -0.01750081032514572, 0.0018149722600355744]], [[-0.015223821625113487, -0.19456274807453156, 0.08575668931007385], [0.04231638461351395, -0.10418889671564102, -0.12903881072998047], [0.0351242795586586, 0.09699320793151855, 0.01105062011629343]], [[-0.013167791068553925, 0.01887766644358635, 0.0014703022316098213], [0.027520734816789627, -0.003856833092868328, 0.026750970631837845], [-0.030774777755141258, 0.08342485129833221, 0.015860125422477722]], [[0.046776071190834045, -0.031373050063848495, 0.08929484337568283], [-0.04105589911341667, -0.1434924602508545, -0.056962963193655014], [-0.05921812728047371, -0.08172272890806198, -0.05193449556827545]], [[-0.062445927411317825, 0.01646069996058941, 0.03243080526590347], [0.002251951489597559, 0.022105636075139046, 0.023064972832798958], [-0.022433875128626823, 0.06310050934553146, -0.03050345554947853]], [[0.06980275362730026, 0.03285399451851845, -0.048403095453977585], [0.06521181017160416, 0.037487536668777466, -0.05891358479857445], [-0.06098834425210953, -0.007529012393206358, 0.01419235859066248]], [[-0.01844174787402153, -0.029613714665174484, -0.1610681414604187], [-0.06190415844321251, 0.07705466449260712, 0.08272916823625565], [-0.08182033896446228, 0.007018019445240498, 0.05586584657430649]], [[0.0017686026403680444, 0.041410449892282486, -0.01141047291457653], [0.005208212416619062, 0.012218191288411617, -0.03955492004752159], [0.014589427039027214, 0.10442529618740082, -0.04481920972466469]], [[-0.00935130100697279, -0.16458410024642944, 0.18289998173713684], [0.06176112964749336, -0.1445465087890625, -0.14572831988334656], [-0.02207859233021736, 0.006017197389155626, -0.027127420529723167]], [[-0.09148234128952026, -0.11724260449409485, 0.0860382616519928], [-0.12487775087356567, -0.2316463440656662, -0.12726393342018127], [0.014671475626528263, -0.008625051006674767, 0.014231896959245205]], [[-0.02345956303179264, 0.020218992605805397, 0.030135996639728546], [-0.044181641191244125, 0.08629941195249557, 0.19065642356872559], [-0.11140254884958267, 0.002942743944004178, 0.0377301350235939]], [[0.07324434071779251, 0.001948344404809177, 0.03737928718328476], [-0.09191831201314926, -0.07362066209316254, 0.0565645806491375], [-0.07128060609102249, -0.10911495983600616, -0.020668616518378258]], [[-0.17432686686515808, -0.04827846214175224, -0.11332321912050247], [-0.10123170167207718, -0.015342182479798794, 0.1579815149307251], [-0.08228321373462677, -0.033930327743291855, 0.22147849202156067]], [[-0.0009309020824730396, -0.06752189993858337, -0.06552260369062424], [-0.019995786249637604, 0.044333573430776596, -0.010175813920795918], [-0.1841755360364914, 0.056785691529512405, 0.06851201504468918]], [[-0.008044153451919556, 0.05427810922265053, 0.002181067829951644], [-0.0326310470700264, 0.03638748824596405, -0.029543355107307434], [0.002400417812168598, 0.021705955266952515, -0.03578957915306091]], [[-0.054954614490270615, -0.09018000215291977, -0.06546910852193832], [-0.008192484267055988, 0.09539271146059036, 0.09698400646448135], [-0.013378581032156944, 0.02758057601749897, 0.11265841126441956]], [[-0.07365414500236511, 0.014615947380661964, -0.07612795382738113], [-0.03837843984365463, -0.05880676209926605, -0.020727066323161125], [0.005360293667763472, -0.03964419662952423, -0.08063414692878723]], [[0.029603827744722366, 0.07907399535179138, 0.02504139579832554], [0.08662467449903488, 0.19896268844604492, 0.06196523830294609], [0.09240105003118515, 0.21922950446605682, 0.07845912128686905]], [[-0.07064048200845718, -0.07333957403898239, -0.1634017825126648], [-0.0009938350412994623, 0.09821252524852753, 0.05834394320845604], [-0.11044223606586456, 0.03918667137622833, 0.14098936319351196]], [[-0.12085628509521484, -0.079527847468853, -0.10574693977832794], [-0.04274759814143181, 0.06215495988726616, 0.1382773071527481], [0.034120891243219376, -0.043899208307266235, 0.16249845921993256]], [[-0.14053788781166077, -0.12057626247406006, -0.06997295469045639], [-0.004451522137969732, -0.0656721368432045, -0.03990531340241432], [0.10257074981927872, 0.036080822348594666, 0.010920393280684948]], [[0.0541125126183033, -0.0005803254898637533, -0.00650380551815033], [-0.033059339970350266, 0.035006701946258545, -0.0874335765838623], [-0.024883108213543892, 0.08397430181503296, 0.07956282049417496]], [[-0.06139272823929787, -0.25432732701301575, 0.09026244282722473], [0.08340617269277573, -0.1007523238658905, -0.22085988521575928], [0.0020413221791386604, 0.14362721145153046, -0.022564124315977097]]], "bias": -0.026310041546821594}