{"layer": "conv1", "index": 21, "weights": [[[0.07488971203565598, -0.5182172656059265, -0.3618360161781311], [0.32215967774391174, 0.009501124732196331, 0.08566853404045105], [-0.16782324016094208, 0.2639094293117523, 0.2593744397163391]]], "bias": -0.022358547896146774}