{"layer": "conv2", "index": 33, "weights": [[[-0.09201160818338394, -0.04724673926830292, -0.02968566305935383], [-0.043198615312576294, -0.09804213047027588, -0.043327439576387405], [0.04348886013031006, -0.06754772365093231, -0.0438256561756134]], [[-0.18092140555381775, -0.08894935995340347, -0.07612024992704391], [-0.08370000123977661, -0.07408653944730759, 0.03083365224301815], [0.03118959628045559, -0.019449423998594284, -0.08152076601982117]], [[0.08503782004117966, 0.024045467376708984, -0.07613343745470047], [0.04707282409071922, 0.03830688074231148, -0.03132772445678711], [-0.004291896242648363, 0.03599104285240173, 0.013167810626327991]], [[0.03921302407979965, 0.15179507434368134, 0.06486637890338898], [-0.10977748781442642, 0.10228094458580017, 0.08556348085403442], [-0.01848643273115158, 0.04532606527209282, -0.029903791844844818]], [[0.019112426787614822, -0.1259343922138214, 0.07347521930932999], [-0.2869102358818054, -0.1468144804239273, -0.1370176523923874], [-0.17691074311733246, -0.12073349207639694, -0.12351581454277039]], [[0.07167349010705948, 0.0980333760380745, 0.03384047746658325], [-0.11942681670188904, 0.11386477947235107, -0.006384229753166437], [-0.03342348337173462, -0.00044174608774483204, -0.010665448382496834]], [[-0.044416822493076324, 0.00031696638325229287, -0.05280883237719536], [-0.07177233695983887, 0.025169353932142258, 0.0014015169581398368], [0.04823767766356468, 0.08944223821163177, -0.10863815248012543]], [[0.0233706533908844, -0.17032797634601593, -0.10231280326843262], [-0.037845179438591, -0.10785643756389618, -0.08456442505121231], [-0.03728706017136574, -0.00331236538477242, -0.16683819890022278]], [[-0.09665884077548981, -0.06181409955024719, -0.05824671685695648], [-0.12236432731151581, -0.08436069637537003, -0.04797669127583504], [0.023463094606995583, 0.07016388326883316, -0.00567038357257843]], [[-0.08852268010377884, 0.01831643283367157, -0.05646994337439537], [-0.1301179677248001, 0.0690292939543724, 0.02586941048502922], [-0.04633462056517601, -0.02912037819623947, 0.07208223640918732]], [[-0.025304075330495834, -0.06728307157754898, 0.008063755929470062], [-0.012759487144649029, 0.04837431758642197, -0.17820778489112854], [-0.051488108932971954, 0.01805531047284603, 0.004738660994917154]], [[0.023684199899435043, 0.06082023307681084, -0.04688607528805733], [0.006918436847627163, 0.014342245645821095, -0.028797611594200134], [0.04890592023730278, 0.01110490970313549, -0.01680751144886017]], [[-0.051603931933641434, -0.04413387551903725, 0.07234995812177658], [-0.13090994954109192, -0.10177620500326157, 0.008827874436974525], [-0.04781831055879593, 0.024441460147500038, 0.0007256375392898917]], [[0.029927322641015053, 0.09477926045656204, -0.10374937951564789], [-0.01256290078163147, 0.04404893144965172, 0.016035402193665504], [-0.028518544510006905, 0.06543602794408798, 0.0564187653362751]], [[-0.015605614520609379, 0.021968619897961617, -0.1158265471458435], [-0.03474293276667595, 0.0800831988453865, -0.0670698806643486], [-0.050249647349119186, 0.08954036235809326, -0.025897234678268433]], [[-0.07392178475856781, -0.03370198979973793, 0.04088643565773964], [-0.0892496407032013, 0.0721929669380188, 0.10071691870689392], [0.10569436848163605, -0.06590653955936432, 0.11674389988183975]], [[0.060014087706804276, 0.02569904737174511, -0.040879298001527786], [0.06572767347097397, 0.03335731476545334, -0.11823467910289764], [0.024561144411563873, -0.009252925403416157, -0.10096386075019836]], [[-0.07801324129104614, -0.04611437767744064, -0.08072181791067123], [0.0069107599556446075, -0.0477115698158741, -0.11109430342912674], [-0.03003336489200592, -0.08639714121818542, -0.009748189710080624]], [[-0.13959616422653198, -0.12250299006700516, -0.018377635627985], [-0.13629010319709778, -0.16071686148643494, -0.11690565943717957], [-0.14443671703338623, -0.0921647921204567, -0.03076779656112194]], [[0.12612703442573547, 0.08495169878005981, 0.21822866797447205], [-0.15022458136081696, -0.011895697563886642, 0.14946143329143524], [-0.08752810209989548, -0.12100158631801605, 0.09501471370458603]], [[-0.013235486112535, 0.03939524665474892, 0.04615315794944763], [-0.15282221138477325, -0.06921311467885971, -0.006882825400680304], [-0.10173309594392776, -0.04541747644543648, -0.033767636865377426]], [[-0.20428872108459473, -0.09595786780118942, 0.04048604890704155], [-0.11217591911554337, -0.043640125542879105, 0.027516664937138557], [0.07884619385004044, -0.05685624107718468, 0.059413615614175797]], [[-0.005713421851396561, 0.05127812922000885, 0.01567966863512993], [-0.1547263264656067, 6.253242463571951e-05, 0.003070670645684004], [-0.059195566922426224, 0.019169021397829056, 0.06396596878767014]], [[0.042959459125995636, 0.026433566585183144, -0.033178847283124924], [0.0071785771287977695, 0.07389993220567703, 0.0117705212906003], [-0.050819799304008484, 0.08285248279571533, 0.03157420456409454]], [[-0.02821560576558113, 0.0634813979268074, -0.05527661368250847], [-0.048882223665714264, 0.015265352092683315, 0.0601048581302166], [-0.026681380346417427, -0.024138513952493668, 0.07753258943557739]], [[-0.0513450987637043, -0.14456121623516083, -0.0008752384455874562], [0.02439716085791588, -0.12116975337266922, -0.0971495658159256], [0.037237752228975296, -0.003676244057714939, -0.016240732744336128]], [[0.1509964019060135, 0.10907025635242462, -0.04560835286974907], [0.10997069627046585, 0.11131662875413895, -0.06417284905910492], [0.006436876952648163, 0.1061655655503273, -0.018474606797099113]], [[-0.10647895932197571, 0.017014123499393463, -0.025937069207429886], [-0.14145101606845856, 0.05264342576265335, 0.06417453289031982], [-0.061810653656721115, -0.06134728714823723, 0.002838095650076866]], [[-0.1405363529920578, -0.1274520456790924, 0.0290578193962574], [-0.03712892532348633, -0.19041948020458221, 0.10950967669487], [0.22603453695774078, -0.044347744435071945, 0.04464886710047722]], [[-0.014274888671934605, -0.12120313197374344, -0.11115068197250366], [0.04941582679748535, -0.19568634033203125, -0.05663590505719185], [0.04259949177503586, -0.040104132145643234, -0.11802320182323456]], [[0.08544345200061798, 0.07929299771785736, -0.03437803313136101], [-0.00902961753308773, 0.07765726000070572, -0.015948470681905746], [-0.08380629867315292, -0.003495891112834215, 0.04754248633980751]], [[0.040060367435216904, -0.2086167186498642, -0.08828191459178925], [0.044644545763731, -0.08002731949090958, -0.17334775626659393], [-0.10797224938869476, -0.11301248520612717, -0.01654120720922947]]], "bias": 0.021666208282113075}