{"layer": "conv1", "index": 16, "weights": [[[-0.23872850835323334, -0.031692132353782654, 0.22525405883789062], [-0.20345139503479004, -0.018763672560453415, 0.031070251017808914], [-0.3092697858810425, -0.14914776384830475, 0.24126768112182617]]], "bias": 0.09988127648830414}