{"layer": "conv2", "index": 0, "weights": [[[-0.059153854846954346, -0.023359810933470726, 0.04697972536087036], [-0.0062890686094760895, 0.001622451120056212, 0.11680904030799866], [-0.04451124742627144, 0.04931260272860527, 0.06321439892053604]], [[-0.05350983142852783, -0.1241561621427536, 0.013258833438158035], [-0.09948918223381042, -0.012803874909877777, -0.00813550315797329], [-0.08873194456100464, -0.037428490817546844, 0.0036102067679166794]], [[-0.09202890843153, -0.010802147909998894, -0.012694851495325565], [-0.06828179955482483, 0.07610565423965454, -0.04913385957479477], [-0.04129180312156677, 0.08704493194818497, -0.1383942812681198]], [[-0.022511137649416924, -0.08515794575214386, -0.044528864324092865], [-0.11876622587442398, -0.07529941946268082, 0.09789285063743591], [-0.11521724611520767, -0.02645428106188774, 0.016476117074489594]], [[0.039701223373413086, -0.01985172927379608, 0.041092243045568466], [0.02728482335805893, -0.04244781658053398, 0.10201356559991837], [0.1130598783493042, -0.046211231499910355, 0.16007943451404572]], [[0.03794703632593155, -0.12152629345655441, 0.025751564651727676], [-0.05810414254665375, -0.061098650097846985, 0.04316895455121994], [-0.04374931752681732, -0.015248788520693779, 0.10399243235588074]], [[-0.007326542865484953, -0.09879908710718155, -0.019765838980674744], [-0.14656856656074524, 0.008862724527716637, -0.09420222043991089], [-0.08159533888101578, 0.03798438608646393, -0.140674889087677]], [[0.024695707485079765, -0.04817819595336914, 0.007068196777254343], [0.038975656032562256, 0.08338660001754761, 0.13679999113082886], [-0.054420553147792816, 0.04363168030977249, -0.09641192108392715]], [[0.0511048287153244, -0.04225749894976616, -0.03569573909044266], [-0.004472652450203896, -0.005180460400879383, 0.07018830627202988], [-0.2436724603176117, 0.011210891418159008, -0.03247160464525223]], [[-0.04167851805686951, -0.026714760810136795, 0.06749508529901505], [-0.0876488909125328, -0.005860381294041872, 0.04564988613128662], [-0.004861408844590187, -0.03533577173948288, -0.04196517914533615]], [[-0.027758358046412468, -0.01209635753184557, 0.02293974533677101], [-0.015084821730852127, -0.07399453967809677, -0.1166226714849472], [0.018726380541920662, -0.06606858968734741, -0.1683032363653183]], [[-0.018524331972002983, 0.03064248152077198, -0.007839391939342022], [-0.14708130061626434, -0.03244663029909134, 0.01956184022128582], [-0.009872456081211567, -0.023254094645380974, -0.011012913659214973]], [[-0.01109689474105835, -0.0018191584385931492, -0.008662238717079163], [0.040430858731269836, -0.029923610389232635, 0.10576298832893372], [-0.18358607590198517, 0.0015898160636425018, 0.0701761394739151]], [[0.01547330804169178, -0.054434824734926224, 0.017911072820425034], [-0.1059688851237297, 0.023430941626429558, -0.010173295624554157], [-0.12352903187274933, 0.06181049346923828, 0.04429611936211586]], [[0.03376322239637375, -0.024509403854608536, 0.058659035712480545], [-0.07134543359279633, 0.049464207142591476, -0.02677552029490471], [-0.06259331852197647, 0.060275446623563766, -0.10200561583042145]], [[-0.10735569894313812, -0.07866282016038895, -0.006049084942787886], [-0.16930833458900452, -0.05676087737083435, -0.016419269144535065], [-0.07575768977403641, -0.05487729609012604, -0.01822529174387455]], [[0.023065248504281044, -0.03267496079206467, 0.0495530366897583], [0.0018233777955174446, 0.07691454142332077, -0.006315718404948711], [0.04954548925161362, 0.1570087969303131, -0.0864543467760086]], [[0.010387691669166088, -0.05392365902662277, -0.06592178344726562], [-0.011201443150639534, -0.10943175852298737, 0.09864785522222519], [-0.2032322734594345, 0.030245183035731316, -0.12885670363903046]], [[-0.02832050807774067, -0.08800128102302551, 0.026877794414758682], [-0.006062305998057127, -0.1022566705942154, -0.0026280467864125967], [-0.11375356465578079, -0.07157950848340988, -0.02839619293808937]], [[0.04672848433256149, -0.049531131982803345, 0.018975896760821342], [0.040316466242074966, 0.012467737309634686, 0.1310097724199295], [0.0523245669901371, -0.003997220657765865, 0.24642054736614227]], [[0.0739143043756485, -0.02667757123708725, -0.001298458781093359], [-0.013583078980445862, -0.07860119640827179, 0.09760545939207077], [-0.02356376312673092, -0.06361861526966095, 0.13869816064834595]], [[-0.0961100235581398, -0.0854959636926651, -0.007112918421626091], [-0.09183941781520844, -0.0025694805663079023, -0.06926818937063217], [-0.04108917713165283, 0.06247449293732643, -0.10910528898239136]], [[-0.026780415326356888, -0.11732829362154007, -0.0609782412648201], [-0.08849089592695236, -0.016663936898112297, -0.015185642056167126], [-0.09631896018981934, -0.014476600103080273, 0.0626508891582489]], [[0.040806423872709274, -0.045421257615089417, 0.03774750977754593], [-0.014149822294712067, 0.08863523602485657, -0.03871758654713631], [-0.01718931458890438, 0.12151683866977692, -0.11606808751821518]], [[-0.04883307218551636, -0.11286252737045288, -0.018952490761876106], [-0.07281167805194855, 0.031168906018137932, -0.022473711520433426], [-0.07318536192178726, 0.0009241752559319139, -0.07413629442453384]], [[0.06260790675878525, 0.050849687308073044, -0.048284225165843964], [0.029980039224028587, 0.07187464833259583, -0.10774337500333786], [0.10438276082277298, -0.07112694531679153, 0.0253719724714756]], [[-0.0561869777739048, -0.08487031608819962, -0.05945257842540741], [-0.07062990963459015, 0.13108311593532562, 0.0021989860106259584], [-0.008872800506651402, 0.17495772242546082, -0.05029432475566864]], [[-0.06501322239637375, -0.10704866051673889, -0.014452213421463966], [-0.0729123204946518, -0.011913292109966278, 0.0056117442436516285], [-0.065367691218853, -0.005176330450922251, -0.03446738049387932]], [[-0.07116951048374176, -0.20036692917346954, -0.14174418151378632], [-0.09258964657783508, -0.07048053294420242, 0.07043701410293579], [0.014447004534304142, -0.004179426934570074, 0.08282852917909622]], [[-0.039272405207157135, -0.0053192609921097755, -0.0010362854227423668], [-0.04191911220550537, 0.06145038083195686, 0.04333021119236946], [0.08044420927762985, -0.02753467485308647, 0.03477777540683746]], [[-0.05022599548101425, 0.015042705461382866, 0.10789650678634644], [-0.06082828715443611, -0.007741088513284922, 0.07348199933767319], [-0.10368716716766357, 0.11427894979715347, -0.062053173780441284]], [[-0.02741343341767788, -0.032060734927654266, -0.139928936958313], [-0.011926664039492607, -0.07448884099721909, -0.1593291163444519], [-0.05846183001995087, -0.13195843994617462, -0.07464583963155746]]], "bias": -0.03684201464056969}