{"layer": "conv1", "index": 12, "weights": [[[-0.22684717178344727, 0.16114884614944458, 0.08917492628097534], [0.32315707206726074, 0.10651737451553345, 0.1499708592891693], [0.16987082362174988, -0.2567582428455353, -0.2698118984699249]]], "bias": 0.08954646438360214}