{"layer": "conv1", "index": 11, "weights": [[[-0.2828404903411865, 0.20648080110549927, 0.2066158801317215], [-0.0903867557644844, -0.14910542964935303, -0.016799980774521828], [0.08050355315208435, -0.0880945697426796, 0.11132063716650009]]], "bias": 0.04849028214812279}