{"layer": "conv1", "index": 9, "weights": [[[-0.29938027262687683, 0.2421499341726303, -0.45961639285087585], [0.301548570394516, 0.06446242332458496, 0.3144605755805969], [-0.16580554842948914, 0.05315569043159485, -0.10347305238246918]]], "bias": 0.09376081079244614}