{"layer": "conv2", "index": 63, "weights": [[[0.034077297896146774, -0.01587277464568615, 0.08549083769321442], [-0.04713631793856621, -0.07426279783248901, -0.03309307619929314], [-0.036370668560266495, -0.03983457386493683, -0.004372092895209789]], [[-0.16183586418628693, -0.14398124814033508, -0.018680036067962646], [-0.17276938259601593, -0.21992748975753784, 0.06843190640211105], [0.09099576622247696, -0.022735102102160454, -0.1579369604587555]], [[0.14558899402618408, -0.0038074771873652935, -0.008907392621040344], [-0.0017548010218888521, 0.06946948170661926, -0.04229767993092537], [-0.14021611213684082, 0.027643956243991852, 0.14682485163211823]], [[0.06927868723869324, 0.15989433228969574, 0.07935867458581924], [-0.09539461135864258, 0.04098417982459068, 0.12252537161111832], [-0.16496507823467255, -0.11278539150953293, -0.03161761909723282]], [[-0.051129069179296494, -0.09328700602054596, -0.04543337970972061], [0.0020598680712282658, -0.2335672825574875, -0.30534428358078003], [-0.07220733910799026, -0.21688398718833923, -0.22082965075969696]], [[0.012187965214252472, 0.09988546371459961, 0.0883060023188591], [-0.18624505400657654, 0.05153011903166771, 0.02036179229617119], [-0.1443297117948532, -0.1944744735956192, -0.053230222314596176]], [[-0.06876608729362488, -0.08591212332248688, -0.10101307183504105], [-0.12241987138986588, -0.07656415551900864, -0.11419960111379623], [-0.08533581346273422, 0.023071587085723877, -0.12083784490823746]], [[-0.03212670609354973, -0.10211217403411865, 0.006389803718775511], [0.014103385619819164, -0.10971369594335556, -0.098934605717659], [-0.0003024715406354517, 0.028866669163107872, 0.0177110955119133]], [[0.013280709274113178, -0.030726445838809013, -0.0089152492582798], [-0.15415191650390625, -0.10055764764547348, -0.004616538994014263], [-0.1786710023880005, -0.08857971429824829, 0.013986725360155106]], [[-0.0679873451590538, -0.059717245399951935, 0.004187790211290121], [-0.12328258901834488, 0.047056376934051514, 0.14088241755962372], [-0.07703886926174164, -0.1314581334590912, 0.05824338644742966]], [[0.0023046662099659443, -0.045280370861291885, -0.037654533982276917], [0.025791864842176437, 0.021525196731090546, -0.07422349601984024], [0.036266498267650604, 0.05766986683011055, 0.14626897871494293]], [[0.03600744530558586, -0.03260470926761627, -0.026522420346736908], [0.01739548332989216, 0.05043355002999306, -0.042216211557388306], [-0.02316739410161972, -0.027818499132990837, 0.06307845562696457]], [[-0.005844057071954012, -0.056369584053754807, 0.07986379414796829], [-0.004324746318161488, -0.10065323114395142, -0.14110127091407776], [-0.22686633467674255, -0.08896330744028091, -0.05396105349063873]], [[-0.027918512001633644, -0.026151128113269806, -0.075368732213974], [-0.04114314913749695, -0.035594794899225235, -0.15517453849315643], [-0.040896862745285034, 0.06133892387151718, 0.023748915642499924]], [[0.08798059821128845, 0.08904597163200378, -0.059419579803943634], [-0.08917003124952316, 0.051059555262327194, 0.006818127818405628], [-0.11806143820285797, -0.03422633558511734, 0.07277552783489227]], [[-0.08286190778017044, 0.013371789827942848, -0.0466727577149868], [-0.19656307995319366, -0.02973727136850357, 0.17016194760799408], [0.00031695832149125636, -0.1771756261587143, -0.061646148562431335]], [[0.009514525532722473, 5.697791129932739e-05, -0.12026937305927277], [0.06133557856082916, -0.007245701737701893, -0.19641759991645813], [0.018408434465527534, 0.013876618817448616, -0.0342293456196785]], [[0.028469758108258247, -0.017135418951511383, 0.06667108833789825], [0.05083370953798294, 0.02091585472226143, -0.03536254167556763], [-0.09547186642885208, 0.004281979985535145, 0.006766118109226227]], [[-0.024871399626135826, -0.08362219482660294, 0.05664557218551636], [-0.021228834986686707, -0.014940141700208187, -0.09106917679309845], [0.005747477989643812, 0.014329110272228718, 0.08834882080554962]], [[-0.06595172733068466, 0.09791876375675201, 0.1648780107498169], [-0.13183781504631042, -0.12646496295928955, 0.1388034224510193], [-0.06609367579221725, -0.2572995722293854, -0.21441128849983215]], [[0.031593941152095795, -0.0032779674511402845, 0.02206737920641899], [-0.060366272926330566, -0.06298792362213135, -0.022028112784028053], [-0.07854986190795898, -0.11210928112268448, -0.08800465613603592]], [[-0.07922950387001038, 0.00304649886675179, 0.024387160316109657], [-0.1504553109407425, -0.014943080022931099, 0.2846137583255768], [0.004941239021718502, -0.12759827077388763, -0.031202487647533417]], [[-0.004217610694468021, 0.03744456171989441, 0.04983305558562279], [-0.06565996259450912, 0.07096663117408752, 0.11961765587329865], [-0.17677167057991028, -0.12846671044826508, 0.027150273323059082]], [[0.0024279484059661627, -0.06557204574346542, -0.031585849821567535], [-0.1339983493089676, -0.04505699872970581, -0.07388179749250412], [-0.03069065324962139, 0.008297514170408249, 0.03990970179438591]], [[-0.07352452725172043, 0.10682380199432373, -0.0391143336892128], [-0.10908807069063187, 0.04451046511530876, 0.2043970674276352], [0.09685248136520386, -0.15994545817375183, -0.08015377819538116]], [[-0.011314785107970238, -0.09289916604757309, -0.008346309885382652], [0.017172355204820633, -0.1252756267786026, 0.02673584222793579], [0.06705773621797562, 0.057705845683813095, 0.0019703959114849567]], [[0.083476722240448, 0.03789117559790611, 0.04615082964301109], [0.0701872780919075, 0.10303336381912231, -0.06743981689214706], [0.00554366922006011, 0.07550107687711716, 0.16720865666866302]], [[0.038953620940446854, 0.046290867030620575, 0.006939676124602556], [-0.10054957121610641, 0.17129158973693848, 0.2631511092185974], [-0.004609646741300821, -0.16152597963809967, 0.06541324406862259]], [[-0.12592343986034393, -0.0026569021865725517, 0.11830700188875198], [-0.11398203670978546, -0.08829159289598465, 0.32106107473373413], [-0.0008756772731430829, -0.0743110254406929, -0.018023427575826645]], [[-0.07244863361120224, -0.11027438193559647, -0.08154742419719696], [0.016471123322844505, 0.047567326575517654, 0.029405783861875534], [0.01321460958570242, 0.009334991686046124, 0.02867947891354561]], [[0.017290692776441574, 0.0322294645011425, -0.04201996698975563], [-0.010462624952197075, 0.06964310258626938, -0.006004116497933865], [-0.04168693721294403, 0.010738740675151348, 0.12025663256645203]], [[0.1364203691482544, -0.11124061048030853, -0.019923420622944832], [0.12448722869157791, 0.13608039915561676, 0.01615540124475956], [-0.11264194548130035, 0.05832071974873543, 0.05088379606604576]]], "bias": -0.06113671511411667}