{"layer": "conv1", "index": 19, "weights": [[[0.42341142892837524, 0.03661230951547623, -0.5438035726547241], [0.3370289206504822, -0.19010859727859497, -0.3763567805290222], [0.26855340600013733, -0.11327068507671356, 0.15340127050876617]]], "bias": -0.017650341615080833}