{"layer": "conv2", "index": 49, "weights": [[[-0.011047489941120148, -0.09523191303014755, 0.014733835123479366], [0.016318706795573235, -0.00634110439568758, -0.04436587542295456], [-0.028868956491351128, 0.037680767476558685, -0.03497762233018875]], [[0.060021430253982544, 0.011832189746201038, -0.09183904528617859], [-0.01760486699640751, -0.14814703166484833, -0.11018946766853333], [-0.1960171014070511, -0.13052792847156525, 0.031580954790115356]], [[-0.09522093832492828, -0.029615869745612144, -0.0035910673905164003], [-0.12597891688346863, -0.0034749668557196856, 0.04787667840719223], [0.09633591026067734, 0.03606903553009033, 0.009130152873694897]], [[-0.12616580724716187, -0.043698038905858994, -0.016336476430296898], [0.042027272284030914, 0.03116997890174389, 0.03942413255572319], [-0.004086083732545376, 0.055419743061065674, -0.039920222014188766]], [[-0.21268777549266815, -0.07602287828922272, -0.051576580852270126], [-0.06017972156405449, 0.06828564405441284, 0.05599242076277733], [0.10170238465070724, 0.04039973020553589, -0.0459129698574543]], [[-0.13521422445774078, -0.014296521432697773, 0.03271372616291046], [0.037981368601322174, -0.03860177472233772, 0.0259060300886631], [0.05600855126976967, -0.009120939299464226, -0.012025258503854275]], [[0.09391483664512634, 0.06460978835821152, 0.0009210910648107529], [-0.009323724545538425, -0.017698902636766434, -0.06330350786447525], [-0.11832040548324585, -0.02201923355460167, 0.06487595289945602]], [[0.014347999356687069, -0.001998264342546463, -0.08925741910934448], [-0.0028516030870378017, -0.04127324000000954, -0.012063873931765556], [-0.0798320546746254, -0.005866267718374729, 0.027200397104024887]], [[-0.028862876817584038, 0.01618623360991478, 0.08300081640481949], [0.08607955276966095, -0.04236001893877983, -0.02320924773812294], [-0.05567383021116257, -0.0489460788667202, -0.08173208683729172]], [[0.007592753041535616, 0.015809442847967148, -0.01758185587823391], [0.06465083360671997, 0.005121962632983923, -0.026377351954579353], [-0.043831825256347656, -0.07673664391040802, -0.060421012341976166]], [[-0.03411543741822243, -0.09937451779842377, -0.06682106852531433], [-0.15353333950042725, -0.07895167171955109, 0.04763473942875862], [0.12991677224636078, 0.010657344944775105, 0.07401107251644135]], [[0.004917873069643974, -0.004253915045410395, 0.030842414125800133], [0.018698297441005707, 0.0013819931773468852, -0.05829340219497681], [-0.012050123885273933, -0.009313857182860374, 0.019336625933647156]], [[-0.024558966979384422, 0.053625550121068954, 0.0759492963552475], [0.06165928766131401, -0.010570388287305832, -0.0012787414016202092], [-0.0191471129655838, -0.04893697798252106, -0.0792613998055458]], [[0.037964630872011185, 0.05484833940863609, 0.05722241848707199], [0.02285725623369217, 0.01059290487319231, -0.038201265037059784], [-0.09530457854270935, -0.059660106897354126, 0.05852384492754936]], [[-0.04369107633829117, -0.04709978401660919, 0.11138810962438583], [0.03455633297562599, -0.007757613901048899, -0.004810531623661518], [-0.008526659570634365, -0.006970841903239489, 0.0721927061676979]], [[-0.026555558666586876, 0.01160411350429058, -0.05235080048441887], [-0.025162771344184875, -0.12779122591018677, -0.06541264802217484], [-0.08759310096502304, -0.018407635390758514, 0.019407544285058975]], [[0.01615169458091259, -0.06946685910224915, -0.07468786835670471], [-0.07987899333238602, -0.062123700976371765, 0.08719857037067413], [-0.05491284653544426, -0.048341840505599976, 0.1456902027130127]], [[-0.18257322907447815, -0.05355410650372505, 0.003535166149958968], [-0.06795287877321243, -0.025214580819010735, -0.0054949065670371056], [0.05896895378828049, -0.017828555777668953, -0.058055125176906586]], [[-0.08048158138990402, -0.08495639264583588, 0.03294762596487999], [-0.06475488096475601, -0.004742754623293877, 0.0649067685008049], [0.003918787930160761, 0.08101777732372284, -0.022304968908429146]], [[-0.17827573418617249, -0.15895654261112213, -0.07444116473197937], [-0.020382968708872795, -0.0058759767562150955, 0.04746849834918976], [-0.05864577740430832, -0.013599194586277008, 0.09379574656486511]], [[-0.11457034200429916, 0.009037086740136147, 0.060135018080472946], [-0.021990956738591194, 0.059391338378190994, -0.004305034410208464], [-0.016042465344071388, 0.02556702308356762, -0.02732950821518898]], [[0.024606045335531235, 0.0333721861243248, -0.05692772567272186], [-0.020702095702290535, -0.1475607007741928, -0.10689876228570938], [-0.12356677651405334, -0.09532113373279572, 0.08301080763339996]], [[-0.01648670621216297, -0.08074389398097992, -0.032143980264663696], [0.04297163709998131, 0.04911298677325249, -0.04332558810710907], [0.04345674067735672, -0.0343269519507885, -0.053629182279109955]], [[-0.003022602526471019, 0.014593366533517838, 0.039954811334609985], [0.04904645308852196, -0.03543968126177788, -0.08270644396543503], [-0.1269492208957672, -0.04440237581729889, 0.0459933802485466]], [[8.466144208796322e-05, -0.09540790319442749, -0.08679061383008957], [-0.18051519989967346, -0.1349751204252243, 0.0670701414346695], [-0.04182131588459015, -0.002732108812779188, 0.06278125941753387]], [[0.023229511454701424, -0.08241098374128342, -0.03408109396696091], [-0.10404849052429199, -0.05264108628034592, -0.07084818184375763], [-0.04223598912358284, -0.09997021406888962, -0.03766492381691933]], [[-0.01673053950071335, -0.012799196876585484, -0.050794538110494614], [-0.046718861907720566, -0.03593602031469345, 0.09141559153795242], [-0.06023648381233215, -0.021932018920779228, 0.07938860356807709]], [[-0.09204355627298355, -0.1433573216199875, 0.007620253600180149], [-0.047313444316387177, -0.034813590347766876, 0.0653444156050682], [0.005078716203570366, 0.003173965262249112, 0.08479826152324677]], [[0.04747992008924484, -0.046971358358860016, -0.049403056502342224], [-0.010951096192002296, -0.09775134176015854, 0.005317333620041609], [-0.07348565012216568, -0.05452718585729599, 0.000991887180134654]], [[-0.010802595876157284, -0.12879930436611176, -0.10787903517484665], [-0.15829066932201385, -0.11368836462497711, -0.07645466178655624], [-0.12421875447034836, -0.08888987451791763, -0.05193772166967392]], [[-0.02350436896085739, -0.01846756599843502, 0.0387362577021122], [-0.021786727011203766, -0.02195780538022518, 0.04693498834967613], [0.08670356869697571, 0.009933204390108585, -0.00886882096529007]], [[-0.23275406658649445, -0.11057085543870926, 0.02228371798992157], [-0.09442225843667984, 0.029208937659859657, 0.08987750858068466], [0.09390062093734741, 0.0038161950651556253, 0.007300932891666889]]], "bias": -0.0012567922240123153}