{"layer": "conv2", "index": 32, "weights": [[[-0.05904852971434593, -0.06425992399454117, 0.05047028884291649], [0.043171003460884094, -0.006800674367696047, 0.04660247266292572], [-0.015192752704024315, -0.021647561341524124, -0.0482589416205883]], [[-0.016934793442487717, -0.016034618020057678, -0.05956656485795975], [-0.019243376329541206, -0.020435206592082977, 0.01548447459936142], [0.015491258352994919, -0.006829341407865286, -0.025722675025463104]], [[0.026156824082136154, -0.06068871170282364, -0.005928406026214361], [-0.032492928206920624, 0.02473582699894905, -0.0344536155462265], [-0.03162732720375061, -0.030411429703235626, 0.034457478672266006]], [[0.0017024443950504065, -0.037962667644023895, -0.05181453749537468], [-0.03754124790430069, 0.04713231325149536, -0.004529329016804695], [0.026811012998223305, -0.022134361788630486, -0.044462185353040695]], [[-0.026029549539089203, 0.009807160124182701, -0.0284673273563385], [0.049433909356594086, 0.02420121245086193, -0.04152980446815491], [-0.05473516508936882, 0.040672775357961655, 0.010292520746588707]], [[0.01767553947865963, 0.01381148025393486, -0.06015888974070549], [0.04358707740902901, -0.0036778580397367477, -0.032410796731710434], [-0.03845556825399399, 0.01216441672295332, -0.06256038695573807]], [[-0.06377393752336502, -0.05103031545877457, -0.01711592823266983], [-0.013699905946850777, -0.05285300686955452, -0.0570995956659317], [0.006476194132119417, 0.022851932793855667, -0.04336759075522423]], [[0.03267031908035278, -0.04110975190997124, -0.05179549381136894], [-0.0006473640678450465, -0.06011369451880455, -0.0314566008746624], [-0.052004508674144745, 0.014999817125499249, -0.021798066794872284]], [[-0.051165077835321426, 0.03514536842703819, 0.04868515208363533], [-0.0300515778362751, 0.005519114434719086, -0.04539850354194641], [-0.01503756269812584, 0.028550779446959496, -0.029023312032222748]], [[0.004247281700372696, -0.025625796988606453, -0.06540845334529877], [-0.028342125937342644, -0.02586565911769867, 0.013333150185644627], [-1.8348382582189515e-05, 0.01459514256566763, 0.014905187301337719]], [[0.0015420777490362525, -0.0065333484672009945, -0.022875197231769562], [0.019653944298624992, -0.04655895382165909, -0.06543751806020737], [0.03736548125743866, -0.06247708573937416, 0.010405170731246471]], [[0.046083852648735046, -0.05949423462152481, 0.03703666105866432], [0.0010221758857369423, 0.025560541078448296, -0.018352651968598366], [0.023326611146330833, -0.049465958029031754, -0.06401323527097702]], [[-0.05459926649928093, 0.05094501003623009, 0.002173521788790822], [0.047009892761707306, -0.06115373596549034, -0.025359494611620903], [0.009774155914783478, -0.005374303087592125, -0.03399927169084549]], [[-0.044542185962200165, 0.03976333886384964, 0.018541069701313972], [-0.03127063438296318, 0.016523195430636406, -0.04965129867196083], [0.00992606021463871, -0.049684830009937286, 0.04739382490515709]], [[0.018736273050308228, 0.04814814031124115, -0.041638292372226715], [-0.0048051150515675545, 0.022838734090328217, 0.007721226662397385], [-0.009486059658229351, -0.00879987794905901, -0.04368998482823372]], [[0.03847651556134224, -0.026417646557092667, -0.05746880918741226], [-0.01955556496977806, -0.013496767729520798, -0.005360484588891268], [-0.01838795840740204, 0.019146068021655083, -0.05260951817035675]], [[-0.05081738159060478, 0.01902006007730961, -0.020037531852722168], [0.042178284376859665, -0.022493289783596992, -0.009342920035123825], [-0.044907793402671814, 0.006993154529482126, 0.013929006643593311]], [[-0.04417834430932999, 0.004168614745140076, 0.013657575473189354], [0.010173008777201176, -0.02563389390707016, -0.054492320865392685], [-0.05883881077170372, 0.03762800619006157, -0.04578295350074768]], [[0.040536873042583466, -0.05413595214486122, -0.02730068750679493], [0.02432091161608696, -0.04479164257645607, 0.05926945433020592], [-0.05984840914607048, 0.04768161475658417, 0.008235890418291092]], [[-0.005627772305160761, -0.055336687713861465, 0.01456013135612011], [-0.027736809104681015, -0.04696901515126228, -0.021494878455996513], [0.04713195189833641, -0.020427541807293892, -0.010150542482733727]], [[-0.010595648549497128, -0.030965177342295647, -0.04597892612218857], [0.010449009947478771, 0.030796604230999947, -0.002921459497883916], [0.01240670308470726, -0.022419685497879982, -0.06501626968383789]], [[-0.037286676466464996, -0.05257449299097061, 0.045945413410663605], [-0.006200358737260103, 0.019131792709231377, -0.011932042427361012], [0.006322100292891264, 0.04520932212471962, -0.06129511445760727]], [[-0.045910581946372986, 0.03617998957633972, -0.019134603440761566], [-0.007546616718173027, 0.02373385615646839, -0.04107307270169258], [0.004524916876107454, -0.03049270622432232, -0.03937207907438278]], [[-0.050706248730421066, 0.005540518090128899, -0.04205869883298874], [-0.02893608622252941, 0.021111134439706802, -0.015454709529876709], [-0.0027248100377619267, 0.014897812157869339, 0.02158656157553196]], [[-0.05447438359260559, 0.011009392328560352, 0.03727572783827782], [-0.050938624888658524, -0.058328140527009964, -0.03638577461242676], [-0.030087247490882874, 0.04758768901228905, -0.018386533483862877]], [[-0.050066638737916946, -0.04573189839720726, -0.06223900616168976], [-0.010352215729653835, -0.06171673908829689, 0.025669855996966362], [-0.03273451328277588, -0.02448601834475994, -0.042171843349933624]], [[0.04858771711587906, 0.004037884064018726, -0.04970396310091019], [-0.007331471890211105, -0.002885818015784025, -0.016643475741147995], [0.000729664578102529, 0.017002467066049576, 0.010455901734530926]], [[-0.004636512603610754, 0.0027723091188818216, 0.044736653566360474], [-0.05947837978601456, -0.027862465009093285, 0.011800178326666355], [-0.015629403293132782, 0.028569523245096207, -0.01906648650765419]], [[-0.04964673891663551, -0.028963197022676468, -0.03309988975524902], [0.04155154898762703, -0.038560714572668076, -0.00997217744588852], [-0.04062957316637039, 0.04889927804470062, -0.03349689394235611]], [[-0.03713781014084816, -0.035386841744184494, 0.01904897205531597], [-0.06029823422431946, 0.019983038306236267, -0.016956308856606483], [0.011417207308113575, -0.04360530525445938, -0.056201621890068054]], [[0.014993936754763126, -0.007998482324182987, -0.013049802742898464], [0.03509632125496864, -0.026990672573447227, 8.106590939860325e-06], [-0.04216538369655609, -0.018486037850379944, 0.013029662892222404]], [[0.01745998114347458, 0.035877663642168045, 0.026146020740270615], [-0.05552619695663452, -0.006051837932318449, 0.0028987943660467863], [-0.049060095101594925, -0.055243976414203644, 0.02672514319419861]]], "bias": 0.011896118521690369}