{"layer": "conv2", "index": 41, "weights": [[[0.04453981667757034, -0.1858866661787033, -0.05508698523044586], [-0.015465375036001205, -0.22408950328826904, 0.060426145792007446], [-0.05731166899204254, -0.03820041939616203, -0.03389708325266838]], [[-0.05055565387010574, -0.035597238689661026, 0.012701592408120632], [-0.05504675582051277, -0.00013482209760695696, 0.05742936581373215], [0.0331004299223423, -0.04041517525911331, -0.032868918031454086]], [[-0.03112548589706421, -0.14418251812458038, -0.004809245001524687], [-0.06819500029087067, -0.02825658768415451, -0.03363341838121414], [0.06790919601917267, -0.022391684353351593, 0.03882826119661331]], [[-0.05434585362672806, -0.10809852927923203, -0.03466734662652016], [-0.011369732208549976, -0.15067143738269806, 0.014867464080452919], [-0.1622692495584488, 0.010974283330142498, -0.0001463838416384533]], [[0.1059342473745346, -0.19206741452217102, -0.05099429562687874], [0.13049975037574768, -0.05079850181937218, -0.0396309420466423], [0.06700391322374344, -0.1475399285554886, 0.033345431089401245]], [[0.08373074233531952, -0.14810840785503387, -0.07320592552423477], [0.009120476432144642, -0.14180108904838562, 0.025734998285770416], [-0.0004570712335407734, -0.11816408485174179, 0.03569112345576286]], [[-0.00030230756965465844, 0.04715145751833916, -0.010626265779137611], [-0.014877398498356342, -0.020364440977573395, 0.02677697315812111], [-0.04560000076889992, 0.024607433006167412, 0.0855928286910057]], [[-0.042983684688806534, -0.024539560079574585, -0.007966363802552223], [-0.04734460264444351, -0.03591569513082504, -0.028552109375596046], [-0.022029126062989235, -0.04975910112261772, 0.020319093018770218]], [[0.04417764022946358, -0.04027967154979706, -0.0373641662299633], [0.010725975967943668, -0.16953159868717194, 0.04690658673644066], [-0.12908607721328735, 0.040243759751319885, -0.013983647339046001]], [[-0.01063256710767746, -0.019028207287192345, -0.05472799390554428], [0.012788625434041023, 0.006238503847271204, 0.10746165364980698], [-0.10834188014268875, -0.008190415799617767, -0.03203296288847923]], [[-0.12192991375923157, -0.21346540749073029, -0.1361125111579895], [-0.08224857598543167, -0.12371727079153061, -0.03791486471891403], [-0.05730661004781723, -0.07470285147428513, -0.10087740421295166]], [[0.0073824115097522736, -0.08674917370080948, -0.0762728601694107], [-0.11830516159534454, 0.02565740793943405, 0.06657402217388153], [-0.026683246716856956, 0.060974981635808945, 0.08698063343763351]], [[0.05388854816555977, -0.017939167097210884, -0.05637088418006897], [0.0894322395324707, -0.04144003242254257, -0.008278927765786648], [-0.03959384560585022, 0.01847965642809868, 0.0837571993470192]], [[-0.06865236163139343, -0.011261245235800743, 0.03767837956547737], [-0.07939667254686356, 0.03983087092638016, 0.030181892216205597], [-0.150453120470047, 0.02027830295264721, 0.03661208972334862]], [[-0.04590011015534401, -0.09010769426822662, 0.027837291359901428], [-0.06590354442596436, -0.021034033969044685, 0.05792847275733948], [-0.1262143850326538, 0.07911065220832825, 0.02955775149166584]], [[0.0853726863861084, -0.14827860891819, -0.012467141263186932], [0.008919804356992245, -0.0745156779885292, 0.0057051293551921844], [-0.039522718638181686, -0.09383537620306015, -0.08191203325986862]], [[-0.05007198825478554, 0.022988714277744293, -0.03380082547664642], [-0.06809014081954956, -0.0040492466650903225, 0.0368746817111969], [0.06866281479597092, 0.05746985599398613, -0.013378470204770565]], [[-0.16034433245658875, -0.14603033661842346, -0.17297089099884033], [-0.03789548948407173, -0.10650403797626495, 0.007085560820996761], [-0.0693892240524292, -0.18469876050949097, -0.15391919016838074]], [[-0.10383625328540802, -0.2521725296974182, -0.18018293380737305], [-0.007380938623100519, -0.14144089818000793, -0.004964812658727169], [-0.08624565601348877, -0.11835228651762009, -0.02716231718659401]], [[0.09227496385574341, -0.16359518468379974, -0.05712934210896492], [0.033637724816799164, -0.0024606974329799414, -0.00044380698818713427], [0.052876438945531845, -0.10739562660455704, 0.05448116362094879]], [[0.08795258402824402, -0.179118350148201, -0.07649334520101547], [0.10546352714300156, -0.060018472373485565, 0.03935833275318146], [0.00753709115087986, -0.13111120462417603, 0.0972542092204094]], [[0.08256414532661438, -0.05500435456633568, -0.023861277848482132], [0.0004057676997035742, 0.06563068926334381, 0.03675976023077965], [0.0212587658315897, 0.06486061215400696, -0.05123142898082733]], [[0.0801653265953064, -0.1098150908946991, -0.04476195573806763], [-0.0005950442282482982, -0.00830951239913702, -0.017317872494459152], [-0.05279136076569557, -0.03678189218044281, 0.007988963276147842]], [[-0.032104045152664185, -0.023883402347564697, 0.04580523073673248], [-0.04750688746571541, -0.009025594219565392, 0.04052187502384186], [-0.0764518529176712, 0.07464480400085449, 0.10950550436973572]], [[-0.0501730777323246, -0.17129622399806976, -0.008553320541977882], [-0.08118733018636703, 0.07436052709817886, 0.012559594586491585], [-0.010151686146855354, 0.003448950592428446, -0.04040525481104851]], [[0.0004790497769135982, -0.03772354498505592, 0.023580828681588173], [-0.05085901543498039, -0.015362763777375221, -0.023098910227417946], [0.032249026000499725, -0.04800316318869591, -0.018141187727451324]], [[-0.08222013711929321, -0.07455799728631973, 0.02275998890399933], [-0.0739356204867363, 0.07772696763277054, 0.06947673112154007], [0.002950781024992466, 0.08020997047424316, 0.054371654987335205]], [[-0.032142139971256256, -0.07410330325365067, -0.014500778168439865], [-0.1171111986041069, -0.02510317787528038, 0.06500538438558578], [-0.0303205493837595, -0.010788040235638618, -0.008506008423864841]], [[0.12578706443309784, -0.022486088797450066, -0.022333087399601936], [0.022164691239595413, -0.13211630284786224, 0.018056634813547134], [-0.06493430584669113, -0.10155705362558365, -0.0846128761768341]], [[0.0010405952343717217, -0.02521555870771408, -0.03463390842080116], [-0.054611776024103165, -0.013009801506996155, 0.057683464139699936], [-0.04501684010028839, -0.05482332035899162, -0.01542581431567669]], [[-0.09932466596364975, -0.06473980098962784, -0.057739898562431335], [-0.06576299667358398, -0.03622952103614807, -0.01320791244506836], [-0.10722513496875763, -0.016300847753882408, 0.06982270628213882]], [[-0.06987448781728745, -0.16784901916980743, -0.10818179696798325], [-0.06991846114397049, -0.0290862787514925, -0.10819230228662491], [0.015739474445581436, -0.1327652931213379, -0.1970498114824295]]], "bias": -0.025970347225666046}