{"layer": "conv1", "index": 7, "weights": [[[-0.12820301949977875, -0.08922282606363297, -0.11188716441392899], [-0.12837018072605133, -0.38707321882247925, 0.15229424834251404], [-0.375667929649353, 0.29369229078292847, -0.1333654224872589]]], "bias": 0.19625812768936157}