{"layer": "conv2", "index": 50, "weights": [[[-0.01730712689459324, -0.09472150355577469, 0.037100229412317276], [-0.009886747226119041, 0.03374100849032402, 0.05339229851961136], [0.08124593645334244, 0.03931627795100212, -0.12184325605630875]], [[0.16403499245643616, 0.13852785527706146, -0.10112442076206207], [0.0013073274167254567, -0.0169282965362072, -0.12572243809700012], [-0.09142042696475983, -0.027011722326278687, 0.012466843239963055]], [[-0.0844036340713501, -0.05654793605208397, 0.008457050658762455], [0.07977598160505295, 0.012727941386401653, -0.09576751291751862], [0.032347314059734344, 0.004631614778190851, -0.0776459276676178]], [[-0.09963250160217285, 0.029953422024846077, 0.02677227184176445], [0.024266047403216362, 0.08704026788473129, -0.06974221765995026], [-0.10141094774007797, -0.02795601449906826, -0.16220539808273315]], [[-0.1317371279001236, 0.021945549175143242, 0.11872886121273041], [0.07124081999063492, 0.13318905234336853, 0.16090983152389526], [-0.03068545088171959, -0.029614247381687164, -0.008180664852261543]], [[-0.02176552265882492, 0.013175863772630692, 0.05415985360741615], [-0.017532091587781906, 0.07147324830293655, -0.0020490840543061495], [-0.0908828154206276, -0.09506019204854965, -0.08964569121599197]], [[0.012958214618265629, 0.12704981863498688, -0.018601447343826294], [0.061534278094768524, 0.08309689164161682, -0.04371201619505882], [-0.2530001401901245, -0.2073228806257248, -0.05074942857027054]], [[-0.02060232125222683, 0.042580585926771164, 0.06106172129511833], [-0.029812563210725784, -0.053550731390714645, 0.014111676253378391], [0.035685811191797256, 0.0028925572987645864, 0.03594373166561127]], [[-0.01644717901945114, 0.06615418940782547, 0.07587873190641403], [0.055920619517564774, -0.010711314156651497, -0.07712431997060776], [-0.11406023800373077, -0.11805708706378937, -0.13472308218479156]], [[-0.0232145544141531, 0.016128968447446823, -0.06424710154533386], [-0.02767655998468399, 0.01481226459145546, -0.12140721082687378], [-0.05800798535346985, -0.10785125941038132, -0.09780261665582657]], [[-0.07703446596860886, -0.1444239616394043, -0.06808649748563766], [0.058788396418094635, -0.04141158238053322, -0.044001366943120956], [0.1997191607952118, 0.14964284002780914, -0.11551754176616669]], [[-0.0564798042178154, 0.031684424728155136, -0.027529090642929077], [0.004566452000290155, 0.028697900474071503, -0.0738215446472168], [-0.09032466262578964, -0.09339848160743713, -0.120702363550663]], [[-0.007932246662676334, 0.05026122182607651, 0.10066831856966019], [0.06653785705566406, 0.060829658061265945, 0.0008015873609110713], [-0.11517857015132904, -0.07465173304080963, -0.12387575954198837]], [[0.027819795534014702, 0.1477780044078827, -0.013204718008637428], [-0.038957055658102036, 0.000955352617893368, -0.022720158100128174], [-0.1916341930627823, -0.1955646276473999, -0.05873456597328186]], [[-0.10192053765058517, 0.03625980764627457, -0.0071739391423761845], [-0.0120477806776762, -0.044513802975416183, -0.14086830615997314], [-0.09380625933408737, -0.018530430272221565, -0.12954695522785187]], [[0.11021247506141663, 0.037069953978061676, -0.11686643958091736], [-0.03573376312851906, -0.021090161055326462, -0.13204456865787506], [-0.05854768306016922, -0.09618031233549118, -0.07474592328071594]], [[0.025081591680645943, 0.10772568732500076, -0.049219727516174316], [0.018689312040805817, -0.085252545773983, 0.007015637122094631], [-0.024726003408432007, -0.04457555338740349, 0.05468679592013359]], [[-0.09127145260572433, 0.03519067168235779, 0.05418596416711807], [0.110881507396698, 0.17369352281093597, 0.00012617907486855984], [0.13466966152191162, 0.1532391905784607, -0.2930060029029846]], [[-0.2792941629886627, -0.11638252437114716, 0.03112717904150486], [0.010939635336399078, 0.08298303186893463, -0.04514698311686516], [0.13948042690753937, 0.12307067215442657, -0.17776383459568024]], [[0.10042981058359146, -0.09830356389284134, -0.008857333101332188], [0.021658124402165413, 0.026987925171852112, 0.1080174669623375], [-0.12633869051933289, -0.0812905803322792, -0.03378703072667122]], [[-0.0047017475590109825, 0.030909860506653786, 0.024390937760472298], [-0.019235821440815926, 0.031263239681720734, 0.036947138607501984], [-0.05300714820623398, -0.02244550548493862, -0.10868510603904724]], [[0.05874559283256531, 0.06301802396774292, -0.1044730544090271], [0.04587997868657112, -0.08556585013866425, -0.10691853612661362], [-0.02646624855697155, -0.08672799915075302, 0.034827783703804016]], [[0.01630164310336113, 0.004205793607980013, 0.00024400738766416907], [-0.037221167236566544, 0.02911601960659027, -0.005080617964267731], [-0.05784514173865318, -0.10202396661043167, -0.10897858440876007]], [[0.05747302621603012, 0.14293785393238068, 0.008823888376355171], [0.012641679495573044, -0.010152016766369343, -0.11418987065553665], [-0.2717342674732208, -0.1758105754852295, 0.0324024073779583]], [[-0.00721069285646081, -0.04233225807547569, -0.16645975410938263], [0.07542914897203445, 0.08316933363676071, -0.0036266748793423176], [-0.0007999594672583044, 0.1510622650384903, -0.06434210389852524]], [[0.05879129841923714, -0.10042846947908401, 0.043800901621580124], [-0.050218142569065094, -0.024419626221060753, 0.016963355243206024], [-0.004148075357079506, 0.015443864278495312, 0.025032730773091316]], [[-0.012989114038646221, 0.04311631992459297, 0.02338118851184845], [0.028052201494574547, -0.10330830514431, -0.08861183375120163], [-0.05182958021759987, -0.22852659225463867, 0.021225348114967346]], [[0.0101980771869421, -0.052821509540081024, -0.13449405133724213], [0.02115105837583542, 0.07292037457227707, 0.061908796429634094], [-0.04077111557126045, -0.016429632902145386, -0.08554084599018097]], [[0.13676144182682037, -0.0526672825217247, -0.13037389516830444], [-0.004312962759286165, -0.06562399864196777, -0.15414181351661682], [0.17162498831748962, -0.043501995503902435, -0.05429355055093765]], [[0.01723676361143589, -0.08578543365001678, 0.04549947381019592], [-0.07631596177816391, -0.10921810567378998, -0.03377699479460716], [0.08150653541088104, 0.025057824328541756, 0.04045950621366501]], [[-0.07674037665128708, 0.059554971754550934, -0.005621694028377533], [0.04735499992966652, -0.03092188946902752, -0.07127570360898972], [-0.04127791151404381, 0.01276200357824564, -0.03807945176959038]], [[-0.1796528398990631, -0.11158524453639984, -0.022927073761820793], [0.13464246690273285, 0.027816209942102432, -0.05252279341220856], [0.14976948499679565, 0.08163803815841675, -0.1618233472108841]]], "bias": 0.0021387478336691856}