{"layer": "conv1", "index": 18, "weights": [[[0.3339937627315521, 0.2573845684528351, 0.3795756697654724], [-0.2858262360095978, 0.0006267371354624629, -0.16281861066818237], [0.03560793772339821, -0.300541490316391, -0.29537472128868103]]], "bias": -0.26019087433815}