{"layer": "conv2", "index": 42, "weights": [[[0.01359586976468563, -0.02349986508488655, 0.05367550253868103], [0.024556806311011314, -0.0944179892539978, -0.01569293811917305], [-0.00038900261279195547, -0.027522819116711617, 0.030657408758997917]], [[-0.03831321746110916, -0.026492759585380554, -0.030727772042155266], [-0.04428880289196968, -0.029795987531542778, -0.005592097993940115], [-0.026600336655974388, -0.04466241970658302, -0.08580609411001205]], [[0.03964895009994507, -0.005318985786288977, 0.05652628093957901], [-0.02819090522825718, -0.03581200912594795, 0.04426567628979683], [-0.008982749655842781, -0.027458379045128822, 0.043639011681079865]], [[-0.018332431092858315, -0.057049840688705444, 0.09436691552400589], [-0.01199682429432869, 0.057923682034015656, 0.09264037013053894], [0.036850444972515106, 0.07088178396224976, 0.1039048507809639]], [[0.05436546355485916, 0.008147581480443478, -0.13036075234413147], [-0.052123233675956726, -0.11277695745229721, 0.022085851058363914], [-0.09595127403736115, -0.17367023229599, -0.059870511293411255]], [[0.009356589056551456, -0.039510998874902725, 0.07058195024728775], [-0.10297935456037521, -0.04821484535932541, 0.01681598275899887], [-0.11215823143720627, -0.04011762514710426, 0.09386800229549408]], [[-0.07585490494966507, 0.00886156689375639, 0.017556799575686455], [0.04572242125868797, -0.0029002923984080553, 0.042674798518419266], [0.05056355521082878, 0.07747402787208557, -0.02556796371936798]], [[0.03494945541024208, -0.039762482047080994, 0.038093019276857376], [0.030378712341189384, -0.04316600784659386, -0.009703438729047775], [-0.02930985577404499, 0.004918788094073534, -0.10754252225160599]], [[0.007573659997433424, 0.039442744106054306, 0.11219663172960281], [-0.08062095195055008, -0.03839017450809479, 0.06535652279853821], [0.06113491207361221, -0.014066144824028015, 0.06520339101552963]], [[-0.010666701011359692, -0.016139833256602287, 0.03708959370851517], [-0.03376571834087372, 0.03681338578462601, 0.07561515271663666], [0.02142920345067978, 0.049595508724451065, 0.02749081328511238]], [[0.17376132309436798, -0.04836343228816986, -0.06431355327367783], [-0.049425698816776276, -0.06293143332004547, -0.16501984000205994], [-0.0251783300191164, -0.07039661705493927, -0.1689845621585846]], [[-0.009053931571543217, 0.025985650718212128, 0.0249521154910326], [0.03608689829707146, -0.008155525662004948, -0.027867073193192482], [0.04942382499575615, 0.024912172928452492, 0.013332621194422245]], [[-0.025036904960870743, -0.07063911855220795, 0.07697801291942596], [-0.12125900387763977, -0.04702512174844742, -0.035570234060287476], [-0.021646497771143913, 0.042029377073049545, 0.02936786599457264]], [[0.00892672874033451, 0.04980736970901489, 0.11204027384519577], [0.06880960613489151, -0.0035389759577810764, 0.038382332772016525], [0.07448654621839523, 0.0529954694211483, -0.0021525907795876265]], [[0.00033290404826402664, -0.008204967714846134, 0.09313376247882843], [0.06657959520816803, 0.009636488743126392, 0.027425499632954597], [-0.018848098814487457, 0.03239744156599045, -0.0051021883264184]], [[-0.1322416514158249, -0.12239083647727966, -0.11286818981170654], [-0.0860234722495079, -0.10504510998725891, -0.013650184497237206], [-0.03475422412157059, -0.06066233664751053, 0.07374628633260727]], [[0.026829514652490616, -0.04629431292414665, 0.045823462307453156], [-0.00342160789296031, 0.04506665840744972, 0.027354825288057327], [0.007646465208381414, 0.021591737866401672, -0.0077624074183404446]], [[0.03229004889726639, -0.16338913142681122, -0.067889504134655], [-0.13938988745212555, -0.17347422242164612, -0.04719262570142746], [-0.0999436229467392, -0.12141358852386475, -0.03888082876801491]], [[0.1187383234500885, -0.01711571402847767, -0.04135245829820633], [-0.09586095064878464, -0.20393620431423187, -0.10994629561901093], [-0.078199602663517, -0.16325683891773224, -0.11874670535326004]], [[-0.11740544438362122, -0.12248257547616959, -0.005406006705015898], [-0.08923794329166412, -0.14837387204170227, -0.02360432781279087], [-0.08153203874826431, -0.11598501354455948, 0.08591976016759872]], [[-0.09149769693613052, 0.05651254206895828, -0.008288892917335033], [-0.11485151946544647, -0.06691974401473999, 0.007992432452738285], [-0.05002128705382347, -0.056948211044073105, -0.04018222168087959]], [[-0.10091213881969452, -0.06449346244335175, -0.11998654901981354], [-0.003974813036620617, -0.06538919359445572, -0.11726777255535126], [0.010111192241311073, -0.000793320476077497, -0.06813940405845642]], [[0.03454723209142685, 0.011539456434547901, -0.047635264694690704], [0.004762638825923204, -0.023258449509739876, 0.02678178995847702], [-0.05103570222854614, -0.008388294838368893, 0.05038842931389809]], [[-0.0003020254080183804, 0.03371887654066086, 0.10237786173820496], [0.037673722952604294, 0.05700502172112465, 0.08795426785945892], [-0.018132973462343216, 0.05202613025903702, 0.06643018871545792]], [[-0.060301464051008224, -0.05996178463101387, -0.08986944705247879], [0.049004632979631424, -0.08638421446084976, 0.0332474447786808], [0.022177983075380325, -0.05013425648212433, 0.001360918628051877]], [[-0.05022744834423065, 0.014766136184334755, -0.0694635882973671], [-0.03768099471926689, 0.016057932749390602, -0.08770795166492462], [-0.0203237347304821, -0.022396940737962723, -0.12042485177516937]], [[-0.05657151713967323, 0.015567787922918797, 0.1582929939031601], [-0.009559639729559422, 0.022281374782323837, 0.028003882616758347], [0.001436328631825745, 0.04143410921096802, 0.012303073890507221]], [[0.01369166374206543, -0.014374695718288422, -0.08732038736343384], [0.014376826584339142, -0.11202717572450638, 0.06013639271259308], [0.023832110688090324, -0.044225309044122696, -0.03080904670059681]], [[-0.1511564701795578, -0.1969972550868988, -0.23324580490589142], [-0.05724441260099411, -0.17819806933403015, -0.15749259293079376], [-0.03897650167346001, -0.158787801861763, -0.06577316671609879]], [[-0.05991107225418091, -0.07367068529129028, -0.11907429248094559], [-0.030731121078133583, -0.05766252055764198, -0.13555558025836945], [0.01243663765490055, -0.042691200971603394, -0.0629192665219307]], [[0.02392001822590828, -0.02627926506102085, 0.08364725112915039], [-0.005342409946024418, -0.0046092309057712555, 0.04830170422792435], [0.01788879558444023, -0.01065358892083168, -0.051357924938201904]], [[0.05342395231127739, -0.18119637668132782, -0.20311400294303894], [-0.1199278011918068, -0.12425524741411209, -0.1522248089313507], [-0.06985656917095184, -0.039669767022132874, -0.0597691647708416]]], "bias": 0.010151195339858532}