{"layer": "conv2", "index": 21, "weights": [[[-0.05098786950111389, -0.07919420301914215, -0.041314102709293365], [0.05945761129260063, -0.05541171878576279, -0.13063223659992218], [0.01972457952797413, -0.13637752830982208, 0.021813945844769478]], [[-0.01580389030277729, -0.113455630838871, -0.022102665156126022], [-0.021341167390346527, -0.11610019207000732, 0.06005223095417023], [-0.060536958277225494, -0.05798511579632759, 0.1262049525976181]], [[0.026556475088000298, -0.17451328039169312, -0.02391154319047928], [-0.005661269184201956, -0.07459220290184021, -0.005708848126232624], [-0.07299745827913284, -0.011159083805978298, -0.003180722240358591]], [[0.029059411957859993, 0.0029357036110013723, -0.04449710622429848], [-0.02985656075179577, -0.006820034235715866, -0.20962411165237427], [-0.032709963619709015, -0.20884260535240173, 0.018408747389912605]], [[-0.13837087154388428, 0.08020806312561035, 0.09836706519126892], [-0.014920858666300774, 0.10706630349159241, -0.022394299507141113], [0.11589879542589188, 0.05605686083436012, -0.1507119983434677]], [[0.06405027210712433, 0.013600449077785015, -0.023875918239355087], [0.08378653973340988, 0.08579462021589279, -0.24906426668167114], [0.008220518939197063, -0.1143319234251976, -0.010312280617654324]], [[-0.05671088397502899, -0.10160915553569794, -0.0028935237787663937], [0.010406494140625, -0.08787570893764496, 0.015229970216751099], [-0.08817043155431747, -0.040740005671978, 0.07161271572113037]], [[-0.08591687679290771, -0.024916572496294975, -0.03597914054989815], [-0.08379603177309036, 0.0030600600875914097, 0.02156256139278412], [-0.051279786974191666, 0.03502456098794937, 0.03155900910496712]], [[0.019390122964978218, -0.031064534559845924, -0.10452127456665039], [-0.0007132181781344116, -0.07635219395160675, -0.013680016621947289], [0.045593298971652985, -0.1787651926279068, 0.1162041425704956]], [[0.06900901347398758, -0.10121099650859833, -0.0453011728823185], [-0.04819376766681671, -0.07071103900671005, -0.10889150202274323], [0.049618083983659744, -0.026912624016404152, 0.038779985159635544]], [[-0.12447506934404373, -0.08855139464139938, -0.0007189195021055639], [0.027699673548340797, -0.09080759435892105, -0.09228397160768509], [-0.03450504690408707, -0.016009340062737465, -0.240359827876091]], [[-0.024601224809885025, -0.13748949766159058, -0.018596172332763672], [0.049671679735183716, -0.1372254341840744, 0.0067431568168103695], [-0.018707754090428352, -0.061367735266685486, 0.003446508664637804]], [[-0.07628227025270462, -0.0009689891594462097, 0.04658886790275574], [0.0549466647207737, 0.049196820706129074, -0.15412496030330658], [0.11652754992246628, -0.15733616054058075, 0.021864421665668488]], [[-0.042650576680898666, -0.004731820896267891, -0.05837986245751381], [0.07508146017789841, -0.0551689937710762, 0.11307215690612793], [0.019296439364552498, -0.09849769622087479, 0.14714530110359192]], [[0.03763711079955101, 0.007213347591459751, -0.048352476209402084], [0.08426497876644135, -0.18258166313171387, 0.08480429649353027], [-0.12951450049877167, 0.03617081418633461, 0.004694842733442783]], [[0.006639250088483095, -0.031661953777074814, -0.0713234692811966], [0.055033501237630844, -0.06493982672691345, -0.037635162472724915], [-0.09378175437450409, -0.013386372476816177, -0.07530206441879272]], [[-0.10806904733181, -0.09983039647340775, 0.06439496576786041], [-0.026012156158685684, -0.09616545587778091, 0.04927976801991463], [-0.07146686315536499, 0.13935786485671997, -0.010861865244805813]], [[-0.0732409730553627, -0.11855988949537277, -0.03785759210586548], [-0.0018364920979365706, -0.11327790468931198, -0.18151812255382538], [0.16020473837852478, -0.17362743616104126, -0.20825377106666565]], [[-0.14924269914627075, 0.032582174986600876, -0.013506414368748665], [0.016524938866496086, 0.003757705446332693, -0.13129892945289612], [0.11671993881464005, -0.10965748876333237, -0.0946376770734787]], [[-0.06470879167318344, 0.08863554894924164, 0.08956055343151093], [-0.013993564993143082, 0.08230751752853394, -0.013775750994682312], [0.05957295000553131, 0.12638841569423676, -0.12801611423492432]], [[0.048639703541994095, 0.06184345856308937, -0.049370426684617996], [0.01861695386469364, 0.04712674021720886, -0.11657314747571945], [-0.04018735885620117, 0.05299817770719528, -0.07184302061796188]], [[-0.0701696127653122, -0.03726943954825401, -0.0016878804890438914], [-0.08618523925542831, -0.021209344267845154, 0.026817340403795242], [-0.20441217720508575, 0.06991559267044067, 0.1229352355003357]], [[-0.03008253686130047, 0.003656952176243067, -0.06875913590192795], [0.041079726070165634, -0.06441708654165268, -0.0448940247297287], [0.07250164449214935, -0.0643506869673729, 0.032188259065151215]], [[0.01979207620024681, -0.03420420363545418, 0.041918762028217316], [0.03302573785185814, -0.1591920107603073, 0.13444359600543976], [-0.028863530606031418, 0.05821726471185684, 0.07230851799249649]], [[-0.06146721541881561, -0.25048503279685974, 0.09280149638652802], [-0.025958124548196793, -0.036123842000961304, 0.0306145790964365], [-0.06829629838466644, 0.06574749201536179, 0.03116166777908802]], [[-0.0677235946059227, -0.040536653250455856, 0.05766700208187103], [0.008896464481949806, 0.0031644832342863083, -0.032391730695962906], [-0.027033718302845955, 0.0016471527051180601, -0.04261702671647072]], [[-0.041521064937114716, -0.22747842967510223, 0.058242905884981155], [0.015556609258055687, -0.12838616967201233, 0.051863010972738266], [-0.10342176258563995, 0.0156319011002779, 0.023045307025313377]], [[-0.025742288678884506, -0.04702720046043396, 0.013895947486162186], [-0.0051333168521523476, -0.12227500975131989, 0.02642189711332321], [-0.0540754608809948, 0.01603163592517376, 0.016389278694987297]], [[-0.053511377424001694, 0.0037127486430108547, -0.11109060794115067], [-0.00916382111608982, -0.06404879689216614, -0.17225298285484314], [-0.17589202523231506, -0.18335434794425964, -0.09236536920070648]], [[-0.0733693465590477, -0.05873359367251396, -0.04126157984137535], [0.0085862185806036, -0.042300041764974594, -0.04964819550514221], [-0.10305183380842209, -0.028420884162187576, -0.03797321766614914]], [[0.026965072378516197, -0.06079942733049393, -0.1108742356300354], [0.09750524908304214, -0.12189443409442902, 0.047051675617694855], [-0.01990085281431675, -0.08717744052410126, 0.10419236123561859]], [[-0.14190950989723206, -0.020390117540955544, -0.06307204067707062], [-0.1170009970664978, -0.08389660716056824, -0.21670673787593842], [0.011224910616874695, -0.1267787218093872, -0.3335132896900177]]], "bias": -0.04156861454248428}