{"layer": "conv1", "index": 13, "weights": [[[-0.4650091528892517, 0.250593900680542, 0.3093688189983368], [-0.4096604585647583, -0.03927917405962944, 0.3218432366847992], [0.21878021955490112, 0.2419079691171646, 0.0012223429512232542]]], "bias": -0.39005231857299805}