{"layer": "conv2", "index": 31, "weights": [[[0.11159227788448334, -0.016418324783444405, -0.004559215158224106], [0.03373004123568535, -0.10947368294000626, -0.10217175632715225], [0.03262672200798988, -0.05734819546341896, -0.08980827033519745]], [[-0.1302623748779297, -0.050834499299526215, 0.02291886694729328], [0.04621196165680885, -0.033656660467386246, -0.16073256731033325], [0.09261079877614975, -0.052415668964385986, -0.13676400482654572]], [[-0.06416407972574234, -0.006688500288873911, 0.06855948269367218], [-0.14730550348758698, -0.011957472190260887, 0.0956018939614296], [-0.07962299883365631, -0.00587425846606493, 0.1668834537267685]], [[-0.07969129085540771, -0.07257456332445145, 0.18606235086917877], [0.02478768117725849, -0.12474634498357773, 0.1412508338689804], [-0.0030450117774307728, -0.08322261273860931, -0.016202932223677635]], [[-0.13361361622810364, -0.08792430907487869, 0.06994063407182693], [-0.11747419089078903, -0.12148352712392807, -0.16089652478694916], [0.1622142195701599, 0.0381505973637104, -0.22833314538002014]], [[-0.11646617949008942, -0.11545082181692123, 0.1373109668493271], [0.060792434960603714, -0.040393274277448654, 0.14702636003494263], [0.07485591620206833, -0.10793063789606094, -0.05775118246674538]], [[-0.2843795418739319, -0.004290154203772545, 0.09361328929662704], [-0.019891407340765, 0.027753930538892746, 0.046183571219444275], [-0.02171792834997177, -0.04941382259130478, 0.10699959844350815]], [[-0.0034658005461096764, 0.05626048520207405, -0.029951881617307663], [-0.011064579710364342, -0.01575346291065216, -0.019416650757193565], [-0.07108525931835175, -0.07934203743934631, -0.10219603031873703]], [[-0.2673620581626892, -0.1914471536874771, 0.024229690432548523], [-0.053253043442964554, -0.10122253000736237, -0.04320638254284859], [0.16385869681835175, -0.1552041918039322, -0.01590052805840969]], [[-0.11484729498624802, -0.03495248034596443, 0.12808236479759216], [-0.000870990683324635, -0.08429507911205292, 0.0946652889251709], [0.058781471103429794, -0.11241132020950317, -0.059330958873033524]], [[0.10903528332710266, 0.03994639217853546, -0.008081110194325447], [-0.2891659438610077, 0.07311243563890457, 0.0892181321978569], [-0.0746416226029396, -0.00016419606981799006, 0.061646804213523865]], [[-0.09193797409534454, -0.0224484670907259, 0.04770294949412346], [-0.021051252260804176, -0.0210312157869339, 0.12430334836244583], [-0.03311745822429657, -0.11284336447715759, 0.08688502758741379]], [[-0.2100750058889389, -0.1396239846944809, -0.01662355288863182], [-0.030220631510019302, -0.05414070934057236, -0.04945856332778931], [0.09702800214290619, -0.13371235132217407, -0.0474042072892189]], [[-0.17841875553131104, 0.033120959997177124, 0.056405164301395416], [-0.07076403498649597, 0.08059683442115784, 0.05446266382932663], [-0.05047482252120972, -0.09579133242368698, 0.03848487511277199]], [[-0.10275426506996155, 0.06644531339406967, 0.13273252546787262], [-0.05456327274441719, -0.02936170995235443, 0.11209635436534882], [-0.10006934404373169, -0.10173330456018448, 0.10174217820167542]], [[-0.06863358616828918, -0.1327136605978012, 0.0819469541311264], [0.0733618289232254, -0.05266612395644188, 0.005098794121295214], [0.08118651807308197, 0.0006980423349887133, -0.11566722393035889]], [[0.0008968247566372156, 0.047681499272584915, 0.14523841440677643], [-0.11407049745321274, 0.004779520910233259, 0.1350526213645935], [-0.170707106590271, -0.02000792697072029, 0.16636522114276886]], [[-0.14667366445064545, -0.023410554975271225, 0.01797429472208023], [-0.14569155871868134, 0.009793979115784168, -0.04289921745657921], [0.1941743642091751, -0.08243130147457123, -0.06771457940340042]], [[-0.053616005927324295, -0.14150653779506683, -0.19248953461647034], [-0.24565772712230682, -0.15060225129127502, -0.29202353954315186], [0.17280736565589905, -0.08581308275461197, -0.2123330980539322]], [[-0.10121764987707138, -0.07893133163452148, 0.09531156718730927], [-0.04592221602797508, 0.03351300209760666, 0.033114347606897354], [0.11081316322088242, -0.02049734629690647, -0.14561453461647034]], [[-0.08849357068538666, -0.04438675940036774, -0.014202513732016087], [-0.07505813241004944, -0.04128837212920189, 0.025287862867116928], [0.030107343569397926, -0.015546772629022598, -0.0018429998308420181]], [[-0.1791757047176361, -0.09764397144317627, -0.04433839023113251], [0.049429330974817276, -0.07186748832464218, -0.15256844460964203], [-0.03442532569169998, -0.06303497403860092, -0.13562671840190887]], [[-0.09368576109409332, -0.08362260460853577, 0.0901946946978569], [0.013464649207890034, -0.21309365332126617, 0.028466394171118736], [0.005710605997592211, -0.009030668064951897, -0.027697747573256493]], [[-0.2749636173248291, 0.04305286705493927, 0.13536371290683746], [-0.02771291881799698, -0.053121402859687805, 0.08992904424667358], [-0.059774525463581085, -0.07817823439836502, 0.04780499264597893]], [[-0.05936465039849281, -0.029621455818414688, 0.1316852867603302], [0.003449382958933711, -0.2078377902507782, 0.036289554089307785], [-0.1154407262802124, -0.07915221154689789, 0.07512539625167847]], [[0.017323564738035202, 0.024293726310133934, -0.07858285307884216], [-0.0538281574845314, -0.01723807118833065, -0.036037150770425797], [-0.11155544966459274, -0.0005048552411608398, -0.030191227793693542]], [[-0.053901102393865585, 0.13847647607326508, 0.156684011220932], [-0.13184207677841187, 0.10876636952161789, 0.1365830898284912], [-0.18769384920597076, 0.006143322214484215, 0.2654016315937042]], [[-0.08822338283061981, -0.0558210127055645, 0.012929249554872513], [-0.0031269046012312174, -0.12485416978597641, 0.10835631191730499], [-0.09708929061889648, -0.04627985879778862, 0.01608848385512829]], [[0.07088400423526764, -0.017095474526286125, -0.07170380651950836], [0.14086461067199707, 0.17826400697231293, -0.13008172810077667], [0.10575108230113983, 0.053770676255226135, 0.058746710419654846]], [[0.042365580797195435, -0.0660640075802803, -0.031213456764817238], [-0.008011480793356895, 0.0052278414368629456, -0.14387841522693634], [-0.06534768640995026, -0.009766191244125366, 0.04696004465222359]], [[-0.03445154428482056, -0.0225294791162014, 0.03655904158949852], [-0.19173678755760193, 0.019847406074404716, 0.11527355760335922], [-0.14308863878250122, -0.14583735167980194, 0.10929155349731445]], [[-0.043372105807065964, -0.056224990636110306, -0.08535237610340118], [-0.18008969724178314, 0.04774690419435501, -0.012950582429766655], [0.04695545509457588, -0.021747175604104996, -0.054484542459249496]]], "bias": -0.06573964655399323}