{"layer": "conv2", "index": 7, "weights": [[[0.010606846772134304, 0.07618924230337143, 0.014397596009075642], [0.029796520248055458, 0.04535441845655441, 0.004476054105907679], [-0.016342734917998314, 0.0270743016153574, 0.014763212762773037]], [[0.08419840037822723, -0.013420013710856438, -0.13424153625965118], [-0.15533258020877838, -0.09806975722312927, -0.12898863852024078], [0.016915814951062202, 0.014054963365197182, -0.1261717677116394]], [[-0.12729674577713013, 0.06342150270938873, 0.08475324511528015], [0.0264123547822237, 0.07286160439252853, 0.033717937767505646], [0.07285772264003754, -0.05927315726876259, 0.11235828697681427]], [[-0.09532350301742554, 0.08177058398723602, -0.03097124956548214], [0.037454236298799515, -0.03398369997739792, 0.005103129893541336], [-0.013679524883627892, 0.10490100830793381, -0.07321108132600784]], [[-0.08935575187206268, 0.04972691833972931, 0.016556520015001297], [0.11896287649869919, -0.001071492093615234, -0.07819776237010956], [-0.06266818940639496, -0.002767835045233369, -0.19601793587207794]], [[0.028085609897971153, 0.05087091028690338, -0.013111332431435585], [0.08554057776927948, -0.08009389787912369, 0.0005390414735302329], [0.07714378833770752, 0.08889403194189072, -0.05336800217628479]], [[0.05283338949084282, 0.062173567712306976, -0.03646107390522957], [-0.04383668303489685, -0.0913010761141777, -0.12631824612617493], [0.01509876735508442, -0.14206306636333466, -0.16203172504901886]], [[-0.09445656836032867, -0.1917150616645813, -0.1159391775727272], [-0.06772656738758087, -0.029406826943159103, -0.08184681087732315], [-0.1338658332824707, -0.10642269253730774, -0.06319195032119751]], [[0.12346672266721725, 0.0021604797802865505, -0.07030525803565979], [-0.03296221047639847, -0.023330194875597954, -0.022583089768886566], [-0.08158653229475021, -0.11212033033370972, -0.08643500506877899]], [[-0.036552757024765015, 0.031714312732219696, -0.025586845353245735], [-0.0392792634665966, -0.14460453391075134, -0.06917662173509598], [0.020122146233916283, -0.03186063840985298, -0.09433168917894363]], [[-0.044347766786813736, 0.04166261851787567, -0.04083927348256111], [-0.17538167536258698, -0.030498450621962547, 0.09430810809135437], [-0.006401156075298786, 0.014115029945969582, 0.09639767557382584]], [[-0.02859663777053356, 0.012680316343903542, 0.052639663219451904], [0.04492023587226868, -0.045456260442733765, 0.05118858814239502], [0.03945913538336754, -0.07614685595035553, -0.014571144245564938]], [[0.13467930257320404, 0.11194794625043869, -0.014187398366630077], [0.07103845477104187, -0.07255005836486816, 0.0002327643451280892], [-0.025862092152237892, -0.002530759433284402, -0.10641321539878845]], [[0.06572464853525162, -0.06364788115024567, 0.00029263176838867366], [0.030234606936573982, -0.07766421139240265, 0.02161783166229725], [0.0029117795638740063, -0.1288556009531021, -0.022372683510184288]], [[0.008176357485353947, -0.005738432519137859, 0.04591893032193184], [-0.032789066433906555, -0.01783304661512375, 0.07930662482976913], [0.056000035256147385, -0.09850375354290009, 0.026845816522836685]], [[-0.08493459969758987, -0.06540526449680328, -0.054315030574798584], [0.03913060575723648, -0.0523928664624691, -0.03788832575082779], [0.0071917371824383736, 0.04077960178256035, -0.11794380098581314]], [[-0.17621800303459167, -0.2329833209514618, -0.02209492214024067], [-0.13919173181056976, -0.040411364287137985, 0.002915622666478157], [-0.03952675685286522, -0.09550938010215759, -0.04677274450659752]], [[0.02787483111023903, 0.05058961734175682, -0.038451630622148514], [-0.11898083239793777, 0.004845603834837675, 0.10660988837480545], [-0.10686562210321426, -0.08220832049846649, 0.08930744230747223]], [[0.10192346572875977, 0.12381044775247574, 0.015011514537036419], [0.01109343022108078, 0.01974826492369175, 0.0525287501513958], [-0.08689069002866745, -0.02789231576025486, 0.013144096359610558]], [[-0.12439151108264923, -0.06772569566965103, 0.001024416764266789], [0.113246388733387, -0.074547179043293, -0.15788941085338593], [0.11151735484600067, 0.04018303379416466, -0.045155610889196396]], [[-0.0031624906696379185, 0.013455432839691639, -0.02425100840628147], [0.10028529912233353, -0.02993416227400303, -0.052930798381567], [0.06422781199216843, 0.06733501702547073, -0.060238759964704514]], [[0.0027545636985450983, -0.0033813766203820705, 0.02632908895611763], [-0.08113721758127213, -0.08722188323736191, -0.1361084133386612], [0.00424396013841033, 0.1047128364443779, -0.07288262248039246]], [[-0.05824558436870575, 0.03230283781886101, -0.04939033091068268], [-0.019057990983128548, -0.03588540479540825, -0.020640304312109947], [0.04535175487399101, -0.017826272174715996, -0.0968804731965065]], [[0.07247620075941086, -0.03983612358570099, -0.01724846661090851], [-0.006632903125137091, -0.10507442057132721, 0.010565638542175293], [0.02098972350358963, -0.2003524899482727, -0.16216984391212463]], [[-0.05679973214864731, -0.04732136055827141, 0.004284185823053122], [-0.031699661165475845, -0.1584668606519699, -0.016516437754034996], [0.116096131503582, -0.04424215853214264, -0.23927511274814606]], [[-0.2586838901042938, -0.1357114464044571, -0.058343369513750076], [-0.14354467391967773, -0.08495134115219116, -0.09085746854543686], [-0.09601692855358124, -0.14394798874855042, -0.0046637943014502525]], [[-0.16084259748458862, -0.1584950089454651, 0.05309047922492027], [-0.18446320295333862, 0.02375096082687378, 0.12935638427734375], [0.09968580305576324, -0.07641846686601639, 0.13524553179740906]], [[-0.15930481255054474, 0.11895359307527542, -0.024928884580731392], [0.031613852828741074, -0.09622562676668167, 0.0710894986987114], [0.09652140736579895, 0.06740313023328781, -0.07735859602689743]], [[-0.12815837562084198, -0.09850247949361801, -0.06319161504507065], [-0.07543447613716125, 0.002062905114144087, -0.1275663822889328], [0.010945728048682213, 0.10887938737869263, 0.12525111436843872]], [[-0.16813060641288757, -0.12690921127796173, -0.06429128348827362], [-0.21136458218097687, -0.024519646540284157, -0.08294466137886047], [-0.12882480025291443, -0.026621125638484955, -0.07394714653491974]], [[-0.03565483167767525, -0.051884837448596954, -0.015107221901416779], [0.02730628103017807, -0.041654523462057114, 0.1229749321937561], [0.0012252455344423652, -0.07700711488723755, -0.010805084370076656]], [[-0.10597871243953705, -0.01935054361820221, 0.03678267076611519], [-0.04901285842061043, 0.038020603358745575, 0.03081684745848179], [-0.027656756341457367, -0.015561357140541077, 0.12069712579250336]]], "bias": -0.13210642337799072}