{"layer": "conv1", "index": 15, "weights": [[[0.11362489312887192, -0.34920987486839294, -0.575890839099884], [0.1500694751739502, 0.2866620719432831, -0.16278959810733795], [0.19370663166046143, 0.26866596937179565, 0.25697824358940125]]], "bias": 0.17792268097400665}