{"layer": "conv2", "index": 6, "weights": [[[-0.052320417016744614, 0.05339125916361809, -0.11187010258436203], [0.057858195155858994, 0.02836848981678486, -0.13302555680274963], [0.010530635714530945, -0.04189559444785118, 0.00505954260006547]], [[-0.014326369389891624, -0.05686388537287712, -0.047537464648485184], [-0.06645692884922028, -0.07446566969156265, -0.07913760095834732], [0.03537488356232643, -0.10097381472587585, 0.06565116345882416]], [[-0.02939642034471035, -0.050022538751363754, -0.09969380497932434], [0.06766156852245331, -0.05900931730866432, -0.10203582048416138], [-0.014959793537855148, 0.027389835566282272, -0.10446077585220337]], [[0.076960988342762, 0.01952195167541504, -0.11004512012004852], [0.00011945272126467898, 0.0667775347828865, -0.17287662625312805], [0.057239603251218796, 0.033433929085731506, -0.035686392337083817]], [[-0.08372259885072708, -0.007129772566258907, -0.08982519805431366], [-0.23758357763290405, 0.05162915959954262, 0.03377467766404152], [-0.18116500973701477, 0.03798949718475342, 0.04199571534991264]], [[0.1323411464691162, 0.048026714473962784, -0.10285530239343643], [-0.05383581295609474, 0.12630869448184967, -0.043263617902994156], [-0.04510366544127464, 0.07188128679990768, -0.018219374120235443]], [[-0.09017457813024521, -0.07237224280834198, -0.07480864971876144], [0.03532605245709419, -0.08894918859004974, -0.07191549241542816], [0.06720532476902008, -0.08608933538198471, 0.0752171128988266]], [[-0.03642461448907852, -0.06600810587406158, 0.06471861153841019], [0.013392756693065166, -0.07046714425086975, 0.01964591071009636], [0.04132726788520813, -0.008879327215254307, -0.04034423828125]], [[0.01988890953361988, -0.06777617335319519, -0.05886568874120712], [-0.01752111315727234, 0.05111279338598251, -0.10273589938879013], [-0.0022904365323483944, -0.02809292823076248, -0.0544162355363369]], [[0.05982064828276634, -0.04527943581342697, -0.10446443408727646], [-0.019328434020280838, 0.05786615237593651, -0.1062106266617775], [0.04373984411358833, 0.010200122371315956, 0.03391154855489731]], [[-0.10139098018407822, -0.15378284454345703, -0.09816192090511322], [0.02237655036151409, -0.29190000891685486, -0.1916404813528061], [-0.05179817974567413, -0.19063502550125122, -0.20294584333896637]], [[-0.0414278581738472, -0.1113886907696724, -0.055373579263687134], [-0.004730372689664364, -0.04240567609667778, -0.01722448691725731], [-0.00696469796821475, 0.018562251701951027, 0.031509336084127426]], [[-0.08292708545923233, -0.0669664740562439, -0.0260912012308836], [-0.08591040968894958, -0.013040551915764809, -0.07651872932910919], [0.004422968253493309, 0.019228463992476463, -0.05408962443470955]], [[-0.08254093676805496, -0.13324101269245148, -0.13246236741542816], [0.016856031492352486, 0.01344646792858839, -0.07041661441326141], [0.1296948939561844, -0.03991786390542984, -0.024633940309286118]], [[0.051153719425201416, -0.1004122644662857, -0.14158359169960022], [0.09081720560789108, 0.04766787216067314, -0.03360482305288315], [0.040509775280952454, 0.042458441108465195, -0.09936408698558807]], [[0.05583404377102852, 0.10973093658685684, -0.09876783937215805], [-0.052723370492458344, 0.02750677801668644, 0.006508346181362867], [-0.04362565279006958, 0.023483803495764732, 0.057358499616384506]], [[-0.03286623954772949, -0.03569630905985832, 0.13302047550678253], [0.0854981541633606, -0.045724090188741684, 0.09352350234985352], [0.06064652279019356, -0.1819038689136505, 0.00672051589936018]], [[-0.043514449149370193, -0.14479024708271027, -0.11944794654846191], [-0.0945335403084755, -0.22357283532619476, -0.13134559988975525], [-0.014715214259922504, -0.12493837624788284, -0.1888473778963089]], [[-0.14215415716171265, -0.1241643875837326, -0.15846367180347443], [-0.11378999799489975, -0.25307798385620117, -0.13870641589164734], [-0.13563714921474457, -0.04251309484243393, -0.20396965742111206]], [[0.08909188956022263, 0.12954369187355042, -0.04628949239850044], [-0.13642138242721558, 0.07222399115562439, 0.04255444556474686], [-0.13489919900894165, 0.16713947057724, 0.05936354398727417]], [[0.014248504303395748, 0.05344833806157112, -0.04380425065755844], [-0.07549963891506195, 0.08227439224720001, 0.038215868175029755], [-0.01902451366186142, 0.0789678692817688, -0.01577199622988701]], [[0.0636720210313797, 0.08923456817865372, -0.1646622121334076], [-0.024360865354537964, -0.03291791304945946, -0.0652715340256691], [-0.019033335149288177, 0.008173931390047073, -0.0032344660721719265]], [[0.029981736093759537, -0.03550025820732117, -0.12216613441705704], [0.06665300577878952, 0.04589322954416275, -0.14710590243339539], [-0.047190867364406586, -0.0175973828881979, -0.055503059178590775]], [[-0.09516013413667679, -0.11700435727834702, -0.07168938964605331], [0.08559341728687286, -0.03227650001645088, -0.032303474843502045], [0.03701737895607948, 0.009343634359538555, 0.06058124080300331]], [[0.013780176639556885, 0.009958717972040176, -0.16479860246181488], [0.08228910714387894, 0.003805706510320306, -0.08720877766609192], [-0.03008008375763893, 0.028095927089452744, 0.02609681710600853]], [[-0.047396220266819, 0.017427705228328705, 0.06142639368772507], [-0.03627781942486763, -0.06999151408672333, 0.029336610808968544], [-0.007195658516138792, -0.10795530676841736, -0.05008085072040558]], [[-0.01101538073271513, -0.05959157273173332, 0.08964670449495316], [0.1633482575416565, -0.11010269075632095, 0.21194930374622345], [0.16514119505882263, -0.10369336605072021, 0.058995477855205536]], [[0.09008152037858963, 0.05468981713056564, -0.11513005942106247], [0.1073874831199646, 0.037610433995723724, -0.06496249884366989], [-0.0688435435295105, 0.020779704675078392, 0.01152940932661295]], [[0.07043683528900146, 0.20382548868656158, -0.021703170612454414], [-0.08582945913076401, 0.06713716685771942, 0.027005691081285477], [-0.22817547619342804, -0.08562880009412766, -0.006714405491948128]], [[-0.08297993987798691, 0.0015477192355319858, -0.04340393468737602], [-0.028125545009970665, -0.06404847651720047, -0.057683032006025314], [-0.0008368474082089961, -0.08316552639007568, -0.022646918892860413]], [[-0.04209890589118004, -0.11593393236398697, -0.04583389684557915], [0.11085128784179688, -0.098304882645607, -0.07372500002384186], [0.12192511558532715, -0.06590504944324493, -0.09174616634845734]], [[-0.14048661291599274, -0.13122108578681946, -0.15033553540706635], [0.004891094285994768, -0.17634204030036926, -0.1658511757850647], [-0.15913225710391998, -0.17754770815372467, -0.15740229189395905]]], "bias": -0.09355904161930084}