{"layer": "conv2", "index": 11, "weights": [[[0.006264653988182545, -0.08367932587862015, 0.02338227815926075], [-0.08081822842359543, -0.05186573043465614, 0.1534581333398819], [-0.11099746823310852, -0.08739392459392548, -0.016785426065325737]], [[0.02513512410223484, -0.17574656009674072, 0.07509040087461472], [0.016406478360295296, 0.02721308171749115, -0.03635841980576515], [-0.0566834919154644, 0.07393963634967804, 0.05678530037403107]], [[0.027453362941741943, -0.17876343429088593, -0.009525206871330738], [-0.15916435420513153, -0.028854122385382652, -0.040686361491680145], [-0.04469390586018562, 0.05811659246683121, -0.011402424424886703]], [[0.059443939477205276, -0.05516597628593445, -0.08508539944887161], [0.07077735662460327, -0.10554089397192001, -0.15691769123077393], [-0.16010446846485138, -0.015607046894729137, 0.07713530957698822]], [[0.00673114275559783, 0.07812633365392685, -0.019092708826065063], [0.15686191618442535, 0.14866843819618225, -0.21998649835586548], [0.05621073767542839, -0.13420219719409943, -0.011394398286938667]], [[0.03151867538690567, 0.11607269942760468, -0.03195985034108162], [0.11086415499448776, -0.09643316268920898, -0.10950405150651932], [-0.09508156776428223, 0.0179795753210783, -0.004866169299930334]], [[0.03485750034451485, -0.2071920782327652, 0.1072198897600174], [-0.05815312638878822, -0.035845402628183365, -0.1549198180437088], [-0.11479474604129791, 0.06951528787612915, 0.061305832117795944]], [[0.003738492727279663, -0.05553896725177765, 0.01656375266611576], [-0.11083178222179413, -0.05216967687010765, 0.019470488652586937], [-0.03569773957133293, -0.061579395085573196, -0.013936325907707214]], [[0.0719003677368164, -0.006465486250817776, 0.007580994162708521], [0.09957749396562576, -0.18362689018249512, -0.09295874089002609], [-0.18084131181240082, 0.09491243213415146, 0.026088105514645576]], [[0.022545190528035164, -0.09828419983386993, -0.05076432600617409], [0.012938081286847591, -0.03741892799735069, -0.21768146753311157], [-0.13873210549354553, 0.02871684357523918, 0.08716430515050888]], [[-0.23011234402656555, -0.1745900809764862, -0.012258794158697128], [-0.22739256918430328, -0.07325917482376099, 0.18163812160491943], [-0.17068122327327728, -0.09854575991630554, -0.1847521811723709]], [[-0.018061747774481773, -0.08215577155351639, 0.04947056248784065], [0.013972221873700619, -0.10421359539031982, -0.04422036558389664], [-0.13846535980701447, -0.03637152165174484, -0.07148634642362595]], [[-0.053777240216732025, -0.028421299532055855, -0.010898600332438946], [0.10795193910598755, -0.16099224984645844, -0.07955850660800934], [-0.047851163893938065, 0.06862358003854752, 0.07799437642097473]], [[0.13247662782669067, -0.09671328216791153, 0.07670171558856964], [0.09895237535238266, -0.08894282579421997, -0.05170666426420212], [-0.13805583119392395, 0.08177022635936737, -0.06324297934770584]], [[0.054382357746362686, -0.09030808508396149, -0.02739526703953743], [-0.1021939292550087, -0.2176125943660736, -0.09555968642234802], [-0.13772407174110413, 0.057557567954063416, 0.10537075996398926]], [[-0.11582239717245102, -0.0614917166531086, -0.137196883559227], [-0.10680654644966125, 0.07368829846382141, 0.010569735430181026], [-0.11382433772087097, 0.054611772298812866, 0.12456962466239929]], [[-0.010699760168790817, -0.05013231560587883, 0.07281683385372162], [-0.0540928952395916, -0.031653836369514465, -0.12661705911159515], [0.01953897997736931, -0.016432616859674454, -0.08812809735536575]], [[-0.09599050134420395, -0.09384395182132721, 0.11005674302577972], [0.05588481202721596, -0.1594729721546173, 0.13593336939811707], [-0.2243390530347824, 0.030562790110707283, -0.06560403108596802]], [[0.08132539689540863, 0.0012733853654935956, 0.022284317761659622], [-0.020724428817629814, -0.12765832245349884, 0.12917140126228333], [-0.0477290116250515, 0.01201791875064373, -0.03444027155637741]], [[0.05239007994532585, 0.19413185119628906, 0.07198099046945572], [0.13210046291351318, 0.05063214525580406, -0.0021835388615727425], [0.01132686622440815, -0.13103783130645752, 0.049241650849580765]], [[0.0667874738574028, 0.0729285329580307, 0.017667336389422417], [0.06360220909118652, 0.001783359912224114, -0.1077248826622963], [0.05550739914178848, -0.07384596019983292, -0.017191417515277863]], [[-0.11249607056379318, -0.07976992428302765, 0.02678447961807251], [-0.020278435200452805, 0.11369139701128006, -0.11013994365930557], [-0.03496142476797104, 0.08416803181171417, 0.18175046145915985]], [[0.05234229937195778, 0.001387586584314704, -0.02631601132452488], [0.056753385812044144, 0.013439171016216278, -0.1743851751089096], [-0.015271739102900028, 0.05006817355751991, 0.12293683737516403]], [[0.14272288978099823, -0.1660863757133484, 0.0758095383644104], [-0.11042461544275284, -0.1064172089099884, -0.18993408977985382], [-0.02784392423927784, 0.04879031702876091, 0.021007947623729706]], [[-0.09296733886003494, -0.037740543484687805, -0.015306991524994373], [-0.12475668638944626, 0.11852850019931793, -0.040606725960969925], [-0.09264549612998962, 0.17135438323020935, 0.1525411307811737]], [[-0.029603008180856705, -0.047482505440711975, 0.01083280984312296], [-0.04813191667199135, -0.07901503145694733, -0.044474925845861435], [0.006668873131275177, -0.018312370404601097, -0.05141002684831619]], [[0.14254751801490784, -0.04094095155596733, 0.13736289739608765], [-0.10337259620428085, -0.19987709820270538, -0.031185103580355644], [-0.14493288099765778, -0.0020243783947080374, -0.14461785554885864]], [[-0.1395370215177536, -0.0005830370355397463, -0.06773778796195984], [0.04144001007080078, -0.003374430350959301, -0.029981736093759537], [-0.04416545107960701, 0.1064925268292427, 0.19639311730861664]], [[-0.16440744698047638, -0.09571826457977295, -0.1536109298467636], [-0.14756585657596588, 0.001900315168313682, 0.2015235871076584], [-0.19305293262004852, -0.09944245219230652, 0.17972826957702637]], [[0.01442289724946022, -0.016504617407917976, -0.04738136753439903], [-0.07621554285287857, 0.045278407633304596, -0.01454020757228136], [0.004509465768933296, -0.06129369139671326, 0.030665667727589607]], [[0.00863283034414053, -0.12394067645072937, 0.07048873603343964], [-0.18401330709457397, -0.10715215653181076, -0.037829697132110596], [-0.16245463490486145, 0.04419003799557686, 0.0012011893559247255]], [[-0.1612033098936081, -0.11759456992149353, 0.11275447905063629], [-0.04786307364702225, -0.0765596404671669, 0.11973529309034348], [-0.08041106909513474, -0.0026396324392408133, -0.12078452110290527]]], "bias": -7.317647396121174e-05}