{"layer": "conv2", "index": 27, "weights": [[[-0.006372547242790461, 0.002227325923740864, -0.07580685615539551], [-0.01056689117103815, -0.017005134373903275, -0.15171045064926147], [0.01550538931041956, 0.035341743379831314, -0.04840170592069626]], [[-0.015112560242414474, -0.02990642935037613, -0.02065352350473404], [-0.02149997465312481, -0.0927416980266571, -0.03980870172381401], [-0.010318315587937832, 0.023699970915913582, 0.05504104122519493]], [[0.02234719507396221, -0.028943458572030067, 0.0018397514941170812], [-0.016510091722011566, -0.15803466737270355, 0.0032795879524201155], [-0.061357706785202026, -0.1683797538280487, 0.0190726350992918]], [[0.033601220697164536, -0.03225068375468254, -0.03421572968363762], [0.0506756454706192, 0.0547722689807415, -0.16042427718639374], [0.039286427199840546, -0.01701110042631626, -0.033940769731998444]], [[0.014010775834321976, 0.010052944533526897, -0.0888674259185791], [-0.009017149917781353, 0.06548590958118439, -0.0886671170592308], [-0.08112287521362305, 0.10624369978904724, 0.11020830273628235]], [[0.0644126757979393, -0.013599117286503315, -0.09113912284374237], [0.04731164500117302, 0.026183530688285828, -0.13382579386234283], [0.13546743988990784, 0.05843876674771309, -0.09483776986598969]], [[-0.021239828318357468, -0.12273766845464706, -0.13411937654018402], [0.03386913612484932, -0.08948072791099548, 0.05080641061067581], [0.0167594775557518, -0.06821262091398239, 0.10558708012104034]], [[-0.0363774299621582, -0.07532377541065216, -0.06863787025213242], [-0.039893075823783875, -0.019976364448666573, 0.006807310972362757], [-0.0965566411614418, -0.10400287806987762, -0.06464596837759018]], [[0.04681176319718361, -0.022944048047065735, -0.10743968933820724], [-0.016856243833899498, -0.0483224093914032, 0.0009168341057375073], [-0.016212405636906624, 0.045120786875486374, -0.0496874637901783]], [[-0.025665896013379097, -0.059603724628686905, -0.05882500857114792], [0.05271872878074646, 0.03176983445882797, -0.07822361588478088], [0.033132292330265045, 0.06545306742191315, -0.06872966140508652]], [[-0.1423691362142563, 0.0062380158342421055, 0.017069406807422638], [-0.21016106009483337, -0.19701524078845978, 0.038963694125413895], [-0.2260333001613617, -0.10118357837200165, 0.023151205852627754]], [[0.032600026577711105, -0.07722970843315125, -0.02915729396045208], [0.0558704175055027, -0.033133845776319504, 0.02652057446539402], [0.007335543166846037, -0.06515060365200043, -0.0013163532130420208]], [[0.017702454701066017, 0.03547080606222153, -0.06323260068893433], [-0.02154996059834957, -0.04230666533112526, 0.0021428950130939484], [0.028378035873174667, 0.01622718572616577, 0.010442952625453472]], [[0.030826035887002945, -0.025297611951828003, -0.06281424313783646], [0.09237344563007355, -0.05697530135512352, 0.03018817864358425], [0.09858603030443192, -0.0866144597530365, -0.0017939612735062838]], [[0.06288263946771622, -0.12136328220367432, -0.0216730535030365], [0.089102603495121, -0.05996060371398926, 0.022326862439513206], [0.031223133206367493, -0.03563077375292778, 0.0024345910642296076]], [[0.05514157935976982, 0.030345702543854713, -0.14030702412128448], [0.0705067589879036, 0.01799914427101612, -0.012172737158834934], [0.07188187539577484, 0.012193353846669197, -0.00269981543533504]], [[0.005635084584355354, -0.07637736201286316, 0.0917363166809082], [0.09885714948177338, -0.1353176236152649, 0.11147503554821014], [0.0028492759447544813, -0.07528948038816452, 0.035268787294626236]], [[-0.16387073695659637, -0.1628718376159668, 0.009499778971076012], [-0.14481016993522644, -0.186265230178833, 0.052761636674404144], [-0.021913524717092514, 0.0007342998869717121, 0.11978989839553833]], [[-0.04732163995504379, 0.03142770379781723, -0.024191930890083313], [-0.16897551715373993, -0.09589365124702454, -0.11978800594806671], [-0.18002504110336304, -0.06643246114253998, -0.002373023657128215]], [[0.0026025385595858097, 0.03969252109527588, -0.0701243132352829], [0.06677230447530746, 0.13918498158454895, -0.016902947798371315], [0.09641139209270477, 0.17843157052993774, -0.005743101239204407]], [[0.03860507160425186, 0.03981475159525871, -0.052211612462997437], [-0.08206266909837723, 0.000900265877135098, -0.10880179703235626], [-0.014484302140772343, 0.07981676608324051, -0.026707222685217857]], [[0.04298776760697365, -0.11534154415130615, -0.08412526547908783], [0.03032023459672928, 0.038224928081035614, 0.01871655322611332], [0.005873201880604029, 0.02604774385690689, 0.01829361356794834]], [[0.05624336376786232, -0.07086627185344696, -0.0838773101568222], [0.021841060370206833, 0.038155488669872284, -0.11425326764583588], [0.08230818808078766, 0.02727191150188446, -0.03800106421113014]], [[-0.007215327117592096, -0.07173731178045273, 0.0076096379198133945], [0.0709269642829895, -0.02094956859946251, 0.08639243245124817], [0.023525746539235115, -0.0448947437107563, 0.0510537289083004]], [[0.046477217227220535, -0.004887857474386692, 0.05464131757616997], [0.0860334038734436, 0.03699428215622902, 0.008360444568097591], [-0.029726235195994377, -0.015399737283587456, -0.07439316064119339]], [[-0.029124917462468147, -0.06886357814073563, -0.07200748473405838], [-0.09333503246307373, -0.10785957425832748, -0.011953047476708889], [-0.14801649749279022, -0.09202652424573898, -0.058160312473773956]], [[0.059341516345739365, 0.08788663893938065, 0.03769660368561745], [0.20535261929035187, -0.0018827402964234352, 0.182095468044281], [0.107207290828228, -0.016022250056266785, 0.18133893609046936]], [[0.034890055656433105, -0.04242831841111183, -0.03517177700996399], [0.037563011050224304, 0.02274565026164055, -0.12644189596176147], [-0.004534744191914797, 0.009487619623541832, -0.1350540667772293]], [[0.0020635128021240234, 0.025693874806165695, 0.0038388357497751713], [-0.05401406064629555, 0.056691236793994904, -0.013484097085893154], [-0.09950961172580719, 0.08198729902505875, -0.04449358955025673]], [[-0.022972851991653442, 0.02673853002488613, -0.034056905657052994], [-0.007913155481219292, -0.08759409189224243, -0.029934637248516083], [-0.08936309814453125, -0.15518182516098022, -0.029991107061505318]], [[0.05587854981422424, -0.039841655641794205, 0.046084895730018616], [0.058788519352674484, -0.049873072654008865, 0.10930653661489487], [0.0053552547469735146, -0.15386797487735748, -0.0438193753361702]], [[-0.21247480809688568, -0.025740202516317368, 0.02748989872634411], [-0.18180270493030548, -0.24926471710205078, -0.01476423442363739], [-0.21070213615894318, -0.05209686979651451, 0.02723059430718422]]], "bias": -0.057144541293382645}