{"layer": "conv1", "index": 25, "weights": [[[-0.20021986961364746, -0.2069312483072281, -0.2545470893383026], [-0.24640755355358124, 0.1334645301103592, -0.34083691239356995], [-0.2513035237789154, -0.23805081844329834, -0.1966700255870819]]], "bias": 0.19501323997974396}