{"layer": "conv2", "index": 8, "weights": [[[-0.03221676126122475, -0.0743991956114769, 0.026359518989920616], [-0.05045253410935402, -0.023292742669582367, -0.10080192238092422], [-0.012787220068275928, 0.053134575486183167, -0.0599118173122406]], [[-0.0388643816113472, 0.020499402657151222, 0.014920513145625591], [0.07706145942211151, 0.0028817499987781048, -0.10244627296924591], [-0.04466148838400841, -0.002527820412069559, -0.052703481167554855]], [[0.04890570417046547, 0.13099569082260132, -0.04343201220035553], [-0.055564191192388535, 0.002844990463927388, 0.05654943361878395], [0.020215114578604698, 0.063797727227211, 0.0552838034927845]], [[0.0294631440192461, 0.015892403200268745, 0.053146470338106155], [0.031220639124512672, 0.02068445459008217, 0.06830953806638718], [-0.028031589463353157, 0.030315564945340157, 0.04714815318584442]], [[0.039224784821271896, -0.03164404258131981, -0.1233183816075325], [-0.12667495012283325, 0.022417627274990082, -0.02087213471531868], [0.1116298958659172, 0.12102672457695007, -0.10764084756374359]], [[-0.006317288149148226, -0.036972299218177795, 0.036271244287490845], [-0.0642416700720787, -0.05575808137655258, -0.022801557555794716], [-0.03267170116305351, -0.08918101340532303, -0.038155317306518555]], [[-0.08975543826818466, 0.0038057335186749697, 0.027636216953396797], [0.03321720287203789, 0.06820592284202576, 0.003751350799575448], [-0.06294853985309601, -0.11509969085454941, 0.012665911577641964]], [[-0.18470625579357147, -0.11309769749641418, -0.11538620293140411], [-0.11013397574424744, -0.14714226126670837, -0.14878831803798676], [-0.10886110365390778, -0.054119862616062164, -0.10456179827451706]], [[0.07975033670663834, 0.00036010739859193563, -0.009627840481698513], [0.061559077352285385, 0.09845001995563507, 0.028776632621884346], [0.04817187413573265, -0.07098202407360077, -0.09916235506534576]], [[-0.006516649387776852, 0.01648504100739956, 0.02187185548245907], [0.012233213521540165, -0.07690580189228058, -0.06522410362958908], [-0.005476766265928745, -0.11042378842830658, -0.008531596511602402]], [[0.16360025107860565, 0.10593842715024948, -0.16610008478164673], [0.024878203868865967, -0.03713511303067207, -0.05472511798143387], [0.05314052477478981, 0.05879255384206772, 0.09081607311964035]], [[-0.030736619606614113, -0.049287211149930954, -0.05188289284706116], [-0.06440369784832001, 0.058049604296684265, -0.03655457869172096], [-0.03747512400150299, 0.023710621520876884, -0.022827064618468285]], [[0.04821820557117462, -0.04384305328130722, -0.05884430930018425], [0.04687342792749405, 0.053377915173769, 0.033546023070812225], [0.026585059240460396, 0.022193869575858116, -0.07650445401668549]], [[0.08345401287078857, 0.05883287638425827, 0.03335179015994072], [0.02212667278945446, 0.027737580239772797, -0.0047360751777887344], [-0.030584508553147316, -0.09212411940097809, 0.013531678356230259]], [[-0.05307134985923767, -0.0019411027897149324, -0.012913809157907963], [-0.044147901237010956, 0.03418616205453873, 0.011953615583479404], [-0.05409976840019226, -0.001447785529308021, 0.041357800364494324]], [[-0.031144537031650543, 0.009067274630069733, 0.09332101792097092], [0.029069548472762108, -0.05875256285071373, -0.07828479260206223], [-0.04838494583964348, -0.04490160197019577, -0.014530614018440247]], [[0.001105739502236247, -0.019167762249708176, -0.0653209462761879], [0.009524506516754627, -0.22163450717926025, -0.16771256923675537], [-0.12908315658569336, -0.10861161351203918, 0.005143602844327688]], [[0.18975505232810974, -0.030743977054953575, -0.04268129914999008], [0.006904202047735453, 0.14570945501327515, 0.029972901567816734], [0.06370442360639572, 0.07121402770280838, -0.02362775430083275]], [[0.08150064200162888, -0.04279177263379097, -0.16938218474388123], [-0.10048775374889374, -0.06252554059028625, -0.10997258126735687], [0.04023990407586098, 0.0509018674492836, -0.06275734305381775]], [[0.0808226466178894, 0.0466582290828228, 0.053249165415763855], [0.11254415661096573, -0.07042305171489716, -0.08351786434650421], [0.07778621464967728, 0.019483599811792374, -0.10194963216781616]], [[0.06648918241262436, -0.03818949684500694, -0.03238876536488533], [0.051513686776161194, 0.010080691426992416, 0.03662021458148956], [0.013269437476992607, -0.016637766733765602, 0.0030383195262402296]], [[-0.08016762137413025, -0.0033236760646104813, 0.13470576703548431], [0.06759607046842575, -0.1232338473200798, -0.058263108134269714], [-0.018223457038402557, -0.14342907071113586, -0.05274227634072304]], [[0.0554511733353138, 0.024180540814995766, 0.028120044618844986], [-0.03003145195543766, -0.03822384774684906, 0.000287774542812258], [0.04933497682213783, -0.02487526461482048, 0.012348133139312267]], [[-0.03628149256110191, 0.04746663197875023, 0.023394394665956497], [0.05086686089634895, -0.019772011786699295, -0.02112293615937233], [-0.03288321569561958, -0.012659753672778606, 0.03016558848321438]], [[0.018267041072249413, 0.17559318244457245, -0.006718987599015236], [0.17518039047718048, 0.07587236166000366, 0.1101241484284401], [0.14922527968883514, 0.16451936960220337, 0.20580695569515228]], [[-0.17032021284103394, -0.11543818563222885, -0.22312481701374054], [-0.13314643502235413, -0.25212588906288147, -0.1771867275238037], [-0.22209155559539795, -0.08873040974140167, -0.05901600047945976]], [[0.08582647144794464, 0.02337045408785343, -0.018233273178339005], [-0.044386886060237885, -0.025837492197752, -0.03112456202507019], [-0.0984431579709053, 0.005853297654539347, 0.16017495095729828]], [[-0.0005648096557706594, 0.053045839071273804, -0.011448084376752377], [-0.017034191638231277, -0.046000827103853226, -0.0320470929145813], [-0.010724623687565327, -0.05211213603615761, 0.09618736058473587]], [[-0.026953335851430893, -0.09114541113376617, 0.08228491991758347], [-0.013614242896437645, -0.1505010426044464, -0.07151471823453903], [-0.04459896311163902, -0.042863357812166214, 0.016965916380286217]], [[-0.1386076658964157, -0.1493530571460724, -0.15528833866119385], [-0.11517616361379623, -0.22511819005012512, -0.20108464360237122], [-0.1806551069021225, -0.11420825868844986, -0.11091210693120956]], [[0.03668132796883583, 0.08477729558944702, -0.04681399464607239], [-0.030032042413949966, -0.08263425529003143, 0.008224553428590298], [-0.05493471398949623, -0.0024034418165683746, 0.09888853132724762]], [[0.09160556644201279, -0.01433152612298727, -0.2505803108215332], [-0.06933917850255966, -0.016821086406707764, -0.06631641834974289], [-0.015826748684048653, 0.1214037835597992, 0.020608536899089813]]], "bias": -0.09147756546735764}