{"layer": "conv1", "index": 28, "weights": [[[-0.12408334016799927, -0.4351508915424347, 0.03752737492322922], [0.3001238703727722, -0.3740287125110626, -0.33230626583099365], [0.44668149948120117, 0.2796578109264374, 0.058867424726486206]]], "bias": 0.08285084366798401}