{"layer": "conv1", "index": 24, "weights": [[[0.13553005456924438, 0.21774595975875854, -0.27408498525619507], [-0.12432169914245605, -0.0432305671274662, -0.28137636184692383], [-0.4161791205406189, 0.31420546770095825, 0.3098217248916626]]], "bias": -0.03784134238958359}