{"layer": "conv2", "index": 43, "weights": [[[0.029540766030550003, 0.10743984580039978, 0.07619649171829224], [-0.05530770495533943, 0.05933535844087601, -0.03160370513796806], [-0.03322889283299446, -0.0019298432162031531, -0.041442546993494034]], [[0.06488338857889175, 0.05433732271194458, -0.07963980734348297], [-0.1511673480272293, -0.014723341912031174, -0.014839733019471169], [0.04438303783535957, -0.11138736456632614, -0.11342234164476395]], [[-0.08602581918239594, -0.10977699607610703, -0.005645647179335356], [-0.0008898837259039283, 0.031948696821928024, 0.007503500208258629], [-0.031549278646707535, 0.031134698539972305, 0.008550865575671196]], [[0.026215117424726486, -0.03432696312665939, 0.00240756431594491], [0.04181286692619324, 0.11096590757369995, 0.06866973638534546], [0.005150726996362209, 0.03668632358312607, -0.003288303967565298]], [[-0.12170130014419556, -0.03868244215846062, -0.020307259634137154], [-0.03223215788602829, -0.11256040632724762, -0.2018396407365799], [-0.10323634743690491, 0.010725127533078194, 0.018326716497540474]], [[0.06012535095214844, -0.038772329688072205, -0.07519980520009995], [0.03194573521614075, 0.02043980546295643, -0.012666499242186546], [-0.10406225919723511, -0.00865634810179472, -0.016531087458133698]], [[0.020538602024316788, -0.09003480523824692, -0.16359449923038483], [-0.0835188776254654, -0.09423418343067169, 0.08716633915901184], [0.04342219978570938, -0.17239533364772797, -0.02780076302587986]], [[-0.025054803118109703, -0.03297530487179756, -0.03336982801556587], [-0.0623859278857708, -0.16157865524291992, -0.046655889600515366], [0.018287526443600655, -0.01883317530155182, 0.026372501626610756]], [[0.02468212880194187, 0.048810750246047974, -0.09776788204908371], [-0.0715930238366127, 0.001262894831597805, 0.06834563612937927], [-0.005836860276758671, -0.07548332959413528, -0.04117293283343315]], [[0.01961192488670349, -0.04108447581529617, -0.06852096319198608], [-0.006617936305701733, 0.06420250982046127, 0.11807554960250854], [-0.01377075631171465, -0.05222999304533005, -0.05418160557746887]], [[-0.1856621950864792, 0.006151814479380846, 0.16502150893211365], [0.17521563172340393, 0.06553604453802109, 0.017983457073569298], [-0.002506029326468706, 0.08823373168706894, 0.10999120026826859]], [[0.027845600619912148, -0.04889409616589546, -0.025962576270103455], [-0.007373875938355923, 0.022103559225797653, -0.021348167210817337], [-0.02875237911939621, -0.022181851789355278, 0.011752319522202015]], [[0.001982622779905796, -0.008168644271790981, -0.004073626361787319], [0.04248516261577606, -0.09889812767505646, 0.030998030677437782], [-0.08129436522722244, -0.02701195888221264, 0.033169955015182495]], [[-0.03670167922973633, -0.03425436094403267, -0.004467655438929796], [0.027550436556339264, -0.009648172184824944, -0.0060326457023620605], [0.04355775564908981, 0.046524468809366226, 0.0580190010368824]], [[0.025556331500411034, -0.04125469923019409, -0.061336714774370193], [0.01133893895894289, -0.007683480158448219, 0.03693670034408569], [-0.06576208770275116, -0.04895469546318054, 0.02333904057741165]], [[0.041798077523708344, 0.031842973083257675, -0.09270336478948593], [-0.023537270724773407, 0.10822342336177826, 0.1281871795654297], [-0.06851761043071747, -0.08454114943742752, -0.05772959440946579]], [[-0.09132608026266098, -0.03319593518972397, 0.003862464800477028], [-0.008538934402167797, -0.11492175608873367, -0.04215181618928909], [-0.06514336168766022, -0.08460170030593872, 0.011344894766807556]], [[-0.13730557262897491, 0.04837583377957344, 0.05479084327816963], [0.08512042462825775, -0.1370166540145874, -0.09822992235422134], [-0.00802037212997675, 0.04201628267765045, 0.12141050398349762]], [[-0.03782644495368004, 0.10224619507789612, 0.029981356114149094], [0.020767083391547203, -0.031810641288757324, -0.10134530067443848], [0.07022296637296677, 0.03893100470304489, -0.005948081146925688]], [[0.02136727049946785, 0.020197762176394463, 0.02494395524263382], [-0.028460251167416573, 0.06778308749198914, 0.017368268221616745], [-0.1798117607831955, -0.13567690551280975, -0.010877897962927818]], [[-0.016240457072854042, 0.05181274563074112, -0.06578613817691803], [-0.035229217261075974, -0.011737162247300148, -0.02012631483376026], [-0.03463634103536606, -0.01844206266105175, -0.00890738982707262]], [[0.11631763726472855, -0.0350198931992054, -0.08262284845113754], [-0.0808233991265297, 0.0660892054438591, 0.15364032983779907], [-0.06368601322174072, -0.17394056916236877, -0.010268907062709332]], [[0.010815499350428581, -0.012454052455723286, -0.06126033887267113], [0.05190201848745346, 0.088653065264225, 0.01151220966130495], [-0.12815602123737335, -0.05235423520207405, 0.05898072198033333]], [[-0.025599634274840355, -0.1431705206632614, -0.023923397064208984], [-0.042354535311460495, -0.025347501039505005, -0.019575297832489014], [-0.020116347819566727, -0.09184741973876953, -0.01767604611814022]], [[-0.025836220011115074, -0.07177190482616425, 0.026244256645441055], [-0.044217754155397415, 0.007797294296324253, 0.17421846091747284], [0.0015219057677313685, -0.10049273818731308, 0.06986125558614731]], [[0.014857236295938492, -0.06948788464069366, 0.02235884964466095], [-0.0008956124074757099, -0.10611353069543839, -0.0039304569363594055], [0.01599489338696003, 0.005936938803642988, -0.09349612891674042]], [[-0.09546639025211334, -0.16690127551555634, 0.01653353124856949], [-0.018769947811961174, -0.016934828832745552, 0.04117153212428093], [0.01299418043345213, 0.02974378690123558, 0.10550206899642944]], [[0.06398209929466248, 0.0036457073874771595, 0.04774303734302521], [0.02985408902168274, 0.17291474342346191, 0.13832534849643707], [-0.08718294650316238, -0.013278884813189507, 0.07908850163221359]], [[0.1282424032688141, 0.09707426279783249, 0.08975300937891006], [-0.09867784380912781, 0.12213507294654846, 0.06935670226812363], [-0.051489733159542084, -0.06149375066161156, -0.056746408343315125]], [[-0.04171665012836456, -0.017887350171804428, -0.08439738303422928], [-0.10386204719543457, -0.0829034224152565, -0.00964360125362873], [-0.0008184866746887565, 0.12628968060016632, -0.01606115885078907]], [[-0.0993637815117836, -0.07358817756175995, -0.04407932981848717], [0.006495642010122538, -0.009011540561914444, -0.05411980673670769], [-0.05280376225709915, 0.06208622828125954, 0.06003934144973755]], [[-0.16100101172924042, -0.036766186356544495, 0.07904043048620224], [0.10283644497394562, -0.03417569398880005, -0.06132761761546135], [-0.013450869359076023, 0.07553578913211823, 0.1357840597629547]]], "bias": -0.06249495968222618}