{"layer": "conv1", "index": 17, "weights": [[[-0.2015875279903412, 0.19854773581027985, 0.298685759305954], [0.1235300749540329, 0.21530134975910187, 0.117693230509758], [-0.16232672333717346, -0.42797568440437317, -0.38557612895965576]]], "bias": -0.1801885962486267}