{"layer": "conv2", "index": 52, "weights": [[[0.057677581906318665, 0.0057215504348278046, -0.054322656244039536], [0.05220383033156395, -0.05470781773328781, -0.05165713280439377], [0.06278853863477707, 0.1388641595840454, -0.003786544781178236]], [[-0.10023090988397598, 0.12420174479484558, -0.02329752780497074], [0.24676303565502167, 0.22361955046653748, -0.11568538844585419], [0.050756558775901794, 0.13350504636764526, 0.04341638833284378]], [[0.06331536173820496, 0.008878547698259354, -0.03591422364115715], [-0.03342415764927864, -0.08507481217384338, 0.08364623039960861], [-0.11377757042646408, -0.0065007926896214485, -0.06529296189546585]], [[-0.06851503998041153, -0.017596567049622536, -0.004503714386373758], [-0.14165876805782318, -0.07333218306303024, -0.0272496547549963], [0.07727845758199692, -0.11207430809736252, -0.16839510202407837]], [[0.03153735026717186, -0.06283991038799286, 0.08549714088439941], [-0.06533905118703842, 0.27589479088783264, 0.1253046989440918], [0.16700464487075806, 0.15512147545814514, -0.1269257366657257]], [[-0.21803072094917297, -0.05620906874537468, -0.04495517909526825], [-0.0878404974937439, 0.07981998473405838, -0.02134784869849682], [0.006549463607370853, -0.05095385015010834, -0.10598301142454147]], [[-0.0848737508058548, 0.0055651250295341015, 0.037542674690485], [0.12876437604427338, 0.08339785039424896, -0.010832281783223152], [0.05330881476402283, -0.04613308608531952, -0.024891447275877]], [[0.05507120490074158, 0.03408657759428024, 0.04823797568678856], [0.13891710340976715, -0.07891455292701721, -0.0898665115237236], [-0.03156724572181702, -0.008665943518280983, 0.027856485918164253]], [[-0.1647714227437973, 0.05932312086224556, -0.013420706614851952], [0.08310092240571976, 0.07607997953891754, -0.022228002548217773], [0.09774450212717056, -0.17137393355369568, -0.10331328958272934]], [[-0.08220363408327103, -0.03799346089363098, -0.02788742259144783], [0.04708893224596977, 0.05477159842848778, 0.02199518121778965], [-0.03908216580748558, -0.051087938249111176, -0.12635919451713562]], [[0.11888295412063599, 0.025832824409008026, -0.0377897284924984], [-0.23909510672092438, -0.07117132842540741, 0.06632291525602341], [-0.08129517734050751, -0.0028799246065318584, -0.13372056186199188]], [[-0.053254857659339905, 0.037932801991701126, -0.01615716703236103], [-0.052794523537158966, 0.002213230123743415, -0.008426664397120476], [0.04874303936958313, -0.0765116885304451, -0.021377816796302795]], [[-0.10964982956647873, -0.018630914390087128, -0.04285044223070145], [0.008610319346189499, 0.1753694713115692, 0.026975451037287712], [0.1430595964193344, -0.06945626437664032, -0.05011977255344391]], [[-0.16928203403949738, 0.06892590969800949, 0.045768868178129196], [0.03212296962738037, 0.10126175731420517, -0.11035311967134476], [0.054737240076065063, -0.0583125501871109, 0.056963175535202026]], [[-0.0065665338188409805, -0.029026737436652184, -0.09182573109865189], [-0.06088348478078842, -0.033364418894052505, 0.06445777416229248], [-0.10624255985021591, -0.1090201884508133, 0.005155717954039574]], [[-0.13613301515579224, -0.09530162066221237, -0.0647350624203682], [-0.10376925766468048, -0.049134161323308945, -0.05889815092086792], [-0.048833027482032776, -0.023804981261491776, -0.0793529525399208]], [[0.01980590634047985, 0.03493571653962135, -0.09651189297437668], [0.06600604206323624, -0.21018844842910767, 0.031150370836257935], [-0.0217429231852293, -0.0693015456199646, 0.00017877892241813242]], [[0.01919984631240368, -0.005531494040042162, 0.0711899921298027], [0.0984308198094368, 0.21635310351848602, -0.05857095867395401], [0.12184441089630127, -0.09698312729597092, -0.10915284603834152]], [[0.05443321540951729, 0.005116606596857309, -0.0501876175403595], [-0.00298802531324327, 0.1047213152050972, -0.048317503184080124], [-0.008294429630041122, -0.05594868212938309, -0.13244380056858063]], [[-0.09567110240459442, 0.004448380786925554, -0.034775346517562866], [-0.010782790370285511, 0.07115428149700165, -0.03226936236023903], [0.15880189836025238, 0.14851781725883484, -0.08574256300926208]], [[-0.029220715165138245, -0.05800165608525276, -0.01779935508966446], [-0.14216023683547974, 0.05917005613446236, 0.046805787831544876], [0.06972907483577728, -0.014633315615355968, -0.09392843395471573]], [[0.02390679158270359, 0.09858086705207825, -0.04801030084490776], [0.1738758534193039, 0.007107587065547705, -0.07645609974861145], [-0.03601810708642006, 0.09575202316045761, -0.07018904387950897]], [[0.00334521965123713, -0.09231063723564148, 0.015135867521166801], [-0.1027144268155098, -0.020749112591147423, -0.063945472240448], [0.05320119857788086, -0.042371172457933426, -0.10974521189928055]], [[-0.07323651760816574, 0.09460803866386414, 0.06207527592778206], [0.11109738796949387, 0.12795357406139374, 0.0164418313652277], [0.033898528665304184, -0.05437571182847023, 0.05659710243344307]], [[0.11715038120746613, 0.16983363032341003, 0.042052946984767914], [0.1848617047071457, -0.002694722032174468, 0.030691836029291153], [0.1406347155570984, 0.2350229024887085, -0.07742588222026825]], [[-0.0018307036953046918, -0.026482151821255684, -0.0858369767665863], [-0.15168754756450653, -0.11183028668165207, 0.015751028433442116], [-0.21217864751815796, -0.008514493703842163, -0.06026830896735191]], [[-0.03807893767952919, -0.038918714970350266, 0.03892337530851364], [-0.0002802558883558959, -0.10742755234241486, 0.10738567262887955], [-0.028439803048968315, -0.08505288511514664, 0.12394899129867554]], [[0.02074265666306019, 0.05808408558368683, 0.0044519491493701935], [-0.10292050242424011, -0.03443283215165138, -0.025482594966888428], [0.022653277963399887, 0.03330334648489952, -0.07869856804609299]], [[-0.1031712219119072, -0.10160593688488007, -0.04752659797668457], [-0.09645327925682068, -0.15039372444152832, -0.1354825645685196], [-0.03771275654435158, -0.03592973202466965, 0.04574226215481758]], [[0.03249283879995346, -0.07613369077444077, -0.007716865744441748], [0.024738578125834465, -0.1988072246313095, -0.06761767715215683], [-0.12667928636074066, 0.01757952943444252, -0.02105434238910675]], [[0.02043045312166214, 0.03904431313276291, -0.037204205989837646], [0.05586732551455498, 0.007450645323842764, 0.03817612677812576], [0.018875647336244583, -0.023229673504829407, 0.04409295320510864]], [[0.06253337115049362, -0.057435937225818634, 0.019665606319904327], [-0.2080584168434143, 0.039098575711250305, -0.05232101306319237], [-0.06907381862401962, -0.12008224427700043, -0.04605342447757721]]], "bias": -0.055513203144073486}