{"layer": "conv2", "index": 16, "weights": [[[-0.028823314234614372, 0.05140803009271622, -0.04369943588972092], [-0.033256471157073975, 0.01582561433315277, -0.003465668996796012], [-0.03872460499405861, -0.031695280224084854, -0.055288027971982956]], [[0.04407615214586258, 0.09946506470441818, 0.14259719848632812], [-0.03934791311621666, -0.09205703437328339, -0.059336382895708084], [-0.20302148163318634, -0.1053282767534256, 0.036027248948812485]], [[-0.08667808026075363, -0.10363958775997162, -0.017353864386677742], [0.10057894885540009, 0.07254097610712051, 0.07353691011667252], [-0.015769947320222855, 0.027622846886515617, 0.013751990161836147]], [[0.1127297580242157, -0.03682909160852432, -0.021561305969953537], [0.05852428078651428, 0.010529305785894394, 0.04242126643657684], [-0.07481978088617325, -0.045295339077711105, 0.009697068482637405]], [[-0.10280010104179382, -0.1940525472164154, -0.1740952730178833], [0.04374668002128601, 0.08509663492441177, -0.05260474607348442], [-0.06395724415779114, -0.047923069447278976, -0.02693188190460205]], [[0.03834720328450203, -0.04052178934216499, -0.042486537247896194], [0.05058790370821953, 0.04892177879810333, -0.08999969065189362], [-0.10577339679002762, -0.10531667619943619, -0.028904948383569717]], [[-0.0435728058218956, 0.11247002333402634, 0.06284079700708389], [-0.0659308061003685, -0.07787539809942245, 0.0018366355216130614], [-0.1637543886899948, -0.04939166456460953, 0.09344522655010223]], [[-0.025982791557908058, 0.012773890979588032, -0.06645999103784561], [-0.0760212391614914, -0.11231067031621933, -0.043118491768836975], [0.024368643760681152, 0.006310367491096258, -0.027813946828246117]], [[0.034853506833314896, -0.054289720952510834, 0.021215226501226425], [0.07333041727542877, 0.026492472738027573, -0.014255419373512268], [-0.1044214740395546, -0.13340555131435394, 0.0024848226457834244]], [[0.018105249851942062, 0.043743301182985306, 0.0830736830830574], [-0.0035099126398563385, 0.05593077838420868, 0.044175244867801666], [-0.15263478457927704, -0.06522363424301147, -0.05021623522043228]], [[-0.1587793380022049, -0.17110471427440643, -0.2647712230682373], [0.034076299518346786, 0.11171276867389679, 0.04282620921730995], [0.074140764772892, -0.004443177953362465, 0.044431380927562714]], [[0.02663106843829155, -0.04058650881052017, -0.07778848707675934], [-0.03973894938826561, 0.002885626396164298, 0.0761348307132721], [0.026337439194321632, -0.009758483618497849, 0.015810497105121613]], [[0.046612441539764404, -0.014236482791602612, 0.02621340937912464], [0.005335124675184488, 0.09593506157398224, 0.057677626609802246], [0.012121297419071198, -0.08231894671916962, 0.030120063573122025]], [[0.010895115323364735, 0.03944208472967148, -0.00911235436797142], [-0.09607061743736267, -0.006307088769972324, 0.025243505835533142], [-0.04729557782411575, -0.08086526393890381, 0.08108575642108917]], [[0.02913665771484375, -0.05781606212258339, -0.08774667233228683], [0.08013758808374405, -0.05866311490535736, 0.07065942138433456], [0.02279096469283104, 0.024093113839626312, 0.04407723620533943]], [[0.10947763174772263, 0.028514176607131958, 0.10271018743515015], [0.08932235836982727, 0.03690905123949051, -0.05808403342962265], [-0.07581742107868195, -0.09763962775468826, -0.13990622758865356]], [[-0.10603196173906326, -0.11372479796409607, -0.13529567420482635], [-0.0825619027018547, -0.1088721826672554, -0.08055029064416885], [0.04436241462826729, -0.039136990904808044, 0.04456370696425438]], [[-0.1779763251543045, -0.04776490479707718, -0.1148436963558197], [0.0411749966442585, 0.08484192937612534, 0.0016692978097125888], [0.07996193319559097, 0.035569652915000916, 0.008669095113873482]], [[-0.22550976276397705, -0.13314206898212433, -0.24268455803394318], [0.07305090129375458, 0.029092127457261086, -0.0389685221016407], [0.046656735241413116, 0.09125754982233047, -0.03936140984296799]], [[0.200235515832901, 0.07595708221197128, 0.05604689195752144], [-0.10746358335018158, -0.13872982561588287, -0.12875662744045258], [-0.06941786408424377, -0.1315024048089981, -0.11746242642402649]], [[0.11757004261016846, -0.025522032752633095, -0.08575574308633804], [0.022697346284985542, 0.03950135409832001, -0.0008629134972579777], [0.036621615290641785, 0.04289444535970688, -0.05164775624871254]], [[0.023562846705317497, 0.10449479520320892, 0.07047080993652344], [0.10315509885549545, -0.024254772812128067, -0.04463322460651398], [-0.29608890414237976, -0.07559393346309662, -0.07738935202360153]], [[0.007247645873576403, 0.023413151502609253, 0.032703738659620285], [0.04875054210424423, -0.02744864672422409, -0.05537697300314903], [-0.14864161610603333, -0.042484138160943985, -0.09829401969909668]], [[0.013682205229997635, 0.09820566326379776, -0.030391423031687737], [-0.042872097343206406, -0.0061319563537836075, -0.03258031606674194], [-0.0758010670542717, -0.05486689880490303, 0.06601666659116745]], [[0.03400695323944092, 0.1003875657916069, -0.018140798434615135], [0.014209854416549206, -0.03257591277360916, -0.006575675681233406], [-0.15842294692993164, 0.07681412994861603, 0.0011261733015999198]], [[-0.031308364123106, -0.06368248909711838, -0.005884540267288685], [-0.06060909107327461, -0.024160636588931084, -0.011866429820656776], [-0.004914288874715567, 0.04979740455746651, 0.02586757391691208]], [[-0.15381623804569244, -0.15245333313941956, -0.21504321694374084], [-0.05547429993748665, -0.04210450127720833, -0.07920804619789124], [0.009541196748614311, -0.015118484385311604, 0.05548466742038727]], [[0.044692546129226685, 0.019509991630911827, 0.005833824630826712], [0.08411144465208054, -0.010250207036733627, -0.0025928763207048178], [-0.12010522186756134, -0.011147044599056244, -0.06745751947164536]], [[0.11937030404806137, 0.040505047887563705, 0.06277131289243698], [-0.05808229744434357, -0.08921783417463303, -0.1457936316728592], [-0.07051365077495575, -0.17764918506145477, -0.17453423142433167]], [[-0.1476752609014511, -0.03950132429599762, -0.03536195307970047], [0.004383716266602278, -0.06296978890895844, -0.00814993679523468], [-0.018858594819903374, -0.0466657318174839, -0.03488311916589737]], [[-0.11306337267160416, -0.09454485028982162, -0.06250079721212387], [0.07740459591150284, 0.04811570420861244, 0.01873205602169037], [0.03794893994927406, 0.08114068955183029, -0.0031871465034782887]], [[-0.2787311375141144, -0.13947585225105286, -0.1745615005493164], [0.03662902116775513, 0.008853507228195667, 0.01936456561088562], [0.14139920473098755, 0.05849194526672363, -0.029911674559116364]]], "bias": 0.01685226336121559}