{"layer": "conv1", "index": 8, "weights": [[[-0.3628123104572296, 0.15480735898017883, -0.049058131873607635], [0.3262227177619934, 0.1664057821035385, 0.3367415964603424], [0.11340641230344772, 0.056833669543266296, -0.33316570520401]]], "bias": -0.20582498610019684}