{"layer": "conv2", "index": 29, "weights": [[[0.0769258365035057, -0.14145427942276, -0.16891682147979736], [0.07455141097307205, -0.07570440322160721, -0.059350330382585526], [-0.05141758918762207, -0.029999861493706703, 0.002859316999092698]], [[-0.04980946704745293, -0.07075057178735733, -0.06929996609687805], [0.017043083906173706, -0.024226246401667595, -0.0025872753467410803], [0.010030882433056831, -0.0749521255493164, 0.026951966807246208]], [[-0.009000101126730442, 0.005922194570302963, 0.012392613105475903], [-0.059432387351989746, 0.03105648048222065, 0.02061484381556511], [-0.049471139907836914, 0.029775671660900116, 0.01325214747339487]], [[0.062144871801137924, -0.04911421984434128, 0.012238720431923866], [-0.015945155173540115, -0.11472897231578827, 0.032000210136175156], [-0.0017680276650935411, -0.11745107173919678, 0.06816641241312027]], [[0.040337301790714264, 0.03651435673236847, -0.21074649691581726], [0.0660691186785698, 0.03607095777988434, -0.02787557616829872], [0.17219007015228271, 0.07927507907152176, -0.05863155797123909]], [[0.035298582166433334, -0.03698064759373665, -0.13970477879047394], [0.12200527638196945, -0.1069677472114563, -0.0007902109064161777], [-0.013129760511219501, -0.04881014674901962, 0.01877775974571705]], [[0.04569041356444359, -0.03813083469867706, 0.03998766466975212], [0.11492978781461716, -0.004190437030047178, 0.04957645386457443], [0.048379845917224884, 0.012137532234191895, -0.0006059308652766049]], [[-0.05516904592514038, 0.027377966791391373, -0.016632476821541786], [-0.06647410243749619, -0.03552780672907829, 0.01717175357043743], [-0.01515757106244564, -0.019740652292966843, 0.05036019906401634]], [[0.005768206436187029, -0.06626617908477783, 0.0561097115278244], [0.10135744512081146, -0.10534993559122086, 0.018145302310585976], [0.018441470339894295, -0.0859147384762764, -0.025074223056435585]], [[0.01988818868994713, -0.019460303708910942, -0.011558493599295616], [-0.0018180158222094178, -0.004094942472875118, 0.06809113919734955], [-0.03631848096847534, -0.09156981110572815, 0.04967023432254791]], [[-0.1140151172876358, -0.08534301817417145, -0.11213400959968567], [-0.036284346133470535, -0.051676373928785324, -0.10664962977170944], [-0.21986643970012665, -0.02839883603155613, 0.07342319190502167]], [[0.07359647750854492, -0.07985206693410873, 0.037576474249362946], [0.07104892283678055, -0.02760082669556141, 0.056555867195129395], [0.008609888143837452, -0.07455627620220184, 0.09258556365966797]], [[-0.0059579890221357346, 0.0022546311374753714, -0.04851994290947914], [0.10736548900604248, -0.06876694411039352, -0.06309603899717331], [0.05541456490755081, -0.012828666716814041, 0.04235907271504402]], [[0.07315003126859665, -0.09083487093448639, 0.050447139889001846], [0.049919333308935165, -0.085102878510952, 0.02703286148607731], [-0.001410532626323402, -0.041540298610925674, 0.11062674224376678]], [[0.030545847490429878, -0.04470973089337349, 0.04490542784333229], [-0.06098957732319832, -0.11187456548213959, 0.07052291184663773], [-0.08201679587364197, -0.061137303709983826, 0.07139932364225388]], [[0.10022599995136261, -0.006901770830154419, -0.131471648812294], [0.08269160240888596, -0.06661226600408554, -0.027241796255111694], [-0.08906299620866776, -0.08438269793987274, -0.033443231135606766]], [[-0.012001999653875828, 0.0618089884519577, 0.03513868525624275], [-0.07105008512735367, 0.021332358941435814, 0.0683593600988388], [-0.09219039976596832, 0.032588548958301544, 0.11363785713911057]], [[0.030004683881998062, -0.2155291587114334, -0.2324405312538147], [-0.07189762592315674, -0.08690976351499557, -0.026655493304133415], [-0.1299477070569992, -0.15596699714660645, -0.06416507065296173]], [[-0.02557169646024704, -0.16219072043895721, -0.2645426392555237], [0.07184931635856628, -0.068869449198246, -0.11767315119504929], [0.005613829009234905, -0.15982884168624878, -0.027188323438167572]], [[0.10445751994848251, 0.11423421651124954, -0.1727365404367447], [0.09218958020210266, 0.06478910893201828, -0.10113957524299622], [0.014756795950233936, 0.0010549628641456366, -0.06887754797935486]], [[0.04976411908864975, 0.026525000110268593, -0.12651227414608002], [0.07189612090587616, 0.034704603254795074, -0.07111051678657532], [0.08748939633369446, 0.004422607831656933, 0.05773819610476494]], [[-0.07462812215089798, -0.018229639157652855, -0.07504816353321075], [0.042708512395620346, 0.010627876035869122, 0.016469234600663185], [-0.09114915877580643, 0.03896288946270943, 0.07294062525033951]], [[0.028243130072951317, -0.060310278087854385, -0.10466916859149933], [0.0039002534467726946, -0.051086459308862686, 0.012630118057131767], [0.03954591229557991, -0.0521608330309391, -0.034707024693489075]], [[0.059308089315891266, -0.06195550784468651, 0.08468597382307053], [0.017798801884055138, -0.07436791807413101, 0.05922442302107811], [-0.0566331222653389, 0.003929501865059137, 0.09271896630525589]], [[0.015294459648430347, -0.13156071305274963, -0.018607769161462784], [-0.14688004553318024, -0.08407171070575714, 0.003202310996130109], [-0.0841597244143486, -0.03772071376442909, 0.13201485574245453]], [[-0.030676910653710365, 0.004384130705147982, 0.023394983261823654], [-0.019944313913583755, 0.05177416652441025, -0.05150036886334419], [-0.003553483635187149, 0.01831364445388317, -0.011982019059360027]], [[0.07501284778118134, 0.07263736426830292, -0.029033970087766647], [-0.10541485249996185, 0.05546768754720688, 0.06309587508440018], [-0.26930126547813416, 0.05609210208058357, 0.10245959460735321]], [[-0.038806866854429245, -0.07269197702407837, -0.10933937132358551], [-0.013026037253439426, -0.12139337509870529, -0.05738629400730133], [-0.11519438773393631, -0.07346384972333908, -0.021464450284838676]], [[0.018491338938474655, 0.05856353044509888, -0.23483021557331085], [-0.049219824373722076, 0.10502682626247406, -0.058197494596242905], [-0.14474812150001526, -0.002162843244150281, -0.029320888221263885]], [[0.04210392385721207, -0.00020434343605302274, -0.011036364361643791], [0.02077540010213852, 0.02144070900976658, -0.04829631373286247], [-0.03894931450486183, 0.024849768728017807, -0.034973278641700745]], [[0.04519250988960266, -0.10331577807664871, 0.026443345472216606], [0.00417030556127429, -0.03547363728284836, 0.00628278823569417], [-0.11550159752368927, -0.0367070771753788, 0.10262046009302139]], [[-0.013367243111133575, -0.0634603276848793, -0.28886929154396057], [-0.054852284491062164, -0.07664529234170914, -0.15351463854312897], [-0.10060101747512817, -0.1353706270456314, -0.1563209593296051]]], "bias": -0.013749235309660435}