{"layer": "conv1", "index": 26, "weights": [[[-0.2210257351398468, 0.0037812278605997562, 0.4202539920806885], [-0.24639859795570374, -0.2729969024658203, 0.2933707535266876], [0.0037794909439980984, -0.3322713077068329, 0.18044447898864746]]], "bias": -0.19712907075881958}