{"layer": "conv2", "index": 40, "weights": [[[0.01752319186925888, -0.020806780084967613, 0.015525707975029945], [0.09491957724094391, 0.06217575445771217, 0.09252312779426575], [-0.05365431308746338, 0.001017834059894085, 0.07287950813770294]], [[-0.056203700602054596, -0.019265567883849144, -0.033555738627910614], [-0.2334827035665512, -0.06558076292276382, -0.10135019570589066], [-0.019662898033857346, 0.02248339354991913, 0.0694752186536789]], [[0.048480324447155, 0.04878046363592148, -0.030151179060339928], [0.16280190646648407, 0.027397600933909416, -0.04002892225980759], [-0.023188652470707893, -0.07532119005918503, -0.03659097105264664]], [[0.030821651220321655, -0.001619142945855856, -0.047734521329402924], [0.040608204901218414, 0.020549753680825233, -0.022717179730534554], [-0.0847264751791954, 0.007916219532489777, -0.15164399147033691]], [[0.017580131068825722, 0.028174977749586105, -0.04986487329006195], [0.022320188581943512, -0.00593519676476717, 0.1390048712491989], [-0.08571543544530869, -0.15032358467578888, -0.005045273341238499]], [[0.048394449055194855, 0.018256401643157005, -0.028668317943811417], [-0.01749955490231514, 0.023765454068779945, 0.06586018949747086], [-0.1156819686293602, -0.05279254540801048, -0.029170775786042213]], [[-0.04007655009627342, 0.0426223985850811, -0.0399874709546566], [-0.17799688875675201, -0.12911444902420044, -0.025634974241256714], [-0.018383005633950233, 0.014750011265277863, -0.005752716679126024]], [[-0.10596738010644913, 0.006093793548643589, 6.216339534148574e-05], [-0.047273024916648865, -0.05428367853164673, -0.09010656177997589], [-0.006234367843717337, -0.04299667105078697, 0.00978452805429697]], [[0.047960344702005386, 0.056056346744298935, 0.12600798904895782], [-0.07257872819900513, 0.008966655470430851, -0.053175441920757294], [-0.02483186312019825, -0.03480473905801773, -0.11409249901771545]], [[0.11860186606645584, 0.060658443719148636, -0.013455471955239773], [0.007625345140695572, -0.0539032444357872, -0.08321364223957062], [-0.02028864435851574, -0.0010583567200228572, -0.03896475210785866]], [[-0.02953481115400791, -0.007251629140228033, -0.04126698896288872], [0.1316758543252945, 0.11836788058280945, 0.05506008863449097], [0.01652483455836773, 0.08346636593341827, -0.059118565171957016]], [[0.04123767837882042, 0.015521559864282608, -0.0027270284481346607], [-0.016903186216950417, -0.04547968506813049, -0.05177115276455879], [-0.04320279508829117, -0.08190267533063889, 0.013999414630234241]], [[0.07011979073286057, 0.07262531667947769, 0.061057645827531815], [-0.07312225550413132, -0.002447685692459345, -0.013491416350007057], [-0.11954949796199799, -0.111675925552845, -0.15814609825611115]], [[-0.06583278626203537, 0.005174985621124506, -0.030796675011515617], [-0.0977235957980156, -0.09861432760953903, -0.030130892992019653], [-0.06115731596946716, -0.06473062932491302, -0.05016584321856499]], [[0.08371969312429428, 0.04098440706729889, 0.05242783948779106], [0.012989984825253487, 0.015903910622000694, -0.021337125450372696], [0.026834189891815186, -0.05235651880502701, -0.0788663774728775]], [[0.11041628569364548, 0.09121138602495193, 0.04055910184979439], [-0.08521821349859238, -0.05635542422533035, -0.17512348294258118], [0.03911115974187851, 0.05331311747431755, -0.04637579247355461]], [[-0.05502729490399361, -0.01924804225564003, -0.048770930618047714], [0.003532887902110815, -0.07191964238882065, 0.0002871645847335458], [0.013508934527635574, -0.010441426187753677, -0.0430329367518425]], [[0.04594460874795914, 0.021559039130806923, 0.04524366557598114], [0.029307644814252853, 0.06941888481378555, 0.034954983741045], [-0.08416203409433365, -0.18302516639232635, -0.2675861120223999]], [[-0.09073852002620697, -0.06663405150175095, 0.0014635702827945352], [0.18459409475326538, 0.09583605825901031, 0.1414719671010971], [-0.04563549533486366, 0.028237884864211082, -0.049660298973321915]], [[-0.014354192651808262, -0.07900067418813705, -0.07262108474969864], [-0.036767929792404175, -0.15991151332855225, -0.027239613234996796], [-0.04680394381284714, 0.01596910133957863, -0.010008664801716805]], [[0.0025993757881224155, 0.039078980684280396, 0.00984074268490076], [0.0652182549238205, -0.019566800445318222, -0.0008360985666513443], [-0.1029164269566536, -0.07205184549093246, -0.07951821386814117]], [[0.010890085250139236, 0.057235606014728546, 0.025765985250473022], [-0.031095154583454132, 0.03091367706656456, -0.11506816744804382], [0.05362144485116005, 0.07306449115276337, 0.047228582203388214]], [[0.09863188117742538, 0.027337659150362015, 0.0458475761115551], [-0.013425658456981182, 0.02569996565580368, 0.0449715256690979], [-0.0571259967982769, 0.04285828769207001, -0.08555028587579727]], [[-0.08733280003070831, 0.06006307899951935, 0.0608806349337101], [-0.0927935540676117, -0.09056860208511353, -0.07424385845661163], [-0.010446364991366863, -0.010156642645597458, -0.061794351786375046]], [[-0.01661008968949318, -0.10619404166936874, -0.1731565296649933], [-0.05535048246383667, -0.06440182030200958, -0.024806546047329903], [-0.046731721609830856, -0.03450724855065346, -0.09771417826414108]], [[-0.046343814581632614, 0.03839825093746185, -0.10957583785057068], [-0.10052786022424698, -0.028324835002422333, -0.06979244947433472], [0.03647013381123543, 0.0011535418452695012, 0.06331387907266617]], [[-0.02222982421517372, 0.012889628298580647, -0.15999001264572144], [0.04857569932937622, 0.03642096742987633, -0.05948377773165703], [-0.03613569959998131, -0.1993115097284317, -0.03590928390622139]], [[0.09828216582536697, -0.03091827966272831, -0.08536267280578613], [0.004873457830399275, 0.018094230443239212, 0.021384531632065773], [-0.020938854664564133, 0.09474959969520569, -0.05722837895154953]], [[0.07697808742523193, -0.043190471827983856, -0.11729167401790619], [0.058016035705804825, 0.012361731380224228, -0.19784051179885864], [0.06011977046728134, 0.10242760926485062, 0.10627174377441406]], [[-0.10077668726444244, -0.022350944578647614, -0.006995801813900471], [0.014409960247576237, -0.031303804367780685, -0.09085487574338913], [-0.053282152861356735, -0.03552452474832535, 0.05581660568714142]], [[0.07054577022790909, -0.03197692707180977, 0.04064149409532547], [0.09325934201478958, 0.053774356842041016, 0.028515148907899857], [-0.010155919007956982, -0.02739075757563114, -0.11553716659545898]], [[0.054800886660814285, -0.03791734576225281, 0.015693340450525284], [0.1703217625617981, 0.04508862644433975, 0.0607258640229702], [-0.043440304696559906, -0.061826858669519424, -0.14096586406230927]]], "bias": -0.022042030468583107}