{"layer": "conv2", "index": 19, "weights": [[[-0.1467023640871048, 0.009324023500084877, 0.03857778385281563], [-0.05585572496056557, 0.04946983978152275, -0.051286522299051285], [0.06856898218393326, 0.0010972247691825032, 0.1493532508611679]], [[-0.08705911785364151, -0.09781514108181, -0.10959843546152115], [-0.14519938826560974, 0.08662615716457367, 0.09068997949361801], [0.057658951729536057, 0.07324045896530151, -0.0371752604842186]], [[-0.14020982384681702, -0.09731319546699524, 0.05339859798550606], [-0.005324955098330975, -0.04816903918981552, 0.010987554676830769], [-0.12385192513465881, -0.055992674082517624, 0.1352534145116806]], [[-0.15368787944316864, -0.05652261897921562, -0.044362910091876984], [-0.15213505923748016, -0.14958345890045166, -0.09891406446695328], [-0.13266804814338684, -0.03221412003040314, 0.05223589017987251]], [[-0.10543284565210342, -0.01485657412558794, 0.0030991968233138323], [-0.11625786870718002, 0.034527022391557693, -0.28711268305778503], [-0.06619848310947418, -0.09940486401319504, 0.0427095852792263]], [[-0.1482609212398529, -0.10846109688282013, -0.053153254091739655], [-0.16642877459526062, -0.14622408151626587, -0.08399350941181183], [-0.10792295634746552, 0.005811546463519335, -0.04740273952484131]], [[-0.059829216450452805, -0.1340661495923996, -0.15680061280727386], [-0.20537900924682617, 0.06651816517114639, 0.17115013301372528], [0.026440300047397614, 0.06538936495780945, -0.007895355112850666]], [[-0.04544311761856079, 0.003618821268901229, -0.0618450827896595], [-0.021715248003602028, -0.03693610057234764, 0.020007701590657234], [0.05138155817985535, 0.022584715858101845, -0.07207077741622925]], [[-0.10539332777261734, 0.06533852964639664, -0.10589618235826492], [-0.17586642503738403, -0.18858636915683746, 0.07179996371269226], [-0.05109718441963196, 0.025001071393489838, 0.04516645520925522]], [[-0.02075074426829815, -0.06566223502159119, -0.057531263679265976], [-0.1449728012084961, -0.08623506873846054, 0.046668656170368195], [0.027476482093334198, 0.023194478824734688, 0.0712011456489563]], [[-0.015176993794739246, 0.0347411073744297, 0.1369982361793518], [0.10392020642757416, 0.014256986789405346, 0.021374741569161415], [-0.0879359096288681, -0.026350488886237144, 0.16164684295654297]], [[-0.059868793934583664, -0.05671097710728645, -0.08453783392906189], [-0.05117615684866905, -0.11297940462827682, -0.05699988454580307], [-0.07076005637645721, 0.014274741522967815, 0.04093039780855179]], [[-0.10653407126665115, 0.04788357391953468, 0.04723226651549339], [-0.10181541740894318, -0.15222501754760742, 0.030270522460341454], [0.005442910827696323, 0.08851833641529083, 0.05571886524558067]], [[0.030536441132426262, 0.05091612786054611, -0.14686977863311768], [-0.2670746445655823, -0.15999969840049744, 0.00036275843740440905], [0.057356372475624084, 0.05907663330435753, 0.011095033027231693]], [[-0.045196112245321274, -0.13262835144996643, -0.016817672178149223], [-0.1610231101512909, -0.1289989948272705, 0.0015149193350225687], [-0.017107868567109108, -0.049153704196214676, 0.04108252003788948]], [[-0.08961185812950134, -0.1359022855758667, -0.06275786459445953], [-0.1745721995830536, -0.002291363198310137, 0.1538107991218567], [-0.00786586757749319, 0.038703594356775284, -0.017875883728265762]], [[0.009936424903571606, -0.09322292357683182, -0.0839281752705574], [-0.050202567130327225, 0.038381367921829224, -0.0025306888855993748], [0.061423271894454956, 0.029101073741912842, 0.007656392175704241]], [[0.04031319171190262, 0.2201126217842102, 0.19174730777740479], [0.03416397050023079, -0.1310291439294815, -0.014819897711277008], [-0.06460379809141159, 0.179079070687294, 0.20081977546215057]], [[-0.06012647598981857, 0.06991647183895111, 0.1384125053882599], [0.12261678278446198, 0.12055817246437073, -0.07271839678287506], [-0.19713041186332703, 0.052650079131126404, 0.2138233482837677]], [[-0.08481960743665695, -0.08348262310028076, -0.09617229551076889], [-0.15315358340740204, -0.07735957950353622, -0.1628965586423874], [-0.07953815907239914, -0.07308514416217804, -0.19974952936172485]], [[-0.18143971264362335, 0.011918568052351475, -0.08711082488298416], [-0.08520255982875824, -0.0349053293466568, -0.15455974638462067], [-0.09796809405088425, -0.0074503482319414616, 0.08629565685987473]], [[-0.06836105138063431, -0.05234614387154579, -0.09481251984834671], [-0.08256053924560547, 0.0670904666185379, 0.17485825717449188], [-0.06610245257616043, 0.028544357046484947, -0.032276563346385956]], [[-0.11070023477077484, -0.09944741427898407, -0.03692525997757912], [-0.07683376222848892, -0.051146555691957474, -0.030900225043296814], [-0.08751247078180313, -0.030384134501218796, 0.05631604045629501]], [[-0.003988608252257109, -0.13133488595485687, -0.1094934344291687], [-0.21460869908332825, 0.025807034224271774, 0.11480745673179626], [0.02824549376964569, 0.010330765508115292, -0.022531241178512573]], [[-0.09270831942558289, -0.08212058991193771, 0.06953275203704834], [0.04936983808875084, 0.13795000314712524, 0.16415619850158691], [0.06874142587184906, 0.0033962889574468136, -0.1444239616394043]], [[-0.0273567046970129, -0.08565622568130493, -0.01879075914621353], [0.023375829681754112, -0.06160770729184151, -0.15957650542259216], [-0.06196985021233559, -0.04851480573415756, -0.1422160118818283]], [[0.06457759439945221, -0.08942863345146179, -0.10141301155090332], [-0.053141217678785324, -0.14455173909664154, -0.10000178217887878], [0.037908680737018585, 0.05963464081287384, 0.03959929570555687]], [[-0.08186610043048859, -0.1497470587491989, 0.0011719800531864166], [0.010475831106305122, 0.08556840568780899, 0.010888315737247467], [-0.04872480779886246, -0.04112528637051582, -0.024309581145644188]], [[-0.12646155059337616, -0.08993834257125854, -0.021668709814548492], [-0.08690892159938812, 0.0013238397659733891, 0.0653505027294159], [0.03740842640399933, 0.007656496949493885, -0.08931998908519745]], [[0.0004476228205021471, -0.05814220383763313, -0.017264649271965027], [-0.010406208224594593, -0.06069324538111687, -0.04266729578375816], [0.035524677485227585, -0.04598239064216614, -0.10731767117977142]], [[0.0050226799212396145, -0.030121278017759323, -0.010135161690413952], [-0.1353321075439453, -0.08765215426683426, 0.012930566444993019], [-0.09086038172245026, -0.0016261127311736345, 0.05372657999396324]], [[0.0027351491153240204, 0.07028353214263916, 0.16608364880084991], [-0.020515145733952522, -0.10391588509082794, -0.14182214438915253], [-0.1570129543542862, 0.03046272322535515, 0.203491672873497]]], "bias": -0.01610705628991127}