{"layer": "conv1", "index": 2, "weights": [[[0.2804863750934601, 0.16306644678115845, 0.17727719247341156], [-0.41021162271499634, 0.07858976721763611, 0.08503136783838272], [-0.2701164484024048, -0.22077982127666473, 0.21086977422237396]]], "bias": -0.04668329283595085}