{"layer": "conv2", "index": 39, "weights": [[[-0.0022540309000760317, -0.02166859060525894, 0.061804383993148804], [0.03098677657544613, -0.05764063447713852, -0.048759449273347855], [-0.09352830052375793, -0.07817995548248291, 0.008871378377079964]], [[0.04454733058810234, -0.05727611854672432, -0.014752250164747238], [-0.15413284301757812, -0.07554090768098831, -0.08354295790195465], [0.03986643627285957, -0.07720114290714264, -0.0624336302280426]], [[0.09020334482192993, -0.04972853139042854, -0.11802617460489273], [0.11802659928798676, 0.015035590156912804, -0.04451822116971016], [0.05914454534649849, -0.010084664449095726, -0.11566527187824249]], [[0.03187725320458412, 0.001784137450158596, 0.08174232393503189], [0.06600181758403778, 0.03300013765692711, -0.014444159343838692], [-0.04567570239305496, 0.06511905044317245, 0.07897524535655975]], [[-0.2284540981054306, -0.12110388278961182, -0.011783180758357048], [-0.14601150155067444, -0.06664649397134781, 0.008907217532396317], [-0.14912469685077667, -0.1754118651151657, -0.07939214259386063]], [[-0.03129897266626358, 0.10571835935115814, 0.016308927908539772], [-0.06347236782312393, 0.029303183779120445, 0.03461448848247528], [-0.05484021082520485, 0.015859555453062057, 0.10665404796600342]], [[0.10091916471719742, -0.016485875472426414, -0.051820896565914154], [-0.026778986677527428, -0.08443780243396759, -0.12629641592502594], [-0.0001012807188089937, 0.02023891918361187, -0.11427461355924606]], [[-0.036637455224990845, -0.14571349322795868, -0.008751588873565197], [-0.007012146059423685, -0.1057647317647934, -0.12213656306266785], [-0.03116466850042343, -0.12406927347183228, -0.10841024667024612]], [[0.08237095922231674, 0.010174240916967392, 0.004969599191099405], [0.050055354833602905, 0.028561322018504143, 0.04309811070561409], [0.03927551209926605, 0.008174215443432331, 0.0014011412858963013]], [[0.04047880321741104, 0.09288603812456131, 0.02804693393409252], [-0.006354844197630882, 0.028576385229825974, 0.020010661333799362], [-0.07913085073232651, -0.025016017258167267, 0.09310074150562286]], [[0.008309585973620415, -0.21339261531829834, -0.04880348592996597], [0.13753345608711243, -0.05954427272081375, -0.08756723999977112], [-0.019385386258363724, -0.14686517417430878, -0.10366827994585037]], [[-0.011251230724155903, 0.041624516248703, -0.033494483679533005], [0.04312025010585785, -0.023944055661559105, -0.007381408009678125], [0.020313216373324394, 0.0010071741417050362, -0.07343506067991257]], [[-0.03127623721957207, 0.04179145395755768, 0.04983263462781906], [-0.03365354239940643, -0.03264573588967323, 0.011830062605440617], [-0.036012209951877594, 0.030813900753855705, -0.03087764047086239]], [[0.06061776727437973, 0.0285946112126112, 0.013200975954532623], [0.023892095312476158, 0.004764880053699017, -0.008166114799678326], [0.09601929783821106, 0.029513727873563766, -0.048624083399772644]], [[0.03472043201327324, 0.03851095959544182, -0.0255818460136652], [0.11265546828508377, 0.05037778615951538, -0.00252625928260386], [-0.008872251957654953, 0.08454994112253189, -0.04070247709751129]], [[-0.008405039086937904, 0.005851218476891518, 0.08175142109394073], [-0.08835691213607788, -0.04713815078139305, 0.0709146037697792], [-0.050860319286584854, -0.029429713264107704, 0.08625461906194687]], [[-0.03869675099849701, -0.06887201219797134, -0.062250975519418716], [0.008683286607265472, -0.07304414361715317, -0.16383971273899078], [-0.02447553351521492, -0.01376283261924982, -0.1099659726023674]], [[-0.0033168781083077192, -0.15982390940189362, -0.10300411283969879], [-0.01199711486697197, -0.1678798645734787, -0.13946998119354248], [-0.130893737077713, -0.04747474566102028, -0.060956213623285294]], [[-0.13595792651176453, -0.15146683156490326, -0.05055242031812668], [-0.01770639233291149, -0.054295286536216736, -0.08800756931304932], [-0.1658838838338852, -0.16201749444007874, -0.04843251407146454]], [[0.0448918417096138, 0.015197624452412128, 0.11758542060852051], [-0.13524262607097626, -0.06555259972810745, 0.020251702517271042], [-0.28586524724960327, -0.12593412399291992, 0.10176154226064682]], [[-0.06865523010492325, -0.02290300466120243, 0.034325916320085526], [0.030144980177283287, -0.036573994904756546, -0.014642096124589443], [-0.014104807749390602, 0.012114276178181171, -0.013664609752595425]], [[0.004981952719390392, 0.010306994430720806, 0.020580867305397987], [-0.08939032256603241, -0.10275612771511078, -0.01103150099515915], [-0.09912625700235367, -0.1102890595793724, 0.0104963518679142]], [[0.029115302488207817, 0.07713129371404648, 0.02254311554133892], [-0.07363365590572357, 0.013479762710630894, 0.04315079376101494], [-0.04631761834025383, 0.05724480375647545, 0.051463838666677475]], [[0.09643229097127914, 0.02782929688692093, 0.0519600585103035], [-0.03652697801589966, -0.03509865328669548, 0.012125411070883274], [0.10222890228033066, 0.039254914969205856, 0.02326858416199684]], [[0.03784584254026413, -0.022999079897999763, 0.03685235604643822], [0.06926894187927246, -0.06522754579782486, -0.027676299214363098], [-0.06766072660684586, -0.11563333868980408, 0.07146291434764862]], [[-0.09809575229883194, -0.013054889626801014, 0.010638781823217869], [-0.104018934071064, -0.0401633195579052, -0.1009737029671669], [-0.01530513260513544, -0.029263779520988464, -0.1120104119181633]], [[0.02619110979139805, 0.03602198138833046, -0.03733531013131142], [0.11022821068763733, -0.04513741657137871, -0.1774766743183136], [0.038822922855615616, 0.043297164142131805, -0.17721621692180634]], [[-0.03110048919916153, 0.012532578781247139, -0.026537371799349785], [0.041675057262182236, -0.04162918031215668, -0.04405593127012253], [-0.0226314514875412, -0.030431298539042473, 0.053490184247493744]], [[-0.08652537316083908, -0.06450224667787552, 0.04444073885679245], [-0.23383308947086334, -0.20010513067245483, 0.03510430082678795], [-0.220384880900383, -0.15298742055892944, 0.00784996710717678]], [[-0.04706047847867012, -0.030894627794623375, -0.03925129398703575], [-0.007216691039502621, -0.012086538597941399, -0.051728688180446625], [-0.08387722074985504, -0.09414451569318771, -0.14934556186199188]], [[-0.005599191877990961, -0.05673748999834061, -0.01992177776992321], [0.010663417167961597, 0.04042275622487068, -0.08259537070989609], [-0.01513206958770752, -0.010285517200827599, -0.06787629425525665]], [[-0.10726309567689896, -0.19943870604038239, -0.1398128867149353], [-0.04737865924835205, -0.1664903610944748, -0.13586191833019257], [-0.07433704286813736, -0.09872300177812576, -0.09647956490516663]]], "bias": -0.06970558315515518}