{"layer": "conv2", "index": 28, "weights": [[[-0.004341127350926399, 0.04856495186686516, 0.0076966965571045876], [-0.021253585815429688, 0.040522992610931396, 0.024054696783423424], [0.0033974205143749714, -0.05449880287051201, 0.07104486227035522]], [[0.022918332368135452, -0.027231920510530472, -0.15282496809959412], [0.06017312780022621, 0.07428085803985596, 0.10337334126234055], [0.19056765735149384, 0.0001580923271831125, -0.06982246041297913]], [[-0.05958746373653412, -0.006923682522028685, 0.005210172850638628], [-0.0065744477324187756, -0.03344961255788803, -0.012958536855876446], [-0.07111556828022003, 0.013483606278896332, 0.01134848315268755]], [[0.06440876424312592, -0.026545368134975433, -0.044502001255750656], [-0.07547179609537125, -0.09829201549291611, -0.09963386505842209], [-0.06655527651309967, 0.033913854509592056, -0.023334525525569916]], [[0.11418886482715607, 0.11129312217235565, -0.03664665296673775], [0.008149837143719196, -0.06411740183830261, -0.1380409598350525], [-0.08442750573158264, 0.08355274051427841, -0.025567203760147095]], [[0.04609145224094391, -0.011781725101172924, -0.0438896119594574], [-0.10596970468759537, -0.1398487538099289, -0.07745908945798874], [-0.027891255915164948, 0.03954439237713814, -0.057954516261816025]], [[0.06861164420843124, -0.01794721931219101, -0.1623525619506836], [-0.06810516119003296, 0.023075159639120102, 0.02132992446422577], [0.11127227544784546, -0.020007120445370674, -0.06809189915657043]], [[-0.03206329420208931, -0.008406417444348335, -0.03185883164405823], [0.008694534189999104, -0.07047830522060394, -0.13715168833732605], [-0.0057584624737501144, -0.04662684351205826, -0.06720764189958572]], [[0.06463087350130081, -0.01684224233031273, -0.1483989953994751], [-0.08438212424516678, -0.0749073401093483, 0.04822971299290657], [0.14882947504520416, 0.14057821035385132, 0.012110552750527859]], [[0.05750167742371559, 0.010547605343163013, -0.10567542165517807], [-0.07221008837223053, 0.009476101025938988, 0.009250152856111526], [0.09103212505578995, 0.055579379200935364, 0.031449444591999054]], [[-0.0570649653673172, 0.0831805169582367, 0.13750441372394562], [0.08434174954891205, 0.06216418370604515, -0.04459729790687561], [-0.06373608112335205, -0.017479611560702324, 0.09050232172012329]], [[0.027823403477668762, -0.03025360405445099, -0.008884578943252563], [-0.0802254006266594, -0.08879277855157852, -0.06721040606498718], [0.08131764084100723, -0.0054391915909945965, 0.038825519382953644]], [[0.05491817370057106, 0.0443645678460598, -0.01564096473157406], [-0.06805998831987381, -0.04472312703728676, -0.011209324933588505], [0.06399459391832352, 0.12011291831731796, 0.08748124539852142]], [[0.08518243581056595, -0.025781113654375076, -0.11924724280834198], [-0.06802298128604889, 0.004995900206267834, 0.02687957137823105], [0.08864926546812057, 0.010758111253380775, -0.016754640266299248]], [[-0.024851933121681213, -0.0038183971773833036, -0.10476449877023697], [-0.10800045728683472, -0.11428140848875046, -0.0264414232224226], [0.006500210613012314, -0.019249137490987778, 0.06065924093127251]], [[-0.046027589589357376, -0.09616906940937042, -0.0850764736533165], [0.008265996351838112, 0.06829432398080826, 0.09232189506292343], [0.11194657534360886, 0.040623728185892105, -0.04906585440039635]], [[-0.09210512787103653, -0.11298535019159317, -0.11308355629444122], [0.0392596572637558, -0.09385929256677628, -0.12247700989246368], [-0.07619227468967438, -0.12438309192657471, -0.08597264438867569]], [[0.14587177336215973, 0.14243657886981964, 0.12280721217393875], [-0.12365725636482239, -0.0254929531365633, -0.13466575741767883], [0.042015597224235535, 0.015721578150987625, 0.04083666205406189]], [[8.681529288878664e-05, 0.07571305334568024, 0.05310259386897087], [-0.04022024944424629, -0.024802524596452713, -0.0802868977189064], [-0.06119425967335701, 0.040517378598451614, 0.11063987761735916]], [[-0.0017714588902890682, 0.018708953633904457, -0.05672921612858772], [-0.030590707436203957, -0.023772243410348892, 0.011033961549401283], [-0.050891436636447906, -0.11119887232780457, -0.14734798669815063]], [[0.042778708040714264, -0.03469239920377731, -0.08563309907913208], [-0.08105669915676117, -0.07068736106157303, -0.09942954033613205], [0.03243733569979668, 0.06664560735225677, 0.07704561948776245]], [[0.04998123273253441, -0.11798328906297684, -0.14479872584342957], [0.008216491900384426, 0.09591539949178696, 0.06374558806419373], [0.04694747179746628, -0.03485148027539253, -0.05289216339588165]], [[-0.02645184099674225, -0.013393588364124298, -0.05503872036933899], [0.003022205550223589, -0.04179522767663002, -0.0632602646946907], [-0.01834377832710743, 0.0018574392888695002, 0.049375493079423904]], [[0.015295236371457577, -0.032938167452812195, -0.036042470484972], [-0.09338004887104034, 0.009965709410607815, -0.0017027952708303928], [0.10177444666624069, 0.04541642591357231, -0.01023410726338625]], [[-0.08480254560709, 0.006801266688853502, 0.03731154277920723], [0.16434791684150696, 0.15521365404129028, 0.026276176795363426], [0.061303604394197464, 0.02644401416182518, -0.07662290334701538]], [[-0.10981033742427826, -0.09863604605197906, 0.01719783991575241], [0.019459808245301247, -0.03275937959551811, -0.09129758924245834], [-0.021031659096479416, -0.048230305314064026, -0.018208349123597145]], [[-0.016792334616184235, -0.014246627688407898, -0.0500231571495533], [-0.15756748616695404, -0.21818146109580994, -0.17130453884601593], [-0.042191386222839355, -0.08813007175922394, -0.04282732680439949]], [[-0.05140528455376625, 0.045745763927698135, -0.017220396548509598], [0.04041410610079765, 0.01314720418304205, 0.0008323268266394734], [-0.07042792439460754, -0.013974089175462723, -0.06938797235488892]], [[-0.10076956450939178, -0.10061609745025635, -0.07448489218950272], [-0.0705726146697998, 0.0432305708527565, -0.02195226214826107], [0.05900297686457634, -0.03507600352168083, -0.1162867546081543]], [[-0.13400518894195557, -0.005434474442154169, -0.021648675203323364], [-0.05235390365123749, -0.059492599219083786, -0.08956801146268845], [-0.004352083895355463, -0.009580107405781746, -0.041255924850702286]], [[0.029107144102454185, -0.017935860902071, -0.07156607508659363], [-0.11773965507745743, -0.09037569165229797, -0.03982141241431236], [0.009477457031607628, -0.04530838131904602, 0.030983276665210724]], [[0.061739031225442886, 0.1263817846775055, 0.12015116959810257], [-0.033699098974466324, -0.05438898131251335, -0.16433380544185638], [-0.09847724437713623, -0.002838532207533717, 0.04658021405339241]]], "bias": -0.014385619200766087}