{"layer": "conv2", "index": 37, "weights": [[[0.030979104340076447, -0.012272441759705544, 0.00432687858119607], [-0.06484165787696838, -0.0904359221458435, 0.03630160912871361], [-0.06543345004320145, -0.0016966154798865318, -0.06696487963199615]], [[-0.004449243191629648, -0.04650844633579254, 0.0015466574113816023], [-0.16927409172058105, -0.18513123691082, -0.0752459466457367], [-0.05890840291976929, 0.0008495186921209097, -0.12823787331581116]], [[0.11578484624624252, 0.031042147427797318, -0.009712868370115757], [0.016120418906211853, 0.07307996600866318, 0.0006422324222512543], [-0.05647804215550423, -0.017614908516407013, 0.07547037303447723]], [[0.022802960127592087, 0.08904026448726654, -0.00508842570707202], [-0.07194865494966507, -0.04800901934504509, 0.11930637061595917], [-0.09211679548025131, -0.04147091507911682, 0.04564227908849716]], [[-0.009654026478528976, -0.01245973166078329, 0.01000376045703888], [-0.13188908994197845, -0.07996761053800583, -0.1482507735490799], [-0.13440696895122528, -0.11185138672590256, -0.13750658929347992]], [[0.020657043904066086, -0.016030682250857353, 0.09658791124820709], [-0.14292319118976593, -0.02179703861474991, 0.10598377883434296], [-0.052761711180210114, -0.039832137525081635, 0.009518053382635117]], [[-0.04466280713677406, -0.006088622380048037, -0.10496824234724045], [-0.13059937953948975, -0.04345255717635155, -0.13692724704742432], [-0.036930669099092484, -0.016172485426068306, -0.12177632749080658]], [[-0.13663727045059204, -0.07487466931343079, -0.04932412877678871], [0.0007529692375101149, -0.04920802265405655, -0.08527865260839462], [-0.007512467913329601, 0.008693192154169083, -0.018993644043803215]], [[0.03307388722896576, 0.051634471863508224, 0.10360614955425262], [-0.05797958746552467, -0.060270436108112335, -0.09787774831056595], [-0.0635889321565628, 0.025671163573861122, 0.01319421362131834]], [[0.08151008188724518, 0.09726084768772125, 0.07964061945676804], [-0.12171261012554169, -0.058358363807201385, 0.08765865862369537], [-0.00347369653172791, -0.07779939472675323, -0.021884504705667496]], [[0.07540972530841827, 0.0690019503235817, -0.10092942416667938], [0.031570740044116974, -0.04354601353406906, 0.029042458161711693], [0.1289585828781128, 0.05610017105937004, 0.10933342576026917]], [[0.04633849486708641, -0.03770105913281441, 0.017644990235567093], [-0.04043381288647652, 0.0012201850768178701, -0.026855189353227615], [-0.017215732485055923, -0.018516600131988525, 0.04896852746605873]], [[0.050548896193504333, 0.06765147298574448, 0.04391465708613396], [-0.03496038168668747, 0.022119667381048203, -0.06761123239994049], [-0.08503448963165283, -0.05366933345794678, -0.04150862246751785]], [[-0.12543225288391113, -0.018539778888225555, -0.11945831030607224], [-0.07014342397451401, 0.00410120515152812, -0.08858498185873032], [-0.028689943253993988, -0.023986494168639183, 0.031170612201094627]], [[0.06710455566644669, 0.04311247169971466, -0.00021982018370181322], [0.031424380838871, 0.04205811023712158, -0.00631368812173605], [-0.03960930556058884, 0.030449984595179558, 0.07255876809358597]], [[0.08876591920852661, -0.02581915259361267, 0.09784779697656631], [-0.11281444877386093, -0.08281058073043823, 0.05444672331213951], [-0.00959374476224184, -0.07793906331062317, -0.07246198505163193]], [[-0.020260050892829895, -0.1003900095820427, -0.18668560683727264], [-0.02916109934449196, 0.01563454605638981, -0.012269091792404652], [-0.003526096697896719, -0.0028879125602543354, 0.028765758499503136]], [[0.029469814151525497, -0.026464063674211502, -0.00043515668949112296], [-0.013100290670990944, 0.000502168433740735, -0.04606227949261665], [0.0447440929710865, 0.021995961666107178, 0.04299622029066086]], [[0.08741302788257599, -0.02838587760925293, 0.07346230000257492], [0.035465992987155914, -0.06251267343759537, 0.022693967446684837], [-0.012035750783979893, -0.0352352075278759, 0.02283778414130211]], [[-0.09593366831541061, -0.13278646767139435, 0.05849467217922211], [-0.17771075665950775, -0.2190573513507843, 0.057562317699193954], [-0.13522586226463318, -0.19626788794994354, -0.10790567845106125]], [[0.037079717963933945, -0.03229834884405136, 0.02960461936891079], [-0.02308335155248642, 0.02594166062772274, -0.0005018740775994956], [-0.09030619263648987, -0.06039121374487877, -0.0826675072312355]], [[0.024984212592244148, 0.037312235683202744, 0.0960434302687645], [-0.18068400025367737, -0.07992427796125412, 0.00011708971578627825], [-0.02117677591741085, -0.02739899419248104, -0.13424918055534363]], [[0.10231979191303253, 0.013935727998614311, 0.03492460399866104], [-0.08871401101350784, -0.05244257673621178, 0.0579938068985939], [-0.044682763516902924, -0.09383349865674973, 0.027343275025486946]], [[-0.0932345911860466, -0.023184508085250854, -0.1026628389954567], [-0.10157536715269089, -0.0029307964723557234, -0.028016522526741028], [-0.025083912536501884, -0.014605296775698662, -0.042283859103918076]], [[-0.08722064644098282, -0.09129088371992111, -0.016556544229388237], [-0.11079365760087967, -0.08139527589082718, 0.09029831737279892], [-0.04709649085998535, -0.03457282856106758, -0.08555625379085541]], [[-0.04197709634900093, -0.05017721652984619, -0.02852342091500759], [0.049338795244693756, -0.05233178287744522, -0.10326191782951355], [0.02265559509396553, -0.020778153091669083, 0.03482784703373909]], [[-0.027411432936787605, -0.10127312690019608, -0.20309816300868988], [0.03424423933029175, -0.0012500013690441847, 0.03941555321216583], [0.008652609772980213, 0.007392518687993288, 0.15309196710586548]], [[0.01898031495511532, 0.014142857864499092, 0.03254135325551033], [-0.07083702087402344, 0.022854432463645935, 0.03799569979310036], [0.04087194427847862, -0.014633093029260635, 0.03926284611225128]], [[-0.040747858583927155, -0.03757491335272789, 0.026425791904330254], [-0.07041424512863159, -0.023218179121613503, 0.13681453466415405], [0.03536003455519676, -0.05350686237215996, 0.007600694894790649]], [[-0.06259617954492569, -0.11450445652008057, -0.09497933834791183], [0.016562700271606445, -0.0006712920148856938, -0.07659989595413208], [0.055225957185029984, 0.02521144412457943, 0.02930344268679619]], [[0.05743996053934097, -0.02700396440923214, 0.03502564877271652], [0.03717559576034546, -0.023500612005591393, 0.05443625897169113], [-0.012657444924116135, -0.07197102159261703, 0.005385278258472681]], [[0.04374203830957413, 0.01463979110121727, -0.04485701769590378], [0.05236263573169708, -0.02888883836567402, -0.017542820423841476], [0.08298642188310623, -0.0016762018203735352, 0.0056277550756931305]]], "bias": -0.0055528790690004826}