{"layer": "conv1", "index": 29, "weights": [[[-0.3431282639503479, -0.32541951537132263, 0.07822103053331375], [0.059212829917669296, -0.18559475243091583, -0.4412616193294525], [-0.07456279546022415, 0.28103023767471313, -0.052447911351919174]]], "bias": 0.27043262124061584}