{"layer": "conv1", "index": 1, "weights": [[[0.023284681141376495, -0.5530828237533569, -0.10162068903446198], [-0.35779207944869995, 0.12972983717918396, 0.21443836390972137], [0.27839896082878113, 0.26405540108680725, 0.03225148841738701]]], "bias": 0.15598706901073456}