{"layer": "conv1", "index": 10, "weights": [[[0.1422715187072754, 0.33303672075271606, 0.4648047983646393], [-0.22624026238918304, -0.213726207613945, -0.21737027168273926], [-0.22500795125961304, -0.1808946132659912, 0.07796012610197067]]], "bias": -0.1041467934846878}