{"layer": "conv2", "index": 44, "weights": [[[-0.05415411666035652, 0.09332559257745743, 0.024952590465545654], [-0.0715264230966568, 0.0554487369954586, -0.012684216722846031], [-0.03149321675300598, -0.006391548551619053, -0.14989963173866272]], [[0.05177951976656914, 0.06316493451595306, 0.010571545921266079], [0.03544442355632782, -0.059314269572496414, 0.044429272413253784], [-0.18732067942619324, -0.049894459545612335, -0.03153921291232109]], [[-0.14556406438350677, -0.08932297676801682, -0.11981819570064545], [0.02193778194487095, 0.02600325457751751, -0.06093931570649147], [0.07375315576791763, 0.07602564990520477, -0.035306185483932495]], [[0.025411518290638924, -0.021309953182935715, 0.02731151320040226], [0.06554432213306427, 0.013287808746099472, 0.061807747930288315], [0.06379485875368118, -0.029772024601697922, 0.059126123785972595]], [[0.05763254687190056, 0.07478905469179153, 0.14804403483867645], [-0.0999758169054985, -0.18632766604423523, -0.06046823784708977], [-0.004131299909204245, -0.09077243506908417, -0.09065677225589752]], [[0.054404810070991516, 0.019835347309708595, 0.006646937690675259], [0.08563844859600067, -0.021318690851330757, 0.022596536204218864], [0.025476647540926933, 0.03424401208758354, 0.06245327740907669]], [[0.027965130284428596, 0.00506474869325757, 0.009737092070281506], [0.031023196876049042, -0.07956027239561081, -0.0027695083990693092], [-0.11263063549995422, -0.08837191760540009, -0.08785028010606766]], [[-0.04078900068998337, -0.014592642895877361, -0.06322664022445679], [-0.10452912747859955, -0.18313036859035492, -0.06667516380548477], [-0.02920355275273323, -0.0372854620218277, -0.03809041902422905]], [[0.07897862046957016, 0.10821413993835449, 0.03154759481549263], [-0.0027852861676365137, -0.039314452558755875, -0.026610858738422394], [-0.0074970112182199955, -0.08078192919492722, 0.026518141850829124]], [[0.04052486643195152, 0.02481996640563011, 0.024898391216993332], [0.032186925411224365, 0.003338058479130268, 0.005895758513361216], [-0.05122291296720505, 0.03969745337963104, -0.0009736566571518779]], [[-0.20952768623828888, -0.0413350872695446, -0.04907139763236046], [-0.08260802924633026, -0.08015306293964386, -0.14366088807582855], [0.11994033306837082, 0.020069371908903122, -0.059138569980859756]], [[0.029299577698111534, -0.04985620453953743, 0.013048345223069191], [-0.06483195722103119, -0.029002245515584946, -0.08099475502967834], [-0.02282308228313923, -0.04055659845471382, -0.04125631973147392]], [[0.06694480031728745, 0.0017185362521559, 0.005188095383346081], [0.10649610310792923, 0.0357799157500267, -0.022307980805635452], [0.012134883552789688, 0.017913667485117912, -0.056828245520591736]], [[-0.0067171622067689896, 0.03141063451766968, 0.008150390349328518], [-5.350037827156484e-05, -0.08911368995904922, -0.08092743903398514], [-0.038896188139915466, 0.013604599051177502, -0.023254046216607094]], [[-0.08301670104265213, -0.06721913069486618, -0.07720853388309479], [0.024789627641439438, 0.06371414661407471, -0.017683757469058037], [0.02784586511552334, 0.08312537521123886, 0.08595563471317291]], [[0.046435460448265076, 0.012304781936109066, 0.030452750623226166], [0.02700738236308098, 0.0980786383152008, 0.05162914842367172], [-0.043810974806547165, 0.027595603838562965, 0.030018074437975883]], [[-0.04334858059883118, -0.14052072167396545, -0.1637982577085495], [-0.15644289553165436, -0.19593097269535065, -0.10399216413497925], [-0.07840970158576965, -0.03908471390604973, -0.06361979246139526]], [[-0.00844221655279398, 0.10522370785474777, 0.015220609493553638], [0.01625431887805462, 0.025427445769309998, -0.02090844325721264], [0.1443275809288025, 0.03619488701224327, -0.05446477234363556]], [[0.06239170953631401, 0.14644445478916168, 0.11091253906488419], [0.015174326486885548, -0.10064425319433212, -0.10915528237819672], [0.09558384865522385, -0.014820369891822338, -0.05312883108854294]], [[-0.012533364817500114, -0.02679244615137577, 0.0728667601943016], [-0.020993728190660477, 0.02020876854658127, -0.0021949433721601963], [-0.11872228235006332, -0.1741415411233902, -0.06757151335477829]], [[0.08199864625930786, 0.04038190469145775, 0.036467984318733215], [0.06303568929433823, -0.046990133821964264, 0.028208857402205467], [0.020803598687052727, 0.028804752975702286, 0.03571541607379913]], [[0.04145890846848488, 0.07220790535211563, 0.02649548649787903], [-0.024188196286559105, 0.07651305198669434, 0.060213353484869], [-0.0994981974363327, 0.042509276419878006, 0.05809478834271431]], [[0.029720192775130272, -0.009095735847949982, -0.056415703147649765], [0.09067395329475403, 0.02782454900443554, 0.007083442527800798], [-0.023324862122535706, 0.009408707730472088, -0.022022578865289688]], [[0.023196330294013023, 0.010375206358730793, -0.02313607931137085], [-0.010342567227780819, -0.049330681562423706, -0.016593828797340393], [-0.1013602763414383, -0.016887662932276726, 0.07209999114274979]], [[0.03632856905460358, 0.020662466064095497, -0.05179517716169357], [0.03561446815729141, -0.09407638013362885, -0.014539978466928005], [0.0668627992272377, 0.06037142127752304, 0.012577266432344913]], [[-0.10968311131000519, -0.02539285644888878, -0.008572685532271862], [-0.21449518203735352, -0.10395786911249161, -0.08612572401762009], [-0.10307983309030533, -0.06888845562934875, -0.058809734880924225]], [[-0.12042582780122757, -0.09088786691427231, -0.18070882558822632], [-0.08651776611804962, -0.13336104154586792, -0.12374743074178696], [-0.051991306245326996, -0.030162138864398003, -0.11955972015857697]], [[0.04513330012559891, -0.048371437937021255, 0.004218050744384527], [0.08878175914287567, 0.07066278159618378, 0.008526173420250416], [0.05669992417097092, 0.05353599041700363, 0.0861821100115776]], [[0.06463120132684708, -0.05939839407801628, 0.024389714002609253], [0.09543915838003159, 0.02966058813035488, 0.10343600809574127], [-0.24058932065963745, -0.06638585776090622, 0.05767294391989708]], [[-0.07761602848768234, -0.07748180627822876, -0.08173008263111115], [-0.07316872477531433, -0.09609252214431763, -0.04786981642246246], [-0.037435080856084824, -0.038256920874118805, -0.06842173635959625]], [[-0.024304671213030815, -0.0382249653339386, -0.07682409882545471], [-0.05478851869702339, -0.04087185859680176, -0.025500494986772537], [0.017614899203181267, 0.09311170876026154, 0.0249681007117033]], [[-0.14596834778785706, -0.02347484603524208, -0.031609296798706055], [-0.017453985288739204, 0.018254350870847702, -0.11721349507570267], [0.10204178839921951, 0.09656871110200882, -0.06165899336338043]]], "bias": -0.07523532956838608}