{"layer": "conv2", "index": 22, "weights": [[[0.023404797539114952, 0.03374578431248665, 0.042503345757722855], [0.03581797331571579, 0.06338980048894882, 0.005517767742276192], [0.0894409790635109, 0.06572366505861282, 0.02149742841720581]], [[0.060637250542640686, 0.08268792927265167, 0.033595651388168335], [0.16662950813770294, 0.12537150084972382, 0.040887732058763504], [-0.02621586062014103, -0.07246865332126617, -0.14803846180438995]], [[-0.22534073889255524, -0.17441017925739288, -0.1426868438720703], [-0.10939746350049973, 0.01828312687575817, 0.03882894292473793], [0.0668855756521225, 0.06533633172512054, 0.03556961193680763]], [[-0.056627314537763596, -0.16463439166545868, -0.19969294965267181], [-0.054766133427619934, -0.0322643518447876, 0.009379648603498936], [0.04837917909026146, -0.020476508885622025, -0.02969571016728878]], [[0.0953538790345192, 0.020547932013869286, -0.05451912432909012], [0.03262742608785629, 0.02723836526274681, -0.09760598838329315], [0.11957298964262009, 0.03234492987394333, -0.058768380433321]], [[-0.022522151470184326, -0.05131145194172859, -0.0568280965089798], [0.025523332878947258, 0.026702815666794777, 0.04922934249043465], [-0.08134753257036209, -0.025992203503847122, 0.011442454531788826]], [[0.01320429053157568, -0.058489393442869186, -0.025054438039660454], [0.1653870791196823, 0.12177964299917221, 0.0022025657817721367], [0.03154538571834564, -0.02994142659008503, -0.04434790089726448]], [[0.008865033276379108, -0.019870048388838768, 0.0256841741502285], [-0.08296064287424088, -0.12261687964200974, -0.10068338364362717], [-0.06135309115052223, -0.08571578562259674, 0.03829355165362358]], [[-0.00715638417750597, -0.15879370272159576, -0.2095130831003189], [0.11601056903600693, 0.07529604434967041, 0.07924070209264755], [0.028655940666794777, -0.05845656245946884, -0.02806500345468521]], [[-0.16213269531726837, -0.10368616878986359, -0.09795164316892624], [0.02695281244814396, 0.08927279710769653, 0.10034806281328201], [0.0004906021640636027, -0.08974392712116241, -0.08644092828035355]], [[-0.27770766615867615, -0.19676996767520905, -0.03815534710884094], [0.02684207260608673, 0.11399757117033005, -0.08536743372678757], [0.16407674551010132, 0.13518570363521576, 0.05645909532904625]], [[-0.09236060082912445, -0.10203667730093002, 0.01596442610025406], [0.034379541873931885, -0.06146290898323059, -0.01922822743654251], [-0.055322322994470596, 0.018224667757749557, 0.028730003163218498]], [[-0.04199400544166565, -0.10952194035053253, -0.12872694432735443], [0.1106434166431427, 0.0927213653922081, 0.022584328427910805], [-0.010571639984846115, 0.016993021592497826, -0.06107432767748833]], [[0.021215619519352913, -0.10281764715909958, -0.06157660856842995], [-0.04983556643128395, -0.07405862957239151, 0.002558674430474639], [-0.10836945474147797, -0.0023840218782424927, 0.015271767042577267]], [[-0.1618630290031433, -0.23002246022224426, -0.20309479534626007], [-0.06686260551214218, 0.00365564227104187, 0.04870554059743881], [0.003521366510540247, -0.06839325278997421, 0.032153256237506866]], [[-0.05406750366091728, -0.001790439710021019, -0.03549813851714134], [0.13108256459236145, 0.12593884766101837, 0.08871860057115555], [-0.09239162504673004, -0.03844933956861496, -0.07590465992689133]], [[-0.03905673697590828, -0.06116105988621712, 0.06582047790288925], [-0.09191513806581497, -0.14460797607898712, -0.07717777043581009], [-0.14587050676345825, -0.08867094665765762, 0.08380807936191559]], [[-0.06727327406406403, -0.11540426313877106, -0.17098264396190643], [0.11590535938739777, 0.06815246492624283, -0.07211409509181976], [0.0980454534292221, 0.023331167176365852, 0.053594667464494705]], [[0.027974281460046768, 0.00023633858654648066, -0.11966582387685776], [0.013454795815050602, 0.07099923491477966, -0.16510361433029175], [0.1987326592206955, 0.03392275422811508, -0.04176612198352814]], [[0.08218367397785187, -0.014503025449812412, 0.03696507588028908], [-0.0138678764924407, -0.07084907591342926, -0.041355449706315994], [-0.13680726289749146, -0.10784271359443665, -0.12473016232252121]], [[-0.06790124624967575, -0.052016932517290115, -0.1408369243144989], [-0.02161596529185772, -0.00019223405979573727, -0.009649353101849556], [0.0604342482984066, 0.04905068874359131, 0.007132038474082947]], [[-0.06509818136692047, -0.014652201905846596, -0.032852903008461], [0.15457524359226227, 0.11847442388534546, 0.16268406808376312], [-0.03624768927693367, -0.10452815890312195, -0.12352949380874634]], [[-0.027395149692893028, -0.09829048812389374, -0.14091074466705322], [-0.010364441201090813, 0.020505914464592934, 0.04776689037680626], [0.018348243087530136, -0.03499824181199074, -0.04072316363453865]], [[-0.06882694363594055, -0.09155037254095078, 0.005049936939030886], [-0.020620059221982956, -0.025283154100179672, -0.018508639186620712], [-0.10059481859207153, -0.055430397391319275, 0.03914879262447357]], [[-0.026410561054944992, 0.006684153340756893, -0.10039827227592468], [-0.019229432567954063, -0.04248036444187164, -0.014123963192105293], [0.012426822446286678, -0.04840368032455444, -0.1071808785200119]], [[0.032908033579587936, 0.016312167048454285, 0.09210003167390823], [-0.10819819569587708, -0.04845075681805611, -0.07473660260438919], [0.03286491706967354, -0.01603909209370613, -0.03620327636599541]], [[-0.17322556674480438, -0.17386335134506226, -0.008577252738177776], [-0.24034474790096283, -0.017976276576519012, -0.06805388629436493], [-0.1452856808900833, -0.0020568580366671085, 0.020113158971071243]], [[-0.10659119486808777, -0.1192038506269455, -0.06962411105632782], [0.07428336888551712, 0.06418576091527939, 0.12330251932144165], [-0.030375506728887558, 0.007133392617106438, -0.002661406295374036]], [[-0.02974829263985157, 0.020535839721560478, 0.13650712370872498], [0.1085105687379837, 0.07652191072702408, 0.09871389716863632], [-0.10746520757675171, -0.05722849443554878, -0.16887705028057098]], [[-0.04256373643875122, -0.03420162945985794, 0.013111142441630363], [-0.08141306042671204, 0.007124084979295731, -0.0679534301161766], [-0.004320668522268534, 0.003393876599147916, 0.027066092938184738]], [[-0.14154687523841858, -0.25043004751205444, -0.1643439531326294], [-0.16533398628234863, -0.05724705383181572, -0.07133658975362778], [0.046213746070861816, 0.047419071197509766, 0.04816193878650665]], [[-0.16955775022506714, -0.13090237975120544, 0.06284796446561813], [0.010021504946053028, 0.13663703203201294, -0.06812123954296112], [0.1583094298839569, 0.0839216336607933, 0.04548341780900955]]], "bias": -0.004167579580098391}