{"layer": "conv1", "index": 27, "weights": [[[-0.052966147661209106, 0.0024518799036741257, -0.29035165905952454], [0.19997622072696686, 0.2859990894794464, -0.2065177708864212], [-0.3535670340061188, 0.0519280768930912, 0.21410390734672546]]], "bias": -0.033380553126335144}