{"layer": "conv2", "index": 57, "weights": [[[-0.03493000566959381, 0.0854991152882576, 0.011496328748762608], [-0.0012790601467713714, -0.022210951894521713, -0.055672015994787216], [-0.0716833546757698, 0.0031139354687184095, 0.08418573439121246]], [[0.049538396298885345, 0.052310314029455185, 0.0808074027299881], [-0.21713489294052124, -0.07125532627105713, -0.015831779688596725], [-0.08896416425704956, -0.10750041902065277, -0.008987762965261936]], [[0.08275247365236282, -0.03106466494500637, -0.024150151759386063], [0.057629745453596115, 0.08724065124988556, -0.0191650390625], [-0.1027604267001152, -0.035594791173934937, 0.037997473031282425]], [[0.09667462110519409, 0.09477647393941879, -0.07888272404670715], [-0.005765149835497141, 0.004768906161189079, 6.887922063469887e-05], [-0.048418495804071426, -0.07377444207668304, -0.09524836391210556]], [[-0.10320604592561722, -0.04650416970252991, -0.18548895418643951], [-0.08083929866552353, -0.0569319874048233, 0.07572554796934128], [-0.1370006501674652, -0.09598501026630402, 0.006884435191750526]], [[0.00891745276749134, 0.09153777360916138, -0.06596726179122925], [-0.0582529678940773, 0.07263708859682083, -0.01599128730595112], [-0.0557018481194973, -0.12132427096366882, -0.1279176026582718]], [[-0.027398617938160896, -0.06269277632236481, 0.014635168015956879], [-0.13890965282917023, -0.03026324324309826, 0.09852971881628036], [-0.241136372089386, -0.16664600372314453, -0.08537734299898148]], [[-0.06325389444828033, 0.06112672761082649, 0.09276850521564484], [-0.029024988412857056, -0.09626195579767227, -0.043368466198444366], [-0.0046429927460849285, 0.019393114373087883, 0.022922147065401077]], [[0.02693646401166916, -0.008556829765439034, -0.045013271272182465], [-0.010889188386499882, -0.044684041291475296, 0.12720106542110443], [-0.15044091641902924, -0.1732293665409088, -0.04687263071537018]], [[0.06141238287091255, 0.010688871145248413, -0.039836298674345016], [-0.035723958164453506, 0.09151281416416168, 0.04989380016922951], [-0.07384898513555527, -0.08892271667718887, -0.14277704060077667]], [[0.012944484129548073, -0.016008060425519943, -0.21633018553256989], [0.0587037056684494, 0.03330472111701965, 0.01952357031404972], [0.02515437826514244, 0.19940297305583954, 0.1620474010705948]], [[0.007404317148029804, 0.004284525755792856, 0.014657575637102127], [0.028534526005387306, 0.04316503554582596, 0.03933332860469818], [-0.09114066511392593, -0.036477770656347275, 0.023318665102124214]], [[-0.0040018148720264435, -0.04142148420214653, -0.003900611074641347], [0.006133104674518108, -0.027989482507109642, 0.09444228559732437], [-0.1148119866847992, -0.048125315457582474, -0.043955881148576736]], [[-0.05432283505797386, -0.07544069737195969, 0.01809467189013958], [-0.0096609340980649, -0.005729523487389088, -0.006691502872854471], [-0.15493445098400116, -0.0642768070101738, -0.0515577532351017]], [[0.02952868677675724, -0.04991501569747925, -0.10802978277206421], [0.041855812072753906, 0.07929711788892746, 0.002902938285842538], [-0.1431458294391632, -0.011985540390014648, -0.09384652227163315]], [[0.04549803212285042, 0.056009434163570404, 0.022913306951522827], [-0.04791408032178879, 0.01526311319321394, -0.047732312232255936], [-0.03852368891239166, -0.07861443608999252, -0.15018318593502045]], [[0.08322342485189438, -0.03592540696263313, -0.017197156324982643], [0.05579058453440666, 0.029530588537454605, -0.008041063323616982], [-0.04046225547790527, 0.051698122173547745, -0.03001309745013714]], [[-0.05321387201547623, -0.13134975731372833, -0.08804594725370407], [0.0650327205657959, 0.1493993103504181, 0.056832827627658844], [-0.06447585672140121, 0.12001273781061172, 0.08390461653470993]], [[-0.10532399266958237, -0.1205451712012291, -0.1239139512181282], [0.031801898032426834, 0.047828059643507004, 0.11083964258432388], [0.0060967435128986835, 0.07351173460483551, 0.1356668323278427]], [[0.038077276200056076, 0.018715158104896545, 0.045744508504867554], [-0.032347872853279114, -0.001569496700540185, -0.13758938014507294], [0.01732209138572216, -0.16974115371704102, -0.15053945779800415]], [[-0.006039909552782774, 0.03594037517905235, 0.03220546245574951], [-0.004402753431349993, -0.028299910947680473, 0.08425258845090866], [-0.11676864326000214, -0.011819965206086636, 0.04433491826057434]], [[-0.0033360279630869627, 0.043747495859861374, 0.05491127446293831], [-0.07721151411533356, 0.06390345841646194, 0.008492774330079556], [0.01733766496181488, -0.09098067879676819, -0.1334889978170395]], [[0.015660729259252548, 0.07913650572299957, -0.05998875945806503], [-0.06606072187423706, 0.06172738969326019, -0.018288465216755867], [-0.030182989314198494, -0.10948800295591354, -0.13788405060768127]], [[-0.04589205980300903, -0.012858529575169086, 0.007098378147929907], [-0.09022826701402664, -0.0446658618748188, 0.061801157891750336], [-0.1858324557542801, -0.17551571130752563, -0.08552949875593185]], [[0.04145857319235802, 0.1376296877861023, 0.11681843549013138], [-0.09218130260705948, 0.09392145276069641, 0.024668730795383453], [-0.19273287057876587, -0.15627747774124146, 0.03518267348408699]], [[0.02851325087249279, 0.028393462300300598, 0.04252156615257263], [-0.06897958368062973, -0.061459511518478394, -0.08869005739688873], [-0.03253840282559395, 0.05065207555890083, -0.004262690432369709]], [[0.019853277131915092, -0.08883144706487656, -0.22891108691692352], [0.1583476960659027, 0.06774032115936279, -0.03613848611712456], [-0.0031498242169618607, -0.010694951750338078, 0.02088409662246704]], [[0.04198862984776497, 0.09707293659448624, -0.04842810705304146], [-0.05428779497742653, 0.1357385367155075, -0.01351245678961277], [-0.03808686509728432, -0.03967764228582382, -0.09876443445682526]], [[0.03517216444015503, -0.008189993910491467, 0.0718599483370781], [-0.03430933132767677, -0.053452663123607635, -0.006636996287852526], [0.13093170523643494, 0.06871306151151657, -0.07092338800430298]], [[-0.04353179410099983, -0.04640158638358116, 0.030885495245456696], [0.016771579161286354, -0.0463290736079216, -0.018957169726490974], [0.06925934553146362, 0.02596481889486313, 0.04255494475364685]], [[-0.008092040196061134, -0.06335119903087616, -0.1627495288848877], [0.02622065879404545, 0.01983007602393627, 0.0008154792012646794], [-0.019699836149811745, 0.06630418449640274, 0.07832939922809601]], [[0.03765811771154404, -0.07999275624752045, -0.18712393939495087], [0.048936471343040466, 0.05886118859052658, 0.06697978079319], [0.09539797902107239, 0.17903611063957214, 0.17413538694381714]]], "bias": -0.08897969871759415}