{"layer": "conv1", "index": 22, "weights": [[[-0.07077684253454208, 0.12193799018859863, -0.2808218002319336], [0.17441830039024353, 0.33186349272727966, -0.16406744718551636], [-0.14667892456054688, -0.10611303895711899, 0.18302102386951447]]], "bias": -0.01801300048828125}