{"layer": "conv2", "index": 62, "weights": [[[-0.18219399452209473, -0.14943768084049225, -0.008456077426671982], [-0.16640697419643402, -0.0891057476401329, -0.07093240320682526], [-0.1111464872956276, 0.02502848394215107, -0.023468755185604095]], [[-0.09191395342350006, 0.02943744696676731, 0.008153899572789669], [-0.025422897189855576, 0.0788218230009079, 0.00858287326991558], [0.006859765853732824, 0.011757956817746162, -0.1491239219903946]], [[-0.1383800059556961, 0.01558794267475605, -0.07629793137311935], [-0.043529361486434937, 0.022207356989383698, -0.050556134432554245], [0.017356334254145622, 0.08833915740251541, 0.015264229848980904]], [[-0.040044914931058884, -0.0980900451540947, -0.056303154677152634], [-0.08784133940935135, 0.07904480397701263, -0.040699463337659836], [-0.10186903178691864, 0.12511615455150604, -0.014240737073123455]], [[-0.0036230520345270634, -0.06876299530267715, -0.02867971546947956], [0.08744940161705017, -0.0682816132903099, 0.10625920444726944], [0.10624174028635025, -0.08142860978841782, 0.04820643737912178]], [[-0.04872222617268562, -0.16279387474060059, -0.06318710744380951], [-0.15603381395339966, -0.012221435084939003, 0.05592486634850502], [-0.05146310105919838, 0.051486749202013016, 0.07190275192260742]], [[-0.12778271734714508, 0.0701102465391159, 0.07640105485916138], [-0.02854587510228157, 0.10735058784484863, 0.026070738211274147], [-0.03804592415690422, 0.07578625530004501, -0.07265575230121613]], [[-0.010310578159987926, -0.0023452911991626024, 0.02848147042095661], [0.07606206089258194, -0.03176366537809372, 0.010815596207976341], [-0.00016799532750155777, -0.08453217148780823, -0.03366875275969505]], [[-0.179463729262352, -0.015716977417469025, 0.08644288778305054], [-0.11426622420549393, 0.12044432014226913, 0.11429683119058609], [-0.06696882843971252, -0.008326182141900063, -0.017527718096971512]], [[-0.1247851699590683, -0.020244073122739792, -0.004858927335590124], [0.0483681820333004, 0.019773518666625023, -0.046956054866313934], [-0.01454427931457758, 0.015508725307881832, -0.023320790380239487]], [[-0.17970561981201172, -0.20780399441719055, -0.34735214710235596], [-0.1381184160709381, -0.14990079402923584, -0.08346102386713028], [0.08541933447122574, -0.09321585297584534, -0.21766841411590576]], [[-0.07342437654733658, -0.014230824075639248, 0.035332873463630676], [0.02615789882838726, 0.06493422389030457, -0.013521646149456501], [0.07241185754537582, 0.0865316092967987, 0.030721958726644516]], [[-0.1293613314628601, -0.0496816486120224, 0.040608059614896774], [-0.07839256525039673, 0.07764054834842682, 0.030475085601210594], [-0.10867039114236832, -0.023230716586112976, -0.004921507090330124]], [[-0.07702299952507019, 0.0012481424491852522, 0.088104248046875], [-0.08152943849563599, 0.0703032985329628, 0.11972508579492569], [0.04005948826670647, 0.035071004182100296, -0.0528002604842186]], [[-0.09350050240755081, -0.0253472737967968, 0.055245060473680496], [-0.07117254287004471, 0.07471618801355362, 0.006269510369747877], [-0.019722210243344307, 0.11485283821821213, 0.04121992364525795]], [[-0.10796217620372772, -0.02379048615694046, 0.011839541606605053], [-0.09213192760944366, 0.03072275035083294, -0.011758496053516865], [-0.0811425969004631, -0.04394547641277313, -0.050620488822460175]], [[0.05611661449074745, -0.03536447510123253, 0.02349323220551014], [0.0652385801076889, 0.021525409072637558, -0.09787766635417938], [0.12586592137813568, 0.09272091090679169, -0.05446033179759979]], [[-0.1525268852710724, -0.2815241515636444, -0.07036298513412476], [-0.15968933701515198, -0.011360879987478256, -0.03490366041660309], [-0.07474953681230545, -0.1622907817363739, -0.21078673005104065]], [[-0.11655836552381516, -0.2872421145439148, -0.04597585275769234], [-0.12161575257778168, -0.10812626034021378, -0.0064163124188780785], [-0.10137332230806351, -0.015298938378691673, -0.0960380956530571]], [[0.022744007408618927, -0.03340260311961174, -0.1611863374710083], [0.02567898854613304, -0.06539462506771088, -0.008602093905210495], [0.029723288491368294, -0.004999611061066389, 0.0705832690000534]], [[-0.14376960694789886, -0.08162189275026321, -0.0643455982208252], [-0.10155520588159561, -0.0474269837141037, 0.017598353326320648], [-0.012118088081479073, -0.011870884336531162, 0.10044156014919281]], [[-0.12548597157001495, 0.04716537892818451, 0.0516962967813015], [0.019564472138881683, 0.060954149812459946, -0.03348413109779358], [-0.04271833598613739, -0.03377317264676094, -0.20077283680438995]], [[-0.08833426982164383, -0.08769523352384567, 0.02935190126299858], [-0.0024078423157334328, -0.0072102295234799385, -0.01357277948409319], [-0.08241511136293411, 0.0024821460247039795, -0.04107457771897316]], [[-0.0768369808793068, 0.03643374145030975, 0.05131842941045761], [0.0031741273123770952, 0.10515864938497543, 0.08018604665994644], [0.054168701171875, 0.05919112637639046, -0.030056864023208618]], [[0.0033376074861735106, 0.056965313851833344, 0.03767356649041176], [-0.018837368115782738, 0.03177525848150253, -0.08342539519071579], [-0.006482236087322235, 0.007096473127603531, -0.1252225786447525]], [[0.02829168550670147, 0.04873540997505188, 0.029220260679721832], [0.06512763351202011, 0.006917387712746859, -0.010711903683841228], [0.027329066768288612, -0.05944076180458069, 0.020516270771622658]], [[-0.03864898905158043, -0.030881071463227272, -0.01240252610296011], [0.017618751153349876, 0.014846622943878174, -0.0730762928724289], [0.12183928489685059, 0.014819080010056496, -0.09577260911464691]], [[0.026161108165979385, 0.017574744299054146, -0.04395673796534538], [-0.025917626917362213, 0.07026216387748718, -0.022833695635199547], [0.03927603363990784, -0.005035513546317816, -0.15148679912090302]], [[-0.00029110972536727786, -0.1471937596797943, -0.11168534308671951], [-0.05371585115790367, -0.07247211039066315, -0.05955900624394417], [-0.03454228863120079, -0.05214528739452362, -0.08846396207809448]], [[0.05454012006521225, 0.00480318907648325, 0.06014234572649002], [-0.0341200977563858, -0.039542991667985916, -0.013768689706921577], [0.07306761294603348, -0.02007085271179676, 0.006247242446988821]], [[-0.08749141544103622, -0.0398569293320179, -0.04738205298781395], [-0.0808514952659607, 0.012469904497265816, 0.04465632513165474], [0.031104499474167824, 0.025685012340545654, -0.07051292806863785]], [[-0.07438506186008453, -0.18949159979820251, -0.23958396911621094], [-0.04114585369825363, -0.16370277106761932, -0.0036741099320352077], [-0.052358049899339676, -0.22247819602489471, -0.08561217784881592]]], "bias": -0.029032886028289795}