{"layer": "conv2", "index": 59, "weights": [[[-0.007874895818531513, -0.042807139456272125, -0.027619289234280586], [-0.00944029912352562, -0.06812839210033417, 0.039771027863025665], [-0.012144123204052448, 0.08529217541217804, 0.03205917403101921]], [[-0.024025365710258484, -0.011849363334476948, -0.06438462436199188], [-0.15375910699367523, 0.03552741929888725, 0.029400918632745743], [-0.05142231285572052, 0.002627055160701275, 0.022548913955688477]], [[-0.010997099801898003, -0.05759396776556969, 0.04608697071671486], [-0.03236890956759453, 0.06528971344232559, 0.004236788954585791], [0.037151023745536804, 0.07917236536741257, 0.03881080448627472]], [[0.11570404469966888, -0.013751309365034103, -0.029750389978289604], [0.1105308011174202, -0.023205146193504333, 0.02505943365395069], [-0.09809675812721252, -0.021209716796875, 0.020619258284568787]], [[0.024231914430856705, -0.01375687588006258, -0.11230797320604324], [-0.06880820542573929, -0.01220747735351324, 0.03215347230434418], [-0.09887278825044632, 0.013498692773282528, -0.015254688449203968]], [[0.10023906081914902, -0.010263531468808651, -0.004378208890557289], [0.06401033699512482, -0.07486532628536224, -0.005539001896977425], [-0.05096665024757385, 0.0036574373953044415, -0.054571863263845444]], [[0.03782448172569275, -0.09086684882640839, -0.049708377569913864], [-0.0712009146809578, -0.08750078082084656, -0.010556881316006184], [-0.11839646100997925, -0.07080772519111633, -0.06985102593898773]], [[-0.07759858667850494, -0.025324055925011635, -0.03800196945667267], [-0.05365383252501488, -0.11010321229696274, -0.03386092931032181], [0.049274347722530365, -0.06393052637577057, 0.042898908257484436]], [[0.07534816116094589, -0.06405510008335114, -0.07801773399114609], [-0.05537232756614685, -0.012663483619689941, 0.06394189596176147], [-0.05749405547976494, -0.011017498560249805, -0.08216163516044617]], [[-0.030997389927506447, -0.07053174823522568, -0.08784514665603638], [-0.039174605160951614, -0.026201995089650154, 0.02180168591439724], [-0.012721732258796692, -0.018868455663323402, -0.028169935569167137]], [[-0.09020960330963135, -0.07020095735788345, 0.047506269067525864], [-0.007523601409047842, -0.06041456386446953, 0.04785856977105141], [0.12473875284194946, 0.10025128722190857, 0.07309932261705399]], [[-0.0025128202978521585, -0.05230800807476044, -0.05847415328025818], [0.017743298783898354, 0.02190764807164669, 0.027797942981123924], [0.023820694535970688, -0.04681698605418205, -0.05031402409076691]], [[0.05632932111620903, 0.03420582786202431, -0.004936831071972847], [-0.04341781139373779, 0.042538393288850784, -0.00015495350817218423], [-0.02120628021657467, -0.042042188346385956, -0.05857238173484802]], [[-0.0433100201189518, -0.04819831624627113, 0.034950658679008484], [-0.017932476475834846, -0.054784033447504044, -0.005675310268998146], [-0.024670427665114403, -0.017570022493600845, -0.07607661932706833]], [[-0.030198687687516212, -0.04341587796807289, 0.030176205560564995], [0.016469663009047508, -0.0169979240745306, -0.03610688075423241], [-0.06533554941415787, -0.061443477869033813, -0.08298693597316742]], [[-0.035243015736341476, 0.02097446657717228, 0.06190313771367073], [0.010436410084366798, 0.043997738510370255, -0.0016885069198906422], [0.003100344445556402, -0.01619582250714302, -0.1312195360660553]], [[-0.07288919389247894, -0.05577658861875534, 0.016995282843708992], [-0.045262958854436874, -0.0012444015592336655, -0.046344488859176636], [-0.06453396379947662, -0.0003639664500951767, -0.07064064592123032]], [[-0.0825028046965599, -0.06926269084215164, -0.04892667755484581], [0.045675408095121384, -0.0011405408149585128, 0.10464141517877579], [0.07036413252353668, 0.020856691524386406, 0.09184365719556808]], [[-0.07556037604808807, 0.008089511655271053, -0.12703919410705566], [-0.014421641826629639, -0.020799783989787102, 0.0465698167681694], [0.07018101215362549, 0.044592518359422684, 0.02055366337299347]], [[-0.013267159461975098, 0.08874519169330597, 0.027795517817139626], [0.02759285271167755, -0.014252763241529465, -0.11532966792583466], [-0.05941193550825119, -0.1198011040687561, -0.07130628824234009]], [[0.024996362626552582, 0.018624458461999893, -0.032247744500637054], [0.06415664404630661, 0.02726864442229271, -0.049683406949043274], [-0.04287383705377579, 0.01754855364561081, -0.008288233540952206]], [[-0.010119810700416565, -0.04051956906914711, 0.03917917236685753], [-0.001549912616610527, -0.006256419699639082, 0.028727896511554718], [0.009932635352015495, -0.019620906561613083, -0.09382643550634384]], [[0.03461628407239914, 0.042316682636737823, 0.016525663435459137], [0.04359685629606247, -0.0220537930727005, -0.006610862910747528], [-0.03358329460024834, -0.08525677025318146, -0.09763585031032562]], [[-0.0493701808154583, -0.07175175845623016, 0.02327587455511093], [-0.07178205996751785, 0.0041534174233675, 0.010085235349833965], [-0.019542649388313293, -0.0435718409717083, -0.06543902307748795]], [[-0.03734530135989189, -0.11445267498493195, 0.022161955013871193], [0.09993539750576019, 0.05686728283762932, -0.020648494362831116], [-0.05936814472079277, 0.004179967567324638, -0.012601864524185658]], [[-0.13360793888568878, -0.05299218371510506, -0.05198279768228531], [-0.09483031928539276, -0.07840719819068909, -0.06611201167106628], [0.024315660819411278, -0.054557058960199356, -0.01069450844079256]], [[0.014269234612584114, -0.10660750418901443, 0.051620543003082275], [-0.011454620398581028, -0.0137769915163517, 0.025384748354554176], [0.041142240166664124, -0.016714083030819893, 0.015070467256009579]], [[0.052388694137334824, -0.05458556115627289, 0.05061604827642441], [0.11565172672271729, 0.027410652488470078, 0.0432899184525013], [-0.04279640316963196, -0.024679794907569885, -0.02746584080159664]], [[-0.047620486468076706, -0.039759356528520584, -0.07810933142900467], [-0.01702122762799263, 0.06924418359994888, 0.011899899691343307], [-0.003549726912751794, -0.00693654827773571, 0.012933560647070408]], [[-0.08452249318361282, -0.12641765177249908, -0.08137168735265732], [-0.020117895677685738, -0.061524149030447006, -0.08265925198793411], [0.00216205813921988, 0.030126914381980896, -0.019771791994571686]], [[-0.014075243845582008, -0.030269253998994827, -0.009776119142770767], [0.04646986722946167, -0.05062289908528328, 0.03986750915646553], [0.03508010506629944, 0.04710124805569649, 0.020440425723791122]], [[-0.048861730843782425, -0.054704513400793076, -0.10152006149291992], [0.06350655853748322, 0.08830282837152481, 0.049319539219141006], [0.023470649495720863, 0.09045767784118652, 0.09156566113233566]]], "bias": -0.048211824148893356}