{"layer": "conv1", "index": 31, "weights": [[[0.13170942664146423, 0.15751680731773376, 0.44966453313827515], [-0.03778672590851784, -0.08809017390012741, 0.28176894783973694], [-0.2180013805627823, -0.5350310206413269, -0.44010740518569946]]], "bias": 0.06071702763438225}