{"layer": "conv2", "index": 56, "weights": [[[0.0022425136994570494, 0.08852333575487137, 0.06407202780246735], [0.12285654246807098, 0.11417710036039352, 0.09669414907693863], [-0.04083558917045593, 0.024415643885731697, 0.004524476360529661]], [[0.017107391729950905, -0.005188080947846174, 0.05488450825214386], [0.02454523928463459, 0.003752907970920205, -0.13899017870426178], [-0.001928983605466783, -0.007801862433552742, 0.012559110298752785]], [[-0.005414329934865236, 0.016491374000906944, -0.04817686602473259], [0.006017950363457203, 0.12993118166923523, 0.09782663732767105], [-0.024030668660998344, -0.04632723703980446, -0.00028909623506478965]], [[0.07000327855348587, -0.004968182649463415, -0.0008867194410413504], [0.017325101420283318, -0.014745714142918587, 0.08301836997270584], [-0.0020973205100744963, -0.10717029124498367, 0.021222883835434914]], [[0.0070193796418607235, -0.1529434770345688, -0.16400805115699768], [0.015351793728768826, -0.03024728037416935, -0.025780420750379562], [-0.05119077116250992, -0.08951039612293243, -0.005983347073197365]], [[-0.011038893833756447, -0.0583750419318676, -0.055769648402929306], [0.02886161208152771, 0.019289251416921616, -0.049842339009046555], [0.09488293528556824, -0.07221750915050507, -0.01769333891570568]], [[0.047970935702323914, -0.03289419040083885, -0.02994650974869728], [-0.07486563920974731, -0.09305020421743393, -0.15404659509658813], [-0.06095975264906883, -0.025156527757644653, 0.03241658955812454]], [[-0.08129117637872696, -0.1818714439868927, -0.11030007153749466], [-0.10770498216152191, -0.1631879359483719, -0.1664613038301468], [-0.17644670605659485, -0.033698439598083496, -0.10910651087760925]], [[-0.02211725525557995, -0.0019020121544599533, -0.06572271883487701], [0.026887888088822365, 0.016103174537420273, -0.08956838399171829], [0.012807141058146954, 0.070835180580616, -0.004466930869966745]], [[-0.0458986759185791, -0.02586410380899906, 0.05813376232981682], [0.009243359789252281, 0.060832276940345764, -0.04766371101140976], [0.0050049033015966415, -0.03620360791683197, 0.0469064824283123]], [[-0.06022898107767105, -0.0554468110203743, -0.08325151354074478], [0.04483098164200783, 0.2502134144306183, 0.15192510187625885], [0.0070572360418736935, 0.08527587354183197, 0.03861934691667557]], [[0.0430598184466362, -0.013492513447999954, -0.09054844826459885], [0.03742673993110657, -0.0193575918674469, 0.03035137616097927], [-0.05319354310631752, 0.039336249232292175, -0.05776369199156761]], [[0.11901883035898209, -0.008234218694269657, -0.03811829537153244], [0.06401530653238297, 0.006645067594945431, -0.038561832159757614], [-0.017186274752020836, -0.039430923759937286, -0.00468882080167532]], [[0.029088739305734634, -0.09048923850059509, -0.13101600110530853], [0.0018535294802859426, -0.1277410238981247, -0.05704851076006889], [-0.09219765663146973, -0.0212717242538929, 0.07193165272474289]], [[0.03869185596704483, -0.053601693361997604, -0.085218146443367], [-0.00824691727757454, -0.024206584319472313, 0.01879986561834812], [-0.032241467386484146, 0.010921947658061981, 0.052517399191856384]], [[-0.03826332092285156, 0.07546795159578323, 0.09961698204278946], [-0.025804467499256134, 0.0743381679058075, -0.0028607447165995836], [0.10524201393127441, -0.024042755365371704, 0.005500268656760454]], [[-0.138722226023674, -0.1927209198474884, -0.19361893832683563], [-0.13462959229946136, -0.0810045525431633, -0.1410568207502365], [-0.08404948562383652, -0.12766864895820618, -0.10296253859996796]], [[0.12143396586179733, 0.038982272148132324, 0.10914096236228943], [0.1462334543466568, 0.04397233948111534, -0.028786957263946533], [0.015330321155488491, -0.022037165239453316, 0.0064259483478963375]], [[0.020550448447465897, -0.05721277371048927, -0.03623642399907112], [0.12401960045099258, 0.21696209907531738, 0.13779886066913605], [-0.0011358369374647737, 0.04899531230330467, -0.013599867932498455]], [[-0.04553733021020889, -0.049568261951208115, -0.02526785060763359], [-0.00032382862991653383, -0.18415822088718414, -0.040377553552389145], [0.1703830510377884, -0.07683601975440979, -0.07300339639186859]], [[0.06793846189975739, -0.012068092823028564, -0.07335348427295685], [0.12644918262958527, -0.031411729753017426, 0.05853739753365517], [-0.029135342687368393, 0.003573730355128646, -0.004222332499921322]], [[-0.07259880006313324, 0.04250689968466759, 0.11948172748088837], [0.108154296875, 0.016972918063402176, 0.0031411133240908384], [0.14675699174404144, 0.10120806097984314, 0.05556381493806839]], [[-0.01379081979393959, -0.00025068558170460165, -0.029938891530036926], [-0.015959128737449646, 0.0069865453988313675, 0.016119763255119324], [0.057311102747917175, -0.037192970514297485, 0.04595755785703659]], [[0.010546596720814705, -0.11739550530910492, -0.13004563748836517], [-0.00980039220303297, -0.04158488288521767, -0.11562830954790115], [-0.00895901583135128, -0.01620827428996563, 0.08453002572059631]], [[0.047430071979761124, 0.05204794183373451, -0.013924404978752136], [0.03144696354866028, 0.044755931943655014, 0.10007201135158539], [0.12054095417261124, -0.06523845344781876, 0.11223484575748444]], [[-0.0836038738489151, -0.13385067880153656, -0.08018575608730316], [-0.17035359144210815, -0.19173124432563782, -0.06573093682527542], [-0.16396555304527283, -0.07553720474243164, -0.16427232325077057]], [[-0.13642960786819458, -0.23668625950813293, -0.0821022167801857], [-0.13167692720890045, -0.0010541487718001008, 0.042173877358436584], [-0.09334488213062286, 0.035843148827552795, 0.05686738342046738]], [[0.07003094255924225, 0.030314214527606964, -0.0070877475664019585], [-0.07131945341825485, 0.06341136991977692, 0.05154972895979881], [0.0699586570262909, 0.02698896825313568, -0.03193889558315277]], [[0.01913479156792164, 0.041766516864299774, 0.06661426275968552], [0.048032645136117935, 0.08520802855491638, 0.1388922780752182], [0.0642632395029068, -0.028111647814512253, 0.02460215985774994]], [[-0.15209375321865082, -0.04670660197734833, -0.10379838198423386], [-0.043430279940366745, -0.13576729595661163, -0.06051153689622879], [-0.06322042644023895, -0.03335275128483772, -0.07882653921842575]], [[0.0259995199739933, -0.02718387357890606, -0.09308566153049469], [-0.059569839388132095, 0.07454001158475876, 0.0014923906419426203], [-0.02485901117324829, 0.009003590792417526, -0.03240453824400902]], [[0.09677080810070038, 0.06955550611019135, -0.025355078279972076], [0.1591825932264328, 0.19696491956710815, 0.05635600909590721], [-0.08762481808662415, -0.053643565624952316, -0.025697605684399605]]], "bias": -0.09234552085399628}