{"layer": "fc2", "index": 9, "weights": [-0.08125889301300049, 0.0299258753657341, 0.02727597951889038, 0.07539057731628418, 0.025012098252773285, 0.0011117385001853108, -0.06894422322511673, 0.12346132844686508, -0.1458280384540558, -0.009538301266729832, 0.09912998974323273, 0.07997912168502808, -0.07936178892850876, -0.0615805983543396, -0.0030463896691799164, -0.02527989260852337, 0.060086868703365326, 0.0452214777469635, 0.12729297578334808, 0.023604074493050575, -0.010823498480021954, -0.017336342483758926, 0.016547352075576782, 0.04137016460299492, -0.015410467982292175, 0.09307070076465607, 0.08363799005746841, -0.12516391277313232, -0.023909632116556168, -0.0161020215600729, -0.08503907173871994, -0.16229459643363953, 0.06223805993795395, 0.062003158032894135, -0.09059837460517883, -0.051075417548418045, 0.01021946407854557, -0.012091717682778835, -0.03188948705792427, -0.017589231953024864, 0.06477302312850952, -0.08710022270679474, 0.07473279535770416, 0.06773963570594788, 0.0284267570823431, -0.13697917759418488, -0.0235691349953413, -0.16695724427700043, 0.06931369751691818, 0.05147964879870415, -0.1005779430270195, -0.06563370674848557, -0.05263349041342735, 0.02869815193116665, 0.061586569994688034, -0.044221002608537674, 0.12002617865800858, -0.11519063264131546, -0.08847227692604065, 0.011099524796009064, -0.05092332884669304, -0.03423415496945381, 0.11252246052026749, 0.0248720645904541, -0.011811966076493263, -0.08938185125589371, -0.13815389573574066, -0.1203424483537674, 0.0154669638723135, -0.006959555670619011, 0.057862814515829086, 0.06022930145263672, -0.018943680450320244, 0.04199855402112007, -0.045682553201913834, 0.00768435001373291, -0.04051543399691582, -0.011569994501769543, -0.04006277769804001, 0.0832945853471756, 0.05460180714726448, 0.055621735751628876, -0.016762306913733482, 0.05623549968004227, -0.1162136122584343, -0.1596710979938507, -0.11859544366598129, 0.16054746508598328, 0.003688114695250988, 0.07392536103725433, 0.06226077303290367, -0.0021154473070055246, 0.08250858634710312, -0.037286464124917984, 0.021361833438277245, 0.064285509288311, 0.07685252279043198, -0.10414840281009674, -0.0010549075668677688, -0.08511681854724884, -0.05746724456548691, 0.016067421063780785, -0.11599601805210114, 0.0486016571521759, 0.07165304571390152, -0.013253039680421352, -0.03458022698760033, -0.02911904640495777, -0.10004517436027527, -0.06801369041204453, 0.007412405218929052, 0.06386784464120865, 0.017658516764640808, 0.03590370714664459, -0.21629716455936432, 0.058338139206171036, -0.07895835489034653, 0.009517911821603775, -0.013969061896204948, 0.08882249146699905, 0.08529021590948105, 0.07912962883710861, 0.10849034786224365, -0.08973091095685959, 0.06077189743518829, -0.07217027246952057, -0.11355151981115341, -0.08135908097028732], "bias": 0.005391368176788092}