{"layer": "fc2", "index": 1, "weights": [-0.09020791947841644, 0.11997117847204208, -0.04856749624013901, -0.030140750110149384, 0.06228256970643997, 0.09878304600715637, -0.052159633487463, -0.02942250669002533, 0.04424844682216644, -0.1045214831829071, -0.1209237352013588, 0.005121393594890833, -0.04403296485543251, 0.09867065399885178, 0.015291224233806133, 0.11092942953109741, 0.03652362897992134, 0.02572534792125225, 0.045161712914705276, -0.018342023715376854, -0.12136472761631012, 0.018952559679746628, 0.03443513810634613, -0.05256277695298195, -0.034596461802721024, -0.1809644252061844, -0.11149092763662338, -0.03600247949361801, -0.10001109540462494, 0.026302870362997055, -0.040995556861162186, 0.016351724043488503, -0.06948643922805786, -0.09710933268070221, -0.05522351339459419, -0.09290239959955215, -0.16079819202423096, -0.014476093463599682, -0.05982036516070366, 0.02729467861354351, -0.04002983123064041, -0.006673230789601803, 0.02484949678182602, 0.018018607050180435, -0.09322340786457062, 0.11617683619260788, 0.08120165020227432, 0.04602225869894028, 0.058414291590452194, -0.14924761652946472, 0.06736816465854645, 0.008466148748993874, 0.027537886053323746, -0.25784268975257874, -0.09052474796772003, -0.06781744956970215, 0.0518454946577549, -0.11921277642250061, -0.06370791047811508, -0.03861789405345917, -0.04479103535413742, 0.01308320090174675, 0.05591477081179619, -0.028028614819049835, 0.01738099940121174, -0.008144374005496502, -0.13117647171020508, 0.15609242022037506, 0.05876488238573074, 0.07451320439577103, -0.1979178786277771, -0.04029732197523117, 0.008916378021240234, -0.019627835601568222, -0.06709021329879761, -0.0200471393764019, -0.08136526495218277, -0.04212469607591629, -0.06896750628948212, 0.06294869631528854, 0.07655595988035202, 0.03943430632352829, -0.002253751503303647, -0.00778973288834095, -0.08930541574954987, 0.08563423901796341, 0.049352195113897324, 0.12473404407501221, 0.013475202023983002, 0.06110506132245064, -0.015182793140411377, -0.01561406534165144, -0.1689896136522293, -0.05920705199241638, 0.020736712962388992, 0.03474244475364685, 0.011247231625020504, -0.09672802686691284, -0.05322655662894249, 0.0816919133067131, 0.031504712998867035, 0.026018766686320305, -0.03593820706009865, -0.004374610260128975, -0.08219066262245178, -0.040658146142959595, -0.03847484663128853, 0.04659778252243996, 0.0214366614818573, -0.008537506684660912, -0.18811124563217163, 0.003474616911262274, -0.03709179908037186, 0.029619788751006126, 0.11866461485624313, -0.11928439140319824, -0.05463900789618492, -0.037813205271959305, 0.08957428485155106, 0.07380416989326477, 0.07016301900148392, -0.004849432036280632, 0.05909057334065437, -0.01940753497183323, 0.06356729567050934, 0.03958456590771675, 0.18124620616436005, 0.06136632338166237], "bias": 0.046122580766677856}