{"layer": "fc2", "index": 2, "weights": [-0.02317999303340912, 0.003464612876996398, -0.10038461536169052, 0.04851343855261803, 0.061837904155254364, -0.08485636860132217, -0.03833118453621864, 0.05830885097384453, -0.024075990542769432, 0.0727296993136406, -0.021297261118888855, 0.050088707357645035, 0.07222802191972733, -0.00984287541359663, -0.03019503876566887, 0.09666650742292404, 0.07694891095161438, -0.020095497369766235, -0.11921330541372299, 0.06458486616611481, -0.009180484339594841, 0.019949959591031075, 0.06760679930448532, -0.03152161464095116, 0.0009586600353941321, 0.030967170372605324, 0.08701756596565247, -0.09191123396158218, 0.07622011750936508, -0.07520506531000137, -0.07160072773694992, 0.09098169952630997, -0.15512023866176605, 0.023957742378115654, -0.266295462846756, -0.006542276591062546, 0.011885602958500385, 0.016491618007421494, -0.047531113028526306, -0.044283267110586166, 0.05350103601813316, -0.08776059746742249, 0.025429388508200645, 0.06629130989313126, 0.10352138429880142, -0.032411281019449234, 0.01047794334590435, 0.058170828968286514, 0.021545151248574257, -0.06399586796760559, 0.1862705647945404, -0.07349330186843872, 0.05564095824956894, -0.015238030813634396, 0.07078764587640762, -0.05666813626885414, -0.12461674958467484, 0.11793512105941772, -0.05927912890911102, 0.041111499071121216, -0.0033898756373673677, -0.008525647222995758, -0.09133149683475494, -0.16999976336956024, 0.04509776458144188, 0.08654239773750305, -0.01673523522913456, -0.10444100201129913, -0.18079248070716858, 0.0005546659231185913, 0.0016172250034287572, -0.12128765136003494, -0.009159165434539318, 0.04591263830661774, -0.05910055711865425, 0.08494135737419128, 0.004442381672561169, 0.025693591684103012, 0.019823191687464714, 0.06108761951327324, -0.02794136106967926, 0.08056803047657013, -0.05933523550629616, 0.11358905583620071, 0.11125176399946213, 0.017626039683818817, 0.06100865826010704, 0.016816016286611557, -0.1256689876317978, -0.08444645255804062, -0.054579202085733414, -0.0716017335653305, 0.07559777796268463, -0.06496480107307434, 0.10852905362844467, -0.058032769709825516, 0.05922829359769821, 0.16194969415664673, 0.046799805015325546, 0.02376619540154934, -0.013193479739129543, 0.04338566213846207, 0.04207880049943924, -0.18797415494918823, -0.05507045239210129, -0.10841221362352371, 0.052470069378614426, -0.024767925962805748, 0.08328971266746521, -0.03536657989025116, -0.09924837946891785, -0.07711081206798553, 0.06583473086357117, 0.05027341470122337, -0.2190048098564148, -0.01656755618751049, -0.016558485105633736, 0.046344272792339325, 0.094846710562706, -0.10709179192781448, 0.052004337310791016, -0.018429679796099663, -0.08357220143079758, 0.049280714243650436, 0.024596286937594414, 0.13415196537971497, -0.07867079973220825, -0.01831606775522232], "bias": 0.08349492400884628}