{"layer": "fc2", "index": 8, "weights": [-0.0070596071891486645, -0.06813941150903702, 0.005313956178724766, 0.06708274781703949, 0.03615522384643555, -0.07963108271360397, 0.04522077739238739, 0.00012891757069155574, 0.09349220246076584, 0.0019321723375469446, -0.09241966903209686, -0.09494167566299438, 0.08057957142591476, -0.1293303519487381, -0.10613083094358444, 0.07566488534212112, 0.037487275898456573, 0.038936398923397064, -0.03579629212617874, 0.08127658814191818, 0.0675482526421547, -0.0041137333028018475, -0.0028039554599672556, -0.07266607880592346, -0.08959773182868958, 0.02566385827958584, 0.009877355769276619, -0.11398012936115265, 0.05095839500427246, 0.08126889914274216, 0.060373470187187195, -0.16450980305671692, 0.06186554580926895, 0.0802115797996521, -0.028493190184235573, -0.01457859855145216, 0.03786950930953026, 0.05362750589847565, -0.07141145318746567, 0.03786960989236832, 0.049627307802438736, -0.12480302155017853, 0.056862518191337585, 0.011328168213367462, 0.07164417952299118, -0.06335556507110596, 0.019908536225557327, 0.06587786227464676, 0.08402291685342789, 0.10259700566530228, -0.11673160642385483, -0.02183886058628559, 0.10769562423229218, -0.07679545134305954, -0.0360538549721241, 0.05121655389666557, -0.1195504441857338, -0.15645180642604828, -0.0805685967206955, 0.03828246518969536, 0.05041981115937233, -0.012332859449088573, -0.11764135956764221, 0.09518759697675705, -0.08155132085084915, -0.08454611897468567, 0.0851854681968689, -0.12290123850107193, 0.1111210361123085, 0.004961056634783745, 0.0636637732386589, 0.0015961419558152556, 0.036496635526418686, -0.0055999793112277985, 0.025323325768113136, 0.03194371238350868, 0.053594522178173065, 0.03891877457499504, 0.06837207823991776, 0.03441935032606125, 0.06279207766056061, -0.0056848987005651, 0.0686187893152237, -0.16481509804725647, 0.06628862768411636, -0.13051828742027283, 0.05150113254785538, -0.10514277219772339, 0.0663585513830185, -0.031044742092490196, 0.0509059838950634, 0.020734362304210663, -0.01562141440808773, -0.014986986294388771, -0.13706868886947632, -0.00899997167289257, -0.12465053051710129, -0.09979888051748276, 0.05253119021654129, 0.05401650443673134, -0.043093226850032806, 0.07272202521562576, 0.11379816383123398, -0.039235252887010574, -0.15200473368167877, 0.1174502745270729, -0.03339141979813576, -0.06533732265233994, 0.06586283445358276, -0.012246755883097649, 0.0498606376349926, 0.08045170456171036, -0.019059257581830025, -0.13832014799118042, -0.07848425954580307, 0.04286593943834305, -0.08843580633401871, -0.062332890927791595, -0.1646626591682434, -0.09694220125675201, 0.10510478168725967, -0.004252717364579439, 0.0623662993311882, -0.027238715440034866, 0.048554420471191406, 0.024807296693325043, -0.10533611476421356, 0.03885994106531143], "bias": -0.06730341166257858}