{"layer": "fc2", "index": 3, "weights": [-0.07910050451755524, 0.0023196239490062, 0.06449203938245773, -0.07958043366670609, 0.06269973516464233, 0.05703908950090408, 0.046633098274469376, 0.024738270789384842, -0.10239889472723007, 0.061925433576107025, 0.03697054088115692, -0.1370740383863449, -0.00184221554081887, 0.06394700706005096, 0.0023032629396766424, -0.02645445615053177, -0.0635802149772644, -0.033342693001031876, 0.05584569275379181, -0.024682991206645966, -0.06377939134836197, 0.08714559674263, 0.01903872936964035, -0.06911318004131317, 0.011137900874018669, 0.05423431098461151, -0.0839960053563118, 0.11765653640031815, 0.044173408299684525, 0.024073300883173943, -0.018029458820819855, 0.11418619006872177, -0.0022363788448274136, 0.12043368816375732, -0.0018306822748854756, 0.011509492062032223, -0.03848845511674881, 0.02244112454354763, 0.07930853217840195, -0.0011918549425899982, -0.07917173951864243, 0.09161048382520676, 0.0348152332007885, -0.06523993611335754, -0.08780702948570251, 0.09022211283445358, 0.1247907355427742, 0.08449972420930862, -0.13904663920402527, 0.09159700572490692, 0.009554102085530758, -0.02757236920297146, -0.07773469388484955, 0.05967482551932335, 0.019391926005482674, 0.03602752834558487, -0.1084827408194542, -0.0706825777888298, 0.06679171323776245, -0.03998792544007301, 0.0849849134683609, 0.0589141808450222, 0.1104162260890007, 0.027927009388804436, -0.03126481547951698, 0.024614978581666946, 0.0477626658976078, -0.21205884218215942, -0.03507168963551521, -0.17763112485408783, 0.017761623486876488, 0.12240064889192581, -0.03016197681427002, 0.0006871113437227905, -0.06202726811170578, 0.08759757876396179, -0.00012599583715200424, -0.04792880266904831, 0.041843708604574203, 0.029633693397045135, 0.05108540132641792, 0.06187066063284874, -0.06449758261442184, -0.191897451877594, 0.03821609914302826, -0.048559870570898056, -0.07658179849386215, 0.055226538330316544, 0.09475744515657425, -0.04922392591834068, -0.0673629641532898, 0.019286323338747025, -0.01968671940267086, 0.026004919782280922, -0.179697185754776, -0.10545707494020462, -0.09050580114126205, -0.010456731542944908, -0.07078433036804199, -0.02095702290534973, 0.03549335524439812, -0.005403534509241581, 0.04946942999958992, -0.14427882432937622, -0.18969857692718506, -0.12650278210639954, -0.025589540600776672, 0.08137030899524689, 0.015760628506541252, -0.07911457121372223, 0.06162846088409424, -0.05645712465047836, -0.07255912572145462, 0.04359504580497742, -0.16262449324131012, 0.006386675406247377, -0.024762965738773346, 0.04427262395620346, -0.23330113291740417, -0.025537850335240364, -0.10072255879640579, -0.02053721994161606, 0.05660983547568321, 0.0030085814651101828, -0.0876462310552597, -0.07286453247070312, 0.02803317829966545, 0.055620916187763214], "bias": 0.033517975360155106}