{"layer": "fc2", "index": 4, "weights": [0.07440710812807083, 0.09993303567171097, 0.08933206647634506, 0.056489791721105576, 0.036256734281778336, 0.08445195108652115, 0.03855469450354576, -0.0486820787191391, -0.06310711801052094, -0.12709157168865204, 0.018297070637345314, 0.02744157798588276, -0.021297212690114975, -0.12089280784130096, 0.10515390336513519, -0.010723719373345375, 0.02452019415795803, -0.001737916492857039, -0.11735694110393524, -0.009490699507296085, 0.12052052468061447, -0.1689348667860031, 0.04251103103160858, 0.07520587742328644, 0.0498669259250164, -0.06322706490755081, 0.13221901655197144, 0.13875854015350342, -0.168558731675148, 0.023330850526690483, 0.07379178702831268, 0.0314735472202301, -0.12945438921451569, -0.03068912774324417, -0.15544280409812927, 0.04432563856244087, 0.039487242698669434, 0.0019075385062023997, -0.01860407553613186, 0.04244663566350937, -0.005232071503996849, 0.015223942697048187, -0.0841863602399826, 0.010799821466207504, -0.05230533331632614, -0.09779541939496994, -0.15199996531009674, -0.02755412459373474, 0.12002486735582352, -0.026205334812402725, -0.2712387144565582, 0.047006186097860336, -0.12114960700273514, 0.053749337792396545, 0.038358524441719055, 0.03742479905486107, -0.028546305373311043, -0.03155241906642914, -0.03551789000630379, 0.0052577657625079155, -0.006687052082270384, -0.039098259061574936, -0.13554391264915466, -0.12939879298210144, -0.019752679392695427, 0.023586412891745567, 0.0660717785358429, -0.10570043325424194, -0.034466322511434555, 0.07447788864374161, 0.07524983584880829, -0.1888585239648819, -0.013842224143445492, -0.058634500950574875, -0.0658455416560173, -0.11232462525367737, -0.06254769116640091, -0.05182686075568199, -0.06172623112797737, -0.020900949835777283, 0.03597467020153999, -0.027732329443097115, -0.046146903187036514, 0.06029536947607994, -0.3068859577178955, 0.05406496673822403, -0.006549854297190905, -0.09368718415498734, -0.16818536818027496, 0.029542747884988785, 0.013191386125981808, -0.02471516840159893, 0.032347772270441055, -0.009969707578420639, -0.005136612802743912, 0.04784664884209633, 0.014817275106906891, -0.12871354818344116, -0.14026080071926117, 0.14321710169315338, -0.054137859493494034, 0.041190680116415024, -0.06628453731536865, 0.014315132051706314, -0.03762896731495857, -0.0278317853808403, -0.016806472092866898, -0.18042002618312836, 0.0217449814081192, -0.07818867266178131, -0.022511839866638184, -0.05828800052404404, -0.013434449210762978, 0.03676129877567291, -0.11180607229471207, 0.12150220572948456, 0.020316749811172485, 0.056383345276117325, 0.09894347935914993, 0.04071596637368202, 0.07613497972488403, 0.034240540117025375, 0.11539657413959503, -0.09525281935930252, -0.04299205541610718, -0.17556899785995483, -0.19799287617206573, 0.08189219981431961], "bias": -0.0099700428545475}