{"layer": "fc2", "index": 0, "weights": [0.02193126268684864, 0.08314205706119537, -0.07345809787511826, -0.08135052025318146, -0.06503672152757645, -0.12964314222335815, -0.054397158324718475, -0.012943143956363201, 0.007844384759664536, -0.09205099940299988, 0.08030027896165848, -0.039233360439538956, 0.05432127043604851, -0.01521576102823019, -0.0838630273938179, 0.003639869624748826, -0.07333286851644516, 0.020073415711522102, 0.0922292172908783, -0.07124700397253036, -0.10500659793615341, 0.0793648362159729, -0.006646496243774891, 0.0023263858165591955, -0.055885933339595795, -0.024500636383891106, 0.05817986652255058, 0.06542693078517914, 0.03418843075633049, -0.0793878585100174, 0.09654773771762848, 0.06173252686858177, 0.09902220219373703, -0.12049592286348343, 0.046671949326992035, -0.08323433995246887, 0.053559187799692154, -0.009746530093252659, -0.06639520823955536, -0.05248413234949112, -0.056954722851514816, -0.17903652787208557, -0.00239385268650949, 0.05265939608216286, 0.0297295730561018, 0.036622270941734314, -0.05723313242197037, 0.06184695288538933, -0.10506274551153183, -0.10526304692029953, 0.09506542980670929, -0.04003480076789856, -0.09197511523962021, 0.03158123791217804, -0.018248602747917175, 0.060429416596889496, -0.09072458744049072, -0.012461801059544086, 0.06594747304916382, 0.01723506860435009, -0.10806281864643097, 0.07527745515108109, -0.05737747251987457, 0.09135659039020538, 0.053648293018341064, -0.1661473512649536, 0.035300545394420624, 0.0019919711630791426, -0.07714840024709702, 0.05150372162461281, -0.12787073850631714, 0.08185788244009018, -0.052664946764707565, -0.006068487651646137, -0.0763484537601471, 0.013781698420643806, 0.09949653595685959, 0.0042933267541229725, 0.06448634713888168, -0.08124306052923203, -0.06576593220233917, 0.008757663890719414, 0.0595303475856781, 0.11333971470594406, -0.24065184593200684, -0.021204017102718353, 0.04987180978059769, -0.19115999341011047, 0.03711451217532158, -0.08813072741031647, -0.1352401077747345, -0.06639596074819565, 0.032108232378959656, 0.03648410364985466, -0.017098240554332733, -0.060681071132421494, -0.09933821111917496, -0.03814132884144783, 0.07511190325021744, -0.07939202338457108, -0.06179140880703926, -0.023398851975798607, 0.038534775376319885, -0.056321147829294205, 0.07638317346572876, 0.10954887419939041, -0.05811002478003502, 0.025628117844462395, -0.07480116188526154, 0.04994044080376625, 0.05908554792404175, -0.018507907167077065, 0.06423160433769226, 0.053662024438381195, -0.01322451326996088, 0.015704870223999023, -0.006277449429035187, 0.0640951618552208, 0.0323370061814785, 0.05300924926996231, -0.12732696533203125, -0.06934108585119247, -0.009435372427105904, -0.044695790857076645, -0.02737758681178093, 0.08241885900497437, 0.07070029526948929, 0.02230539731681347], "bias": -0.05764302983880043}