{"layer": "fc2", "index": 7, "weights": [-0.0465533547103405, -0.1940753161907196, 0.10963352024555206, 0.004376953933387995, -0.08173346519470215, -0.016849195584654808, -0.08481136709451675, -0.05115225911140442, -0.03642186522483826, 0.0016670678742229939, -0.04161887988448143, -0.09937833994626999, 0.07064477354288101, 0.10217339545488358, -0.06361423432826996, -0.07586150616407394, -0.0015734584303572774, 0.07128087431192398, -0.04901245981454849, -0.05881340056657791, -0.11172997951507568, -0.187300905585289, 0.0318862646818161, 0.04413007199764252, 0.06219504028558731, 0.005367748439311981, 0.045296989381313324, 0.0620681531727314, 0.06731346994638443, 0.02202744409441948, -0.19060954451560974, 0.07347505539655685, -0.14314183592796326, 0.022199301049113274, 0.10047437995672226, 0.05017559975385666, -0.061789799481630325, 0.046860210597515106, -0.021564895287156105, 0.022613834589719772, -0.04271868243813515, 0.08642759919166565, 0.05908278003334999, 0.026892302557826042, 0.020313337445259094, 0.02488764561712742, -0.1451939344406128, 0.008007439784705639, -0.006764283403754234, -0.06472840905189514, -0.0946635976433754, 0.02798496000468731, -0.020474528893828392, -0.2278221696615219, 0.07179007679224014, 0.055706657469272614, -0.14555417001247406, -0.18619102239608765, -0.022900203242897987, 0.04430663213133812, -0.06925748288631439, -0.06552078574895859, -0.027389708906412125, 0.012603407725691795, -0.023732811212539673, -0.02775351144373417, 0.046158093959093094, -0.024912359192967415, -0.12341054528951645, 0.1346576064825058, -0.1364094316959381, 0.04423844441771507, 0.045810502022504807, -0.046729907393455505, -0.018444685265421867, 0.020554430782794952, -0.15961574018001556, 0.07629214227199554, 0.08033723384141922, 0.1049385815858841, -0.0010568042052909732, 0.0016483069630339742, 0.09299268573522568, -0.10932496190071106, -0.0019375714473426342, 0.0024734337348490953, -0.05903126299381256, -0.05805456265807152, 0.0008227251237258315, -0.09105785191059113, 0.07899703085422516, 0.05621523782610893, -0.0631505623459816, -0.038492392748594284, -0.17612537741661072, -0.14707812666893005, 0.08412816375494003, -0.11839297413825989, -0.09649879485368729, -0.1172197237610817, 0.01064974069595337, 0.025586485862731934, -0.13650457561016083, 0.08647280186414719, 0.059337034821510315, -0.17036211490631104, -0.08667952567338943, 0.04608149081468582, 0.09431575238704681, 0.05481027066707611, 0.10615465044975281, -0.014435441233217716, 0.06230973079800606, 0.039997611194849014, -0.13863427937030792, 0.06591301411390305, 0.04362814128398895, -0.006909636780619621, 0.10911871492862701, 0.09162281453609467, -0.11612298339605331, 0.13466785848140717, 0.025756780058145523, 0.07370079308748245, -0.06983456015586853, -0.058229558169841766, 0.1339510679244995, 0.07730459421873093], "bias": 0.08904533088207245}