{"layer": "fc2", "index": 5, "weights": [0.07288061827421188, -0.14603132009506226, 0.01599530503153801, 0.0665006935596466, 0.03085918165743351, 0.09971439838409424, -0.07125727087259293, 0.021940654143691063, 0.0035316410940140486, 0.030581343919038773, -0.02090107649564743, -0.10061801224946976, -0.08592785894870758, -0.03179425001144409, -0.16111882030963898, -0.057966019958257675, 0.037683505564928055, -0.03868204355239868, -0.04696343466639519, -0.03589226305484772, 0.1094302386045456, 0.08721914887428284, -0.00862619373947382, 0.027042454108595848, -0.040821753442287445, -0.11641828715801239, -0.06298872828483582, 0.05648084729909897, 0.049141135066747665, 0.0052181994542479515, -0.08248721808195114, -0.17920179665088654, -0.026210537180304527, -0.13959327340126038, 0.04393918812274933, -0.029474403709173203, 0.08443249762058258, 0.013091670349240303, -0.0670042335987091, 0.019006982445716858, 0.03955711051821709, 0.1304701268672943, -0.024608787149190903, -0.08948438614606857, 0.034184712916612625, 0.0531458705663681, 0.06183120235800743, -0.03554166108369827, -5.5219261412275955e-05, -0.015083901584148407, -0.15213847160339355, 0.0607682541012764, -0.11900927126407623, 0.029580777511000633, 0.08271529525518417, 0.00747155724093318, 0.14703181385993958, -0.07060462981462479, -0.05986538156867027, -0.07681961357593536, 0.00800332147628069, 0.02125335857272148, 0.12025850266218185, 0.08257599174976349, 0.0620921291410923, 0.013496080413460732, 0.0048337760381400585, -0.12851391732692719, 0.08175942301750183, -0.075415700674057, -0.023768113926053047, -0.03884361684322357, 0.029684074223041534, 0.04703223332762718, -0.10400569438934326, -0.17986558377742767, 0.01894020475447178, -0.0572810024023056, 0.060695234686136246, -0.05889514833688736, 0.024816084653139114, -0.0050809080712497234, 0.016136104241013527, -0.0892268642783165, 0.04754883050918579, -0.0561215840280056, 0.08355435729026794, -0.08379006385803223, 0.0883062481880188, 0.049676619470119476, 0.08284058421850204, -0.06707482039928436, -0.07163065671920776, 0.02355041727423668, -0.01658485271036625, 0.04839032143354416, -0.01009727455675602, -0.03069891408085823, 0.05300953984260559, -0.08189366012811661, 0.05629827082157135, 0.032496172934770584, 8.633037214167416e-05, 0.07874535024166107, 0.06447313725948334, -0.040978219360113144, -0.015892118215560913, 0.11754453927278519, 0.05059745907783508, 0.03958617523312569, 0.060122404247522354, 0.03913019225001335, -0.01275462657213211, -0.07729687541723251, 0.11663557589054108, -0.10687267780303955, -0.04455344006419182, 0.02256731502711773, -0.09488678723573685, 0.08271518349647522, -0.10552579164505005, -0.17000150680541992, 0.046461671590805054, -0.049856796860694885, 0.011007674038410187, -0.09180796146392822, -0.016397852450609207, -0.0367685928940773], "bias": 0.03818322345614433}