{"layer": "fc2", "index": 6, "weights": [0.0212265532463789, 0.09473811089992523, 0.002554303966462612, 0.012883669696748257, 0.037975605577230453, -0.05557742714881897, -0.06474609673023224, -0.11392200738191605, -0.018121469765901566, 0.032828498631715775, 0.009159693494439125, -0.12955410778522491, 0.055714938789606094, -0.1306542009115219, -0.06111703813076019, -0.1494557410478592, 0.080604188144207, -0.06432536989450455, -0.14111889898777008, 0.06099667772650719, 0.07534412294626236, 0.03813398256897926, -0.010029320605099201, 0.07934322208166122, 0.01770002394914627, -0.12291734665632248, -0.08833520114421844, 0.03494655713438988, -0.00180837232619524, -0.07399266958236694, 0.028924886137247086, 0.04553239420056343, 0.06890630722045898, -0.1454332172870636, 0.12184471637010574, -0.07976104319095612, 0.028977546840906143, 0.023561935871839523, 0.014339885674417019, 0.07309538125991821, 0.07505536079406738, 0.01030748337507248, 0.0040244460105896, 0.01242770068347454, -0.11129196733236313, 0.059368234127759933, -0.003924984950572252, 0.04686181619763374, 0.0134264612570405, -0.15369755029678345, -0.03631088510155678, -0.01721169613301754, 0.03559660539031029, 0.08404554426670074, -0.16977903246879578, -0.059219732880592346, 0.034462932497262955, 0.10907669365406036, 0.07793553918600082, -0.0752008855342865, 0.05235051363706589, 0.05245468020439148, -0.04136987403035164, 0.09580512344837189, -0.082890085875988, -0.07520026713609695, -0.04105924442410469, -0.1674969643354416, 0.026718512177467346, 0.039515115320682526, -0.08557409048080444, -0.09320133179426193, 0.03684171661734581, -0.026500457897782326, -0.060944028198719025, -0.07528315484523773, -0.09398505836725235, -0.0485413484275341, -0.028538662940263748, 0.04877723380923271, 0.02559152990579605, -0.0334346778690815, -0.07173500955104828, 0.08760472387075424, 0.04112944379448891, -0.052683740854263306, 0.01555248349905014, -0.18100601434707642, -0.008103095926344395, -0.03619996830821037, 0.08395319432020187, -0.0925220474600792, -0.14888940751552582, 0.03750976547598839, 0.05840136483311653, -0.025123286992311478, -0.05860751494765282, 0.09192463755607605, 0.1017596572637558, 0.02665548026561737, 0.07234619557857513, -0.014405672438442707, 0.06520188599824905, -0.09968673437833786, 0.09944985061883926, 0.12239722162485123, 0.02646695263683796, -0.1144939512014389, -0.06448134779930115, 0.012429475784301758, -0.028384141623973846, 0.05521204695105553, -0.10317147523164749, 0.02176715061068535, 0.11222664266824722, -0.01160811260342598, 0.0270837415009737, 0.04911564290523529, -0.009197697974741459, 0.0074557350017130375, -0.0398920513689518, -0.17793723940849304, -0.1548631638288498, -0.18684417009353638, -0.06203959882259369, -0.1835162341594696, -0.021297601982951164, -0.08253933489322662], "bias": -0.062044695019721985}